MasterFile,CollisionDate,CollisionTime,RoadwayName,ParkingLotIndicator,Milepoint,NumberInjured,NumberKilled,ofUnits,ofMotorVehicleUnits,Hit&RunIndicator,OneWayIndicator,SpeedLimitNumber,CountyCode,CityCountyCode,InCityLimitsIndicator,Latitude,Longitude,MannerofCollisionCode,LocationFirstEventCode,RoadwayCharacterCode,RoadwaySurfaceCode,RoadwayConditionCode,WeatherCode,LightConditionCode,LandUseCode,SchoolBusRelatedCode,FirstAidSceneIndicator,PropertyDamageIndicator,RT_UNIQUE,YR,KABCO,WorkingRID,KTC_RT,KTC_MP,Motorcyclist,Commercial Vehicle,Young Driver,Mature Driver,Pedestrian,Bicyclist,Distracted,Aggressive,Impaired,Unrestrained,Intersection,Roadway Departure,Median Cross-over,CityCrash,DACid,Int_Crash,Seg_Crash,Int_ID
72405360,20190903,1853,RENEE,N,0.022,0,0,2,2,N,N,15,98,9801,Y,37.47762,-82.5378,8,97,6,2,1,2,2,6,3,N,N,,2019,O,098-CS-1242  -000,098-CS-1242  -000,0.022,0,0,1,0,0,0,1,0,0,0,0,0,0,1,DAC,0,1,
72315866,20190206,1143,ZIEGLER,N,0.002,2,0,3,3,N,N,55,98,9801,Y,37.5374,-82.60506,5,3,6,1,1,2,2,1,3,Y,N,098-CR-1408-0,2019,C,098-CR-1408  -000,098-CR-1408  -000,0.002,0,0,0,0,0,0,0,0,0,0,0,1,0,1,Non-DAC,1,0,195-0615
72300570,20190108,1854,CHLOE,N,5.017,0,0,1,1,N,N,35,98,9801,Y,37.47749,-82.51537,9,3,6,1,5,3,4,7,3,N,N,,2019,O,098-KY-1460  -000,098-KY-1460  -000,5.017,0,0,0,0,0,0,0,0,0,0,0,1,0,1,Non-DAC,0,1,
72327069,20190314,1927,NORTH MAYO,N,,0,0,2,2,N,N,55,98,9801,Y,37.50318,-82.53209,5,3,6,1,1,3,2,1,3,N,N,,2019,O,098-US-0023  -000,098-US-0023  -000,26.25,0,0,0,0,0,0,1,0,0,0,0,0,0,1,Non-DAC,1,0,195-0861
72431429,20191105,500,US23,N,30.859,0,0,1,1,N,N,55,98,9801,Y,37.54115,-82.59135,9,3,6,1,1,3,6,7,3,N,N,098-US-0023-10,2019,O,098-US-0023  -010,098-US-0023  -000,30.859,0,1,0,0,0,0,0,0,0,0,0,1,0,1,Non-DAC,0,1,
72386664,20190730,103,HAROLDS BRANCH,N,0.092,0,0,2,2,N,N,15,98,9801,Y,37.47164,-82.52198,2,3,6,2,1,2,2,1,3,N,N,098-CS-1223-0,2019,O,098-CS-1223  -000,098-CS-1223  -000,0.092,0,0,0,1,0,0,1,0,0,0,0,0,0,1,Non-DAC,0,1,
72327537,20190312,543,US23,N,26.289,0,0,2,2,N,N,55,98,9801,Y,37.50374,-82.53216,1,3,6,1,1,2,5,7,3,N,N,098-US-0023-0,2019,O,098-US-0023  -000,098-US-0023  -000,26.289,0,0,0,0,0,0,0,0,0,0,0,0,0,1,Non-DAC,0,1,
72424372,20191022,804,HAMBLEY,N,,0,0,3,3,N,N,35,98,9801,Y,37.47379,-82.52811,5,3,4,1,5,6,2,7,3,N,N,,2019,O,098-CS-1222  -000,098-CS-1222  -000,0,0,0,0,0,0,0,1,1,0,0,0,0,0,1,DAC,1,0,195-1167
72359609,20190521,1611,HAMBLEY,N,0.095,0,0,2,2,N,N,15,98,9801,Y,37.47449,-82.52568,6,97,6,1,1,2,2,1,3,N,N,098-CS-1222-0,2019,O,098-CS-1222  -000,098-CS-1222  -000,0.095,0,0,0,0,0,0,1,0,0,0,0,0,0,1,DAC,0,1,
72433902,20191104,1159,US23,N,26.295,0,0,2,2,N,N,55,98,9801,Y,37.5038,-82.53237,5,3,6,1,1,2,2,7,3,N,N,098-US-0023-10,2019,O,098-US-0023  -010,098-US-0023  -000,26.295,0,0,0,0,0,0,1,0,0,0,0,0,0,1,Non-DAC,0,1,
72340682,20190412,1229,US23,N,26.235,0,0,2,2,N,N,55,98,9801,Y,37.50298,-82.53232,5,3,6,1,5,6,2,7,3,N,N,,2019,O,098-US-0023  -010,098-US-0023  -000,26.235,0,0,0,0,0,0,1,0,0,0,0,0,0,1,Non-DAC,1,0,195-0861
72337974,20190405,653,US23 TURN LANE,N,0.032,0,0,1,1,N,N,55,98,9801,Y,37.50337,-82.53233,9,3,6,1,5,3,1,1,3,N,N,098-US-0023-21,2019,O,098-US-0023  -021,098-US-0023  -021,0.032,0,0,0,0,0,0,0,0,0,0,0,1,0,1,Non-DAC,1,0,195-0861
72320680,20190220,1503,BAIRDE AVE TURN LANE,N,,0,0,2,2,N,N,35,98,9801,Y,37.47393,-82.52711,5,3,3,1,5,6,2,6,3,N,N,,2019,O,098-KY-1426  -026,098-KY-1426  -026,0.022,0,0,0,0,0,0,1,0,0,0,0,0,0,1,DAC,1,0,195-1167
72373070,20190623,1811,CEDAR HILLS,N,4.545,0,0,1,1,N,N,35,98,9801,Y,37.46201,-82.52869,9,97,3,1,1,2,2,7,3,Y,N,098-KY-1426-0,2019,O,098-KY-1426  -000,098-KY-1426  -000,4.545,0,0,0,0,0,0,0,0,1,1,0,1,0,1,Non-DAC,0,1,
72421372,20191016,810,US119,N,,0,0,2,2,N,N,55,98,9801,Y,37.50385,-82.53178,5,3,6,1,5,6,1,1,3,N,N,,2019,O,098-US-0119  -010,098-US-0119  -000,0.014,0,0,0,0,0,0,1,0,0,0,0,0,0,1,Non-DAC,1,0,195-0861
72414942,20190928,920,US23,N,21.483,0,0,2,2,N,N,55,98,9801,Y,37.45161,-82.52359,5,3,6,1,1,2,2,7,3,Y,N,,2019,O,098-US-0023  -010,098-US-0023  -000,21.483,0,0,0,0,0,0,1,0,0,1,0,0,0,1,Non-DAC,1,0,195-1274
72345921,20190423,1726,US23,N,32.006,1,0,2,2,N,N,55,98,9801,Y,37.5376,-82.60894,1,3,6,1,1,2,2,1,3,N,N,,2019,C,098-US-0023  -000,098-US-0023  -000,32.006,1,0,0,0,0,0,1,1,0,0,0,0,0,1,Non-DAC,0,1,
72394258,20190815,2058,CASSIDY,N,0.031,0,0,2,2,N,N,25,98,9801,Y,37.5037,-82.53275,1,3,6,1,1,2,5,7,3,N,N,098-CS-1191-0,2019,O,098-CS-1191  -000,098-CS-1191  -000,0.031,0,0,0,1,0,0,0,0,0,0,0,0,0,1,Non-DAC,1,0,195-0861
72316414,20190215,1217,CASSIDY,N,0.164,0,0,2,2,N,N,25,98,9801,Y,37.50371,-82.53471,1,3,3,1,1,2,2,1,3,N,N,098-CS-1191-0,2019,O,098-CS-1191  -000,098-CS-1191  -000,0.164,0,0,0,1,0,0,0,1,0,0,0,0,0,1,Non-DAC,0,1,
72353961,20190506,1552,CASSIDY,N,0.033,0,0,2,2,N,N,55,98,9801,Y,37.50371,-82.53271,1,3,6,1,1,2,2,7,3,N,N,,2019,O,098-CS-1191  -000,098-CS-1191  -000,0.033,0,0,1,0,0,0,0,1,0,0,0,0,0,1,Non-DAC,1,0,195-0861
72446381,20191204,1645,DIVISION,N,0.176,0,0,2,2,N,N,15,98,9801,Y,37.47895,-82.51652,2,97,6,2,1,2,2,5,3,N,N,098-CS-1130-0,2019,O,098-CS-1130  -000,098-CS-1130  -000,0.176,0,0,0,0,0,0,1,0,0,0,0,0,0,1,DAC,0,1,
72425288,20191018,1947,KY1426,N,,0,0,2,2,N,N,55,98,9801,Y,37.47379,-82.52819,8,3,3,1,1,2,5,1,3,N,N,098-KY-1426-0,2019,O,098-KY-1426  -000,098-KY-1426  -000,5.303,0,0,0,0,0,0,0,0,1,0,0,1,0,1,DAC,1,0,195-1167
72419159,20191008,810,KY3496,N,0.089,0,0,2,2,N,N,35,98,9801,Y,37.46592,-82.52934,1,3,6,1,5,6,2,1,3,N,N,098-KY-3496-0,2019,O,098-KY-3496  -000,098-KY-3496  -000,0.089,0,0,0,0,0,0,1,0,0,0,0,0,0,1,DAC,0,1,
72369962,20190621,1912,WILLIAMS HOLLOW,N,0.269,0,0,1,1,N,N,15,98,9801,Y,37.49183,-82.48956,9,3,3,1,1,2,2,6,3,N,N,098-CS-1085-0,2019,O,098-CS-1085  -000,098-CS-1085  -000,0.269,0,0,0,0,0,0,0,0,1,1,0,1,0,1,Non-DAC,0,1,
72348215,20190503,1139,KY1426,N,8.521,1,0,1,1,N,N,45,98,9801,Y,37.49869,-82.49068,9,4,4,1,1,2,2,7,3,Y,N,,2019,B,098-KY-1426  -000,098-KY-1426  -000,8.521,0,0,0,0,0,0,1,0,0,1,0,1,0,1,Non-DAC,0,1,
72340680,20190409,1656,US23,N,23.05,0,0,3,3,N,N,55,98,9801,Y,37.46579,-82.5279,5,3,6,1,1,2,2,1,3,N,N,,2019,O,098-US-0023  -000,098-US-0023  -000,23.05,0,0,0,0,0,0,1,0,0,0,0,0,0,1,DAC,0,1,
72315980,20190214,1240,CASSIDY,N,,0,0,2,2,N,N,15,98,9801,Y,37.50687,-82.53928,2,3,6,2,1,3,2,1,3,N,N,,2019,O,098-CS-1191  -000,098-CS-1191  -000,0.366,0,0,0,1,0,0,1,0,0,0,0,0,0,1,Non-DAC,0,1,
72336272,20190404,447,US23,N,22.974,1,0,2,2,N,N,55,98,9801,Y,37.46552,-82.52656,5,3,6,1,1,2,2,7,3,Y,N,,2019,C,098-US-0023  -000,098-US-0023  -000,22.974,0,0,0,1,0,0,1,0,0,0,0,0,0,1,DAC,0,1,
72367236,20190615,1831,KY3496,N,0.464,0,0,2,2,N,N,35,98,9801,Y,37.46961,-82.53385,5,3,3,1,1,2,2,7,3,N,N,098-KY-3496-0,2019,O,098-KY-3496  -000,098-KY-3496  -000,0.464,0,0,1,0,0,0,0,0,0,0,0,0,0,1,DAC,0,1,
72690832,20211026,2350,CHLOE,N,3.896,1,0,1,1,N,N,35,98,9801,Y,37.47702,-82.49495,9,6,6,1,1,3,6,7,3,N,N,098-KY-1460-0,2021,C,098-KY-1460  -000,098-KY-1460  -000,3.896,0,0,0,0,0,0,0,0,0,0,0,1,0,1,Non-DAC,0,1,
72344346,20190420,1226,US23,N,29.475,0,0,2,2,N,N,45,98,9807,Y,37.52971,-82.57605,1,3,6,1,5,3,2,7,3,N,N,098-US-0023-0,2019,O,098-US-0023  -000,098-US-0023  -000,29.475,0,0,0,0,0,0,0,1,0,0,0,0,0,1,Non-DAC,0,1,
72424518,20191016,2009,US23,N,25.718,0,0,1,1,N,N,55,98,9801,Y,37.49567,-82.53133,9,3,6,1,1,2,6,7,3,N,N,,2019,O,098-US-0023  -010,098-US-0023  -000,25.718,0,0,0,0,0,0,0,0,0,0,0,0,0,1,Non-DAC,0,1,
72465177,20200117,806,BAIRD AVENUE,N,,0,0,2,2,N,N,15,98,9801,Y,37.47322,-82.5271,1,3,6,1,1,2,2,7,3,N,N,,2020,O,098-KY-1426  -000,098-KY-1426  -000,5.398,0,0,0,1,0,0,1,0,0,0,0,0,0,1,DAC,1,0,195-1174
72419871,20191012,1830,BYPASS,N,6.258,0,0,2,2,N,N,35,98,9801,Y,37.47844,-82.51556,8,2,6,1,1,2,2,1,3,N,N,,2019,O,098-KY-1426  -000,098-KY-1426  -000,6.258,0,0,0,0,0,0,1,1,0,0,0,1,0,1,DAC,0,1,
72855083,20230112,1515,TIGER WAY,N,,0,0,2,2,N,N,15,98,9801,N,37.51468,-82.50207,5,3,1,1,5,6,2,8,3,N,N,,2023,O,098-US-0119  -010,098-US-0119  -000,1.81,0,0,0,0,0,0,0,1,0,0,0,0,0,1,Non-DAC,0,1,
72310110,20190130,2220,US23,N,27.369,0,0,2,2,N,N,55,98,9801,Y,37.51078,-82.54865,1,3,6,1,1,2,6,7,3,N,N,,2019,O,098-US-0023  -010,098-US-0023  -000,27.369,0,0,1,0,0,0,1,1,0,0,0,0,0,1,Non-DAC,1,0,195-0811
72461101,20200108,1917,MAYO,N,20.973,0,0,1,1,N,N,55,98,9801,Y,37.4446,-82.52547,9,3,6,1,1,2,6,1,3,N,N,,2020,O,098-US-0023  -010,098-US-0023  -000,20.973,0,0,0,0,0,0,0,0,0,0,0,0,0,1,Non-DAC,0,1,
72312288,20190205,1758,JULIUS,N,0.103,0,0,2,2,N,N,15,98,9801,Y,37.47761,-82.52332,3,3,1,1,1,2,2,6,3,N,N,,2019,O,098-CS-1156  -000,098-CS-1156  -000,0.103,0,0,0,0,0,0,0,0,0,0,0,1,0,1,DAC,0,1,
72319106,20190215,822,KY1426,N,6.883,4,0,2,2,N,N,45,98,9801,Y,37.48581,-82.50965,5,3,6,1,1,2,2,7,3,Y,N,,2019,C,098-KY-1426  -000,098-KY-1426  -000,6.883,0,0,0,0,0,0,1,0,0,0,0,0,0,1,Non-DAC,0,1,
72370750,20190622,5,2ND,N,0.137,0,0,2,2,N,Y,15,98,9801,Y,37.48183,-82.5169,1,3,6,1,1,2,5,6,3,N,N,,2019,O,098-CS-1117  -000,098-CS-1117  -000,0.137,0,0,0,0,0,0,1,1,0,0,1,0,0,1,DAC,1,0,195-1063
72362543,20190605,848,KY1426,N,8.143,0,0,1,1,N,N,45,98,9801,Y,37.49332,-82.4911,9,3,1,1,5,3,2,1,3,N,Y,,2019,O,098-KY-1426  -000,098-KY-1426  -000,8.143,0,0,0,0,0,0,0,0,0,0,0,1,0,1,Non-DAC,0,1,
72422115,20191017,824,US23,N,27.331,0,0,2,2,N,N,55,98,9801,Y,37.51062,-82.548,1,3,6,1,1,2,2,7,3,N,N,098-US-0023-0,2019,O,098-US-0023  -000,098-US-0023  -000,27.331,0,0,0,1,0,0,0,0,0,0,0,0,0,1,Non-DAC,1,0,195-0812
72342718,20190419,2041,HAMBLEY,N,1.14,0,0,2,2,Y,N,35,98,9801,Y,37.48521,-82.52412,2,3,6,1,1,3,5,7,3,N,N,098-CS-1222-0,2019,O,098-CS-1222  -000,098-CS-1222  -000,1.14,0,0,1,0,0,0,0,0,1,0,0,0,0,1,DAC,0,1,
72430921,20191102,2330,US23 TURN LANE,N,0.015,0,0,2,2,N,N,55,98,9801,Y,37.50371,-82.53236,5,3,6,1,1,2,5,1,3,N,N,,2019,O,098-US-0023  -020,098-US-0023  -020,0.015,0,0,0,0,0,0,1,0,0,0,0,0,0,1,Non-DAC,1,0,195-0861
72357716,20190511,1324,US23,N,29.474,0,0,2,2,N,N,45,98,9807,Y,37.52966,-82.57579,5,3,6,1,5,3,2,7,3,N,N,098-US-0023-0,2019,O,098-US-0023  -000,098-US-0023  -000,29.474,0,0,1,0,0,0,1,0,0,0,0,0,0,1,Non-DAC,0,1,
72340551,20190417,1542,US23,N,26.318,0,0,2,2,N,N,55,98,9801,Y,37.50415,-82.53242,5,3,6,1,1,2,2,1,3,N,N,,2019,O,098-US-0023  -010,098-US-0023  -000,26.318,0,0,0,0,0,0,1,0,0,0,1,0,0,1,Non-DAC,0,1,
72316736,20190214,1028,US23,N,24.816,0,0,2,2,N,N,55,98,9801,Y,37.48603,-82.54214,8,3,6,1,1,2,2,7,3,N,N,,2019,O,098-US-0023  -000,098-US-0023  -000,24.816,0,0,0,0,0,0,1,0,0,0,0,1,0,1,Non-DAC,0,1,
72321824,20190301,1214,BYPASS,N,5.526,0,0,2,2,N,N,45,98,9801,Y,37.47234,-82.5258,1,3,6,1,5,6,2,7,3,N,N,,2019,O,098-KY-1426  -000,098-KY-1426  -000,5.526,0,0,0,0,0,0,1,0,0,0,0,0,0,1,DAC,0,1,
72339462,20190411,1159,KY3496,N,0.01,0,0,2,1,N,N,35,98,9801,Y,37.46583,-82.52814,5,3,6,1,1,2,2,7,3,N,N,,2019,O,098-KY-3496  -000,098-KY-3496  -000,0.01,0,0,0,0,0,0,1,1,0,0,1,0,0,1,DAC,1,0,195-1219
72407702,20190913,755,HAMBLEY,N,0.396,0,0,2,2,N,N,45,98,9801,Y,37.47725,-82.52155,7,3,6,1,1,2,2,1,3,N,N,098-CS-1222-0,2019,O,098-CS-1222  -000,098-CS-1222  -000,0.396,0,0,0,0,0,0,1,0,0,0,0,1,0,1,DAC,1,0,195-1126
72378493,20190711,1254,4TH,N,0.089,0,0,2,2,N,N,15,98,9801,Y,37.48367,-82.51833,7,3,6,1,1,2,2,7,3,N,N,098-CS-1133-0,2019,O,098-CS-1133  -000,098-CS-1133  -000,0.089,0,0,0,1,0,0,0,0,0,0,0,1,0,1,DAC,1,0,195-1001
72355932,20190519,1923,BYPASS,N,5.709,0,0,1,1,N,N,45,98,9801,Y,37.48703,-82.52301,9,3,3,1,1,2,2,1,3,N,N,,2019,O,098-KY-1460  -000,098-KY-1460  -000,5.709,0,0,0,0,0,0,1,0,0,0,0,1,0,1,DAC,0,1,
72330947,20190325,646,US23,N,31.663,0,0,1,1,N,N,55,98,9801,Y,37.53714,-82.6027,9,3,6,1,1,3,6,1,3,N,N,098-US-0023-0,2019,O,098-US-0023  -000,098-US-0023  -000,31.663,0,0,0,0,0,0,0,0,0,0,0,0,0,1,Non-DAC,0,1,
72306263,20190117,1754,US460,N,0.163,2,0,2,2,Y,N,55,98,9801,Y,37.43983,-82.50893,8,3,6,1,5,3,5,7,3,N,N,098-US-0460-0,2019,C,098-US-0460  -000,098-US-0460  -000,0.163,0,0,0,0,0,0,0,1,1,0,0,1,0,1,Non-DAC,0,1,
72364392,20190603,948,BYPASS,N,6.44,0,0,2,2,N,N,35,98,9801,Y,37.48087,-82.51441,5,3,6,1,1,2,2,1,3,N,N,,2019,O,098-KY-1426  -000,098-KY-1426  -000,6.44,0,0,0,0,0,0,0,0,0,0,0,0,0,1,DAC,0,1,
72424252,20191021,1520,BYPASS,N,5.718,0,0,2,2,N,N,35,98,9801,Y,37.47293,-82.52238,1,3,6,1,1,2,2,1,3,N,N,098-KY-1426-0,2019,O,098-KY-1426  -000,098-KY-1426  -000,5.718,0,0,0,0,0,0,0,0,0,0,0,0,0,1,DAC,1,0,195-1178
72372216,20190613,1547,CHLOE,N,3.438,0,0,2,1,Y,N,45,98,9801,Y,37.47523,-82.4876,8,3,6,1,1,2,2,7,1,N,N,,2019,O,098-KY-1460  -000,098-KY-1460  -000,3.438,0,0,1,0,0,0,0,0,0,0,0,1,0,1,Non-DAC,0,1,
72374104,20190627,2229,CASSIDY,N,0.069,0,0,1,1,N,N,35,98,9801,Y,37.50365,-82.53326,9,3,6,1,1,2,4,1,3,N,N,098-CS-1191-0,2019,O,098-CS-1191  -000,098-CS-1191  -000,0.069,0,0,0,0,0,0,0,0,0,0,0,0,0,1,Non-DAC,0,1,
72355037,20190518,2257,BILLUPS,N,0.443,0,0,2,2,N,N,25,98,9801,Y,37.50613,-82.55281,1,3,4,1,1,2,6,6,3,N,N,098-CS-1221-0,2019,O,098-CS-1221  -000,098-CS-1221  -000,0.443,0,0,1,0,0,0,0,0,0,0,0,0,0,1,Non-DAC,0,1,
72423841,20191015,957,US23,N,26.257,0,0,1,1,N,N,55,98,9801,Y,37.50329,-82.53231,9,3,3,1,1,3,2,7,3,N,Y,098-US-0023-10,2019,O,098-US-0023  -010,098-US-0023  -000,26.257,0,1,0,0,0,0,0,0,0,0,0,1,0,1,Non-DAC,1,0,195-0861
72378948,20190712,929,US23,N,22.947,1,0,2,2,N,N,55,98,9801,Y,37.46539,-82.52607,1,3,6,1,1,2,2,1,3,N,N,098-US-0023-10,2019,B,098-US-0023  -010,098-US-0023  -000,22.947,0,0,0,0,0,0,0,0,0,0,0,0,0,1,DAC,0,1,
72385507,20190728,2048,CASSIDY,N,0.315,0,0,2,2,N,N,25,98,9801,Y,37.50522,-82.53714,5,3,6,1,1,2,3,1,3,N,N,098-CS-1191-0,2019,O,098-CS-1191  -000,098-CS-1191  -000,0.315,0,0,0,0,0,0,1,0,0,0,0,0,0,1,Non-DAC,0,1,
72452709,20191217,1033,US23,N,27.336,1,0,2,2,N,N,55,98,9801,Y,37.51069,-82.54808,1,3,6,1,5,6,2,1,3,Y,N,098-US-0023-0,2019,C,098-US-0023  -000,098-US-0023  -000,27.336,0,0,0,0,0,0,0,1,0,0,0,0,0,1,Non-DAC,1,0,195-0812
72438609,20191113,1327,HAMBLEY,N,0.661,0,0,2,2,N,N,25,98,9801,Y,37.48057,-82.519,1,3,6,1,1,2,2,1,3,N,N,098-CS-1222-0,2019,O,098-CS-1222  -000,098-CS-1222  -000,0.661,0,1,0,0,0,0,1,1,0,0,0,0,0,1,DAC,1,0,195-1079
72329057,20190320,1206,US23,N,21.062,0,0,2,2,N,N,55,98,9801,Y,37.44589,-82.52592,5,3,3,1,1,2,2,7,3,N,N,098-US-0023-0,2019,O,098-US-0023  -000,098-US-0023  -000,21.062,0,0,0,0,0,0,1,0,0,0,0,0,0,1,Non-DAC,1,0,195-1289
72317069,20190216,1120,MAYO,N,31.798,3,0,2,2,N,N,55,98,9801,Y,37.5374,-82.60514,1,3,6,1,5,3,2,7,3,Y,N,098-US-0023-0,2019,C,098-US-0023  -000,098-US-0023  -000,31.798,0,0,0,0,0,0,1,0,0,0,0,0,0,1,Non-DAC,0,1,
72317769,20190212,1216,US23,N,27.459,0,0,2,2,Y,N,55,98,9807,Y,37.51118,-82.55022,5,3,6,1,5,6,2,7,3,N,N,,2019,O,098-US-0023  -010,098-US-0023  -000,27.459,0,0,0,0,0,0,0,0,0,0,0,0,0,1,Non-DAC,1,0,195-0808
72348641,20190430,1539,CASSIDY,N,0.321,0,0,2,2,N,N,25,98,9801,Y,37.506,-82.53778,8,3,6,1,1,2,2,1,3,N,N,,2019,O,098-CS-1191  -000,098-CS-1191  -000,0.321,0,1,0,0,0,0,1,0,0,0,0,1,0,1,Non-DAC,0,1,
72407266,20190913,913,MAYO,N,26.28,0,0,2,2,N,N,55,98,9801,Y,37.50361,-82.53214,5,3,6,1,1,2,5,7,3,N,N,098-US-0023-0,2019,O,098-US-0023  -000,098-US-0023  -000,26.28,0,0,0,1,0,0,1,0,0,0,0,0,0,1,Non-DAC,0,1,
72389181,20190805,1428,US23,N,32.36,0,0,1,1,N,N,55,98,9801,Y,37.53711,-82.61526,9,3,3,1,1,2,2,7,3,N,N,,2019,O,098-US-0023  -010,098-US-0023  -000,32.36,0,0,0,1,0,0,0,0,0,0,0,1,0,1,Non-DAC,0,1,
72329033,20190320,1013,US23,N,20.68,1,0,1,1,N,N,55,98,9801,Y,37.44276,-82.52061,9,5,3,1,1,2,2,1,3,Y,Y,098-US-0023-10,2019,C,098-US-0023  -010,098-US-0023  -000,20.68,0,0,0,0,0,0,0,0,0,0,0,1,0,1,Non-DAC,1,0,195-1301
72300298,20190108,1257,MAIN,N,0.282,0,0,2,2,Y,N,15,98,9801,Y,37.48128,-82.51608,2,3,6,1,1,3,2,1,3,N,N,098-CS-1112-0,2019,O,098-CS-1112  -000,098-CS-1112  -000,0.282,0,0,0,0,0,0,1,0,0,0,0,0,0,1,DAC,1,0,195-1067
72356627,20190523,1456,BYPASS,N,6.558,0,0,2,2,Y,N,45,98,9801,Y,37.48286,-82.5134,5,3,,1,1,2,2,7,3,N,N,098-KY-1426-0,2019,O,098-KY-1426  -000,098-KY-1426  -000,6.558,0,0,1,0,0,0,1,1,0,0,0,0,0,1,DAC,1,0,195-1019
72357394,20190517,1834,US23,N,23.054,0,0,2,2,N,N,55,98,9801,Y,37.4659,-82.52793,5,3,6,1,1,2,2,7,3,N,N,098-US-0023-0,2019,O,098-US-0023  -000,098-US-0023  -000,23.054,0,0,0,0,0,0,1,1,0,1,0,0,0,1,DAC,0,1,
72425421,20191024,1101,US23,N,20.991,0,0,2,2,N,N,55,98,9801,Y,37.44489,-82.52545,8,3,3,1,1,2,2,7,3,N,N,098-US-0023-0,2019,O,098-US-0023  -000,098-US-0023  -000,20.991,0,0,0,1,0,0,1,0,0,0,0,1,0,1,Non-DAC,0,1,
72378214,20190710,240,CHLOE,N,4.334,0,0,1,1,N,N,45,98,9801,Y,37.47701,-82.50252,9,3,3,1,1,2,2,7,3,N,N,,2019,O,098-KY-1460  -000,098-KY-1460  -000,4.334,0,0,0,0,0,0,1,0,0,1,0,1,0,1,Non-DAC,0,1,
72513188,20200615,1134,MAYO,N,20.489,3,0,2,2,N,N,55,98,9801,Y,37.4435,-82.51866,1,3,6,1,1,3,2,2,3,Y,N,,2020,A,098-US-0023  -010,098-US-0023  -000,20.489,0,0,0,1,0,0,1,1,0,0,0,0,1,1,Non-DAC,0,1,
72420733,20191009,1650,MAY HOLLOW,N,,0,0,2,2,N,N,45,98,9801,Y,37.49039,-82.50096,1,3,6,1,1,2,2,7,3,N,N,,2019,O,098-CS-1080  -000,098-CS-1080  -000,0,0,0,0,1,0,0,1,1,0,0,1,0,0,1,Non-DAC,1,0,195-0930
72317748,20190218,1334,US23,N,31.531,0,0,2,2,N,N,55,98,9801,Y,37.53678,-82.60033,5,3,6,1,1,2,2,7,3,N,N,098-US-0023-0,2019,O,098-US-0023  -000,098-US-0023  -000,31.531,0,0,0,0,0,0,0,1,0,0,0,0,0,1,Non-DAC,0,1,
72311800,20190204,1916,US23,N,26.338,0,0,2,2,N,N,55,98,9801,Y,37.50444,-82.53233,5,3,6,1,5,6,5,1,3,N,N,,2019,O,098-US-0023  -010,098-US-0023  -000,26.338,0,0,0,0,0,0,0,0,0,0,0,0,0,1,Non-DAC,0,1,
72378014,20190710,1430,STEEL,N,0.001,0,0,2,2,N,N,15,98,9801,Y,37.4827,-82.53113,7,3,6,1,1,2,2,7,3,N,N,098-CS-1147-0,2019,O,098-CS-1147  -000,098-CS-1147  -000,0.001,0,0,1,0,0,0,0,0,0,0,0,1,0,1,DAC,1,0,195-1043
72300341,20190102,2031,NARROWS,N,0.072,0,0,1,1,Y,N,15,98,9801,Y,37.46365,-82.52708,9,97,6,1,1,3,6,1,3,N,Y,098-CS-1230-0,2019,O,098-CS-1230  -000,098-CS-1230  -000,0.072,0,0,0,0,0,0,1,0,0,0,0,1,0,1,Non-DAC,0,1,
72373108,20190624,1822,US119,N,0.087,1,0,2,2,N,N,55,98,9801,Y,37.50408,-82.5305,1,3,6,1,5,6,2,7,3,Y,N,,2019,B,098-US-0119  -010,098-US-0119  -000,0.087,0,0,1,0,0,0,0,0,0,0,0,0,1,1,Non-DAC,0,1,
72368284,20190618,1319,KY1426,N,6.922,0,0,2,2,N,N,45,98,9801,Y,37.4862,-82.50913,5,3,5,1,5,6,2,1,3,N,N,098-KY-1426-0,2019,O,098-KY-1426  -000,098-KY-1426  -000,6.922,0,0,0,0,0,0,1,0,0,0,0,0,0,1,Non-DAC,1,0,195-0950
72300564,20190104,1713,US23,N,22.946,0,0,2,2,N,N,55,98,9801,Y,37.46538,-82.52605,5,3,6,1,1,2,3,1,3,N,N,,2019,O,098-US-0023  -010,098-US-0023  -000,22.946,0,0,1,0,0,0,0,1,0,0,0,0,0,1,DAC,0,1,
72546314,20200921,1200,MAIN,N,0.007,0,0,2,2,N,N,20,98,9801,Y,37.4778,-82.51849,2,3,6,1,1,2,2,1,3,N,N,098-CS-1112-0,2020,O,098-CS-1112  -000,098-CS-1112  -000,0.007,0,0,0,0,0,0,0,0,0,0,0,0,0,1,DAC,1,0,195-1117
72334351,20190402,950,US23,N,19.282,0,0,1,1,N,N,55,98,9801,Y,37.44428,-82.5047,9,3,6,1,1,3,2,7,3,N,Y,098-US-0023-0,2019,O,098-US-0023  -000,098-US-0023  -000,19.282,0,0,0,0,0,0,0,0,0,0,0,1,0,1,Non-DAC,0,1,
72381833,20190719,1610,US23,N,31.592,0,0,2,2,N,N,55,98,9801,Y,37.53683,-82.60152,5,3,6,1,1,2,2,7,3,N,N,098-US-0023-0,2019,O,098-US-0023  -000,098-US-0023  -000,31.592,0,0,0,0,0,0,0,0,0,0,0,0,0,1,Non-DAC,1,0,195-0620