MasterFile,CollisionDate,CollisionTime,RoadwayName,ParkingLotIndicator,Milepoint,NumberInjured,NumberKilled,ofUnits,ofMotorVehicleUnits,Hit&RunIndicator,OneWayIndicator,SpeedLimitNumber,CountyCode,CityCountyCode,InCityLimitsIndicator,Latitude,Longitude,MannerofCollisionCode,LocationFirstEventCode,RoadwayCharacterCode,RoadwaySurfaceCode,RoadwayConditionCode,WeatherCode,LightConditionCode,LandUseCode,SchoolBusRelatedCode,FirstAidSceneIndicator,PropertyDamageIndicator,RT_UNIQUE,YR,KABCO,WorkingRID,KTC_RT,KTC_MP,Motorcyclist,Commercial Vehicle,Young Driver,Mature Driver,Pedestrian,Bicyclist,Distracted,Aggressive,Impaired,Unrestrained,Intersection,Roadway Departure,Median Cross-over,CityCrash,DACid,Int_Crash,Seg_Crash,Int_ID
72410055,20190920,1217,OWSLEY,N,6.861,1,0,2,2,N,N,45,98,9801,Y,37.4798,-82.54197,1,3,6,1,1,2,2,7,3,N,N,098-KY-1384-0,2019,B,098-KY-1384  -000,098-KY-1384  -000,6.861,0,0,0,1,0,0,1,0,0,0,0,0,0,1,DAC,1,0,195-1095
72303258,20190114,826,TOWN MOUNTAIN,N,6.686,0,0,2,2,N,N,55,98,9801,Y,37.48394,-82.51234,5,3,6,1,5,3,2,7,3,N,N,098-KY-1426-0,2019,O,098-KY-1426  -000,098-KY-1426  -000,6.686,0,0,0,1,0,0,1,0,0,0,0,0,0,1,Non-DAC,0,1,
72407921,20190916,1703,US23,N,20.763,0,0,2,2,N,N,55,98,9801,Y,37.44294,-82.5222,1,3,3,1,1,2,2,7,3,N,N,,2019,O,098-US-0023  -000,098-US-0023  -000,20.763,0,0,0,1,0,0,1,1,0,0,0,0,0,1,Non-DAC,0,1,
72345983,20190426,1705,MAYO,N,29.466,3,0,3,3,N,N,45,98,9807,Y,37.5298,-82.57584,5,3,6,1,5,3,2,6,3,Y,N,098-US-0023-0,2019,B,098-US-0023  -000,098-US-0023  -000,29.466,0,0,1,0,0,0,1,1,0,1,0,0,0,1,Non-DAC,1,0,195-0676
72360571,20190530,2118,US23,N,26.286,0,0,2,2,N,N,55,98,9801,Y,37.5037,-82.53215,1,3,6,1,1,2,5,7,3,N,N,098-US-0023-0,2019,O,098-US-0023  -000,098-US-0023  -000,26.286,0,0,1,0,0,0,0,0,0,0,0,0,0,1,Non-DAC,0,1,
72425561,20191022,756,KY1460,N,6.749,1,0,1,1,N,N,45,98,9801,Y,37.48375,-82.54026,9,97,6,1,5,6,1,1,3,Y,N,098-KY-1460-0,2019,C,098-KY-1460  -000,098-KY-1460  -000,6.749,0,0,1,0,0,0,0,0,0,0,0,1,0,1,Non-DAC,0,1,
72367043,20190613,1150,US23,N,27.433,0,0,2,2,N,N,55,98,9807,Y,37.5111,-82.54977,5,3,6,1,1,2,2,1,3,N,N,,2019,O,098-US-0023  -010,098-US-0023  -000,27.433,0,0,0,1,0,0,1,1,0,0,0,0,0,1,Non-DAC,0,1,
72404058,20190904,1659,US23,N,27.193,1,0,3,3,N,N,55,98,9801,Y,37.51051,-82.5451,8,3,6,1,1,2,2,7,3,Y,N,098-US-0023-0,2019,C,098-US-0023  -000,098-US-0023  -000,27.193,0,0,0,1,0,0,0,1,0,0,0,1,0,1,Non-DAC,0,1,
72402316,20190903,1829,CASSIDY,N,0.231,0,0,2,2,N,N,25,98,9801,Y,37.50436,-82.53567,4,3,6,1,1,2,2,1,3,N,N,098-CS-1191-0,2019,O,098-CS-1191  -000,098-CS-1191  -000,0.231,0,0,0,1,0,0,1,1,0,0,0,0,0,1,Non-DAC,0,1,
72329459,20190306,1000,RIVER,N,0.06,0,0,2,2,Y,N,15,98,9801,Y,37.47197,-82.52193,2,7,6,1,1,2,2,1,3,N,N,098-CS-1054-0,2019,O,098-CS-1054  -000,098-CS-1054  -000,0.06,0,0,0,0,0,0,1,0,0,0,0,0,0,1,DAC,0,1,
72448565,20191209,1719,US23,N,26.185,0,0,2,2,N,N,55,98,9801,Y,37.50227,-82.53196,5,3,6,1,5,6,4,7,3,N,N,,2019,O,098-US-0023  -000,098-US-0023  -000,26.185,0,0,0,0,0,0,1,0,0,0,0,0,0,1,Non-DAC,1,0,195-0861
72373701,20190628,537,NIGHTINGALE,N,0.079,0,0,2,2,N,N,15,98,9801,Y,37.46647,-82.56292,2,97,6,97,1,2,1,5,3,N,N,098-CS-1047-0,2019,O,098-CS-1047  -000,098-CS-1047  -000,0.079,0,0,0,0,0,0,1,0,0,0,0,0,0,1,Non-DAC,0,1,
72342717,20190413,1913,KY1426,N,5.025,1,0,1,1,N,Y,35,98,9801,Y,37.47295,-82.53348,9,3,3,1,1,2,2,7,3,Y,N,098-KY-1426-0,2019,B,098-KY-1426  -000,098-KY-1426  -000,5.025,1,0,0,0,0,0,0,0,0,0,0,1,0,1,DAC,0,1,
72388165,20190802,1640,CASSIDY,N,0.266,0,0,2,2,N,N,25,98,9801,Y,37.5047,-82.53621,4,3,6,1,1,2,2,7,3,N,N,098-CS-1191-0,2019,O,098-CS-1191  -000,098-CS-1191  -000,0.266,0,0,0,1,0,0,1,1,0,0,0,0,0,1,Non-DAC,0,1,
72452978,20191218,830,BYPASS,N,6.261,0,0,2,2,N,N,55,98,9801,Y,37.47852,-82.51559,5,3,6,1,1,2,2,1,3,N,N,098-KY-1426-0,2019,O,098-KY-1426  -000,098-KY-1426  -000,6.261,0,0,0,0,0,0,1,0,0,0,0,0,0,1,DAC,0,1,
72510323,20200610,1227,KY3496,N,0.011,0,0,2,2,N,N,35,98,9801,Y,37.46581,-82.52814,5,3,6,1,1,2,2,7,3,N,N,,2020,O,098-KY-3496  -000,098-KY-3496  -000,0.011,0,0,0,1,0,0,1,1,0,0,1,0,0,1,DAC,1,0,195-1219
72457844,20191230,740,US23,N,22.593,1,0,2,2,N,N,55,98,9801,Y,37.46449,-82.52002,5,3,6,1,1,2,2,1,3,N,N,,2019,B,098-US-0023  -000,098-US-0023  -000,22.593,0,0,0,0,0,0,1,1,0,0,0,0,0,1,Non-DAC,0,1,
72396624,20190816,1227,CASSIDY,N,0.275,0,0,2,2,N,N,25,98,9801,Y,37.50483,-82.53635,1,3,6,1,1,2,2,7,3,N,N,,2019,O,098-CS-1191  -000,098-CS-1191  -000,0.275,0,0,0,0,0,0,1,0,0,0,0,0,0,1,Non-DAC,0,1,
72332377,20190327,1710,HAMBLEY,N,0.328,0,0,2,2,N,N,25,98,9801,Y,37.47647,-82.52234,5,3,4,1,1,2,2,1,3,N,N,,2019,O,098-CS-1222  -000,098-CS-1222  -000,0.328,0,0,0,0,0,0,0,1,0,0,0,0,0,1,DAC,0,1,
72362383,20190531,850,MAIN,N,0.166,0,0,2,2,Y,Y,15,98,9801,Y,37.47985,-82.51718,8,3,6,1,1,3,2,1,3,N,N,,2019,O,098-CS-1112  -000,098-CS-1112  -000,0.166,0,0,0,0,0,0,1,0,0,0,0,0,0,1,DAC,0,1,
72313451,20190204,1225,BYPASS,N,6.593,3,0,2,2,N,N,55,98,9801,Y,37.48289,-82.51337,1,3,6,1,1,2,2,1,3,Y,N,098-KY-1426-0,2019,B,098-KY-1426  -000,098-KY-1426  -000,6.593,0,0,0,1,0,0,0,1,0,0,0,0,0,1,DAC,1,0,195-1019
72377490,20190709,1155,US23,N,30.196,0,0,2,2,N,N,55,98,9801,Y,37.53951,-82.5812,8,3,6,1,1,2,2,7,3,N,N,,2019,O,098-US-0023  -000,098-US-0023  -000,30.196,0,0,0,0,0,0,1,0,0,0,0,1,0,1,Non-DAC,0,1,
72426772,20191025,2312,PIKE,N,0.024,0,0,2,2,N,N,15,98,9801,Y,37.47995,-82.51594,3,3,1,1,5,2,5,1,3,N,N,,2019,O,098-CS-1113  -000,098-CS-1113  -000,0.024,0,0,1,0,0,0,0,0,0,0,0,1,0,1,DAC,0,1,
72445910,20191204,651,US23,N,21.787,0,0,1,1,N,N,55,98,9801,Y,37.45507,-82.52034,9,3,6,1,1,2,5,7,3,N,N,098-US-0023-0,2019,O,098-US-0023  -000,098-US-0023  -000,21.787,0,0,0,0,0,0,0,0,0,0,0,0,0,1,Non-DAC,0,1,
72314136,20190131,1940,US23,N,26.333,0,0,2,2,N,N,55,98,9801,Y,37.5043,-82.53261,5,3,6,1,1,2,6,7,3,N,N,098-US-0023-10,2019,O,098-US-0023  -010,098-US-0023  -000,26.333,0,0,0,0,0,0,1,1,0,0,0,0,0,1,Non-DAC,0,1,
72315018,20190211,1634,BYPASS,N,5.643,0,0,2,2,N,N,45,98,9801,Y,37.47257,-82.52368,5,3,6,1,5,6,2,7,3,N,N,,2019,O,098-KY-1426  -000,098-KY-1426  -000,5.643,0,0,0,0,0,0,1,1,0,0,1,0,0,1,DAC,1,0,195-1179
72439377,20191120,1129,US119,N,0.036,0,0,2,2,N,N,55,98,9801,Y,37.50393,-82.53138,5,3,6,1,1,2,2,7,3,N,N,098-US-0119-0,2019,O,098-US-0119  -000,098-US-0119  -000,0.036,0,0,0,0,0,0,0,0,0,0,0,0,0,1,Non-DAC,1,0,195-0861
72366370,20190613,1850,BYPASS,N,5.631,0,0,2,2,N,N,45,98,9801,Y,37.47258,-82.5239,5,3,6,1,1,2,2,7,3,N,N,098-KY-1426-0,2019,O,098-KY-1426  -000,098-KY-1426  -000,5.631,0,0,0,0,0,0,1,0,0,0,0,0,0,1,DAC,1,0,195-1179
72898122,20230512,1642,KY1426,N,8.05,0,0,1,1,N,N,55,98,9801,Y,37.49182,-82.49134,9,3,1,1,5,6,2,1,3,N,N,098-KY-1426-0,2023,O,098-KY-1426  -000,098-KY-1426  -000,8.045,0,0,0,0,0,0,0,0,0,0,0,1,0,1,Non-DAC,0,1,
72334352,20190402,1235,MAYO,N,26.313,0,0,2,2,N,N,55,98,9801,Y,37.50408,-82.5324,5,3,6,1,1,3,2,7,3,N,N,098-US-0023-10,2019,O,098-US-0023  -010,098-US-0023  -000,26.313,0,0,0,0,0,0,1,0,0,0,0,0,0,1,Non-DAC,0,1,
72351696,20190511,1225,CASSIDY,N,0.296,0,0,2,2,N,N,25,98,9801,Y,37.50499,-82.53673,1,3,6,1,1,3,2,1,3,N,N,098-CS-1191-0,2019,O,098-CS-1191  -000,098-CS-1191  -000,0.296,0,0,0,1,0,0,0,1,0,0,0,0,0,1,Non-DAC,0,1,
72322085,20190302,1802,THOMPSON,N,0.046,0,0,2,2,N,N,35,98,9801,Y,37.51014,-82.54828,5,3,6,1,5,6,2,7,3,N,N,,2019,O,098-CS-1215  -000,098-CS-1215  -000,0.046,0,0,1,0,0,0,0,0,0,0,0,0,0,1,Non-DAC,1,0,195-0812
72339990,20190416,1202,HAMBLEY,N,1.44,0,0,2,2,N,N,35,98,9801,Y,37.48382,-82.52908,8,3,6,1,1,2,2,6,3,N,N,098-CS-1222-0,2019,O,098-CS-1222  -000,098-CS-1222  -000,1.44,0,0,0,0,0,0,1,0,0,0,0,1,0,1,DAC,1,0,195-1004
72409756,20190918,1204,US23,N,23.534,0,0,1,1,N,N,55,98,9801,Y,37.47045,-82.53371,9,3,6,1,1,2,2,7,3,N,N,098-US-0023-10,2019,O,098-US-0023  -010,098-US-0023  -000,23.534,0,0,0,1,0,0,0,0,0,0,0,1,0,1,DAC,0,1,
72394637,20190817,2100,US460,N,0.322,0,0,2,2,N,N,55,98,9801,Y,37.43819,-82.51058,5,3,6,1,1,2,5,1,3,N,N,098-US-0460-0,2019,O,098-US-0460  -000,098-US-0460  -000,0.322,0,0,1,0,0,0,1,0,0,0,0,0,0,1,Non-DAC,0,1,
72421251,20191015,1603,US23,N,26.252,0,0,2,2,N,N,55,98,9801,Y,37.50321,-82.53209,5,3,6,1,1,2,2,7,3,N,N,,2019,O,098-US-0023  -000,098-US-0023  -000,26.252,0,0,0,0,0,0,0,0,0,0,0,0,0,1,Non-DAC,1,0,195-0861
72299232,20190103,1530,BYPASS,N,5.171,1,0,3,3,N,N,45,98,9801,Y,37.48405,-82.51447,5,3,6,1,1,2,2,7,3,Y,N,,2019,C,098-KY-1460  -000,098-KY-1460  -000,5.171,0,0,0,1,0,0,1,0,0,0,0,0,0,1,DAC,0,1,
72348214,20190503,1723,THOMPSON,N,0.276,0,0,2,2,N,N,35,98,9801,Y,37.50723,-82.54755,5,3,6,1,1,3,2,1,3,N,N,,2019,O,098-CS-1215  -000,098-CS-1215  -000,0.276,0,0,0,0,0,0,1,0,0,0,0,0,0,1,Non-DAC,0,1,
72313296,20190206,2240,MAYO,N,31.753,0,0,1,1,N,N,55,98,9801,Y,37.53734,-82.60432,9,3,6,1,5,6,6,7,3,N,N,,2019,O,098-US-0023  -010,098-US-0023  -000,31.753,0,1,0,0,0,0,0,0,0,0,0,1,0,1,Non-DAC,1,0,195-0615
72322234,20190301,1639,HAMBLEY,N,0.142,1,0,2,2,N,N,25,98,9801,Y,37.47476,-82.52489,1,3,6,1,5,6,2,7,3,Y,N,,2019,C,098-CS-1222  -000,098-CS-1222  -000,0.142,0,1,0,0,0,0,0,0,1,0,0,0,0,1,DAC,1,0,195-1160
72348549,20190504,2051,HAMBLEY,N,0.849,0,0,2,2,Y,N,35,98,9801,Y,37.48307,-82.51961,8,3,6,1,5,6,5,7,3,N,N,098-CS-1222-0,2019,O,098-CS-1222  -000,098-CS-1222  -000,0.849,0,0,0,0,0,0,0,0,0,0,0,1,0,1,DAC,0,1,
72297958,20190102,1011,KY3496,N,0.803,0,0,2,2,N,N,35,98,9801,Y,37.47205,-82.52946,1,3,6,1,1,3,2,1,3,N,N,098-KY-3496-0,2019,O,098-KY-3496  -000,098-KY-3496  -000,0.803,0,0,0,0,0,0,1,0,0,0,0,0,0,1,DAC,1,0,195-1184
72423287,20191017,1721,US23 TURN LANE,N,0.012,0,0,2,2,N,N,55,98,9801,Y,37.50388,-82.53249,5,3,3,1,1,2,2,7,3,N,N,098-US-0023-20,2019,O,098-US-0023  -020,098-US-0023  -020,0.012,0,0,0,0,0,0,1,0,0,0,0,0,0,1,Non-DAC,1,0,195-0861
72448287,20191127,1149,MAYO,N,27.484,0,0,2,2,N,N,55,98,9807,Y,37.51145,-82.55057,8,3,6,1,1,2,2,7,3,N,N,098-US-0023-0,2019,O,098-US-0023  -000,098-US-0023  -000,27.484,0,1,0,0,0,0,1,0,0,0,0,1,0,1,Non-DAC,1,0,195-0808
72297899,20190102,1019,US119,N,2.288,0,0,1,1,N,N,55,98,9801,Y,37.51334,-82.49432,9,3,6,1,1,3,2,7,3,N,N,098-US-0119-10,2019,O,098-US-0119  -010,098-US-0119  -000,2.288,0,0,1,0,0,0,1,0,0,0,0,1,0,1,DAC,0,1,
72357420,20190517,1740,US23,N,21.364,3,0,2,2,N,N,55,98,9801,Y,37.4501,-82.5244,5,3,6,1,1,2,2,7,3,Y,N,098-US-0023-0,2019,A,098-US-0023  -000,098-US-0023  -000,21.364,0,0,0,0,0,0,0,0,0,1,0,1,0,1,Non-DAC,0,1,
72342714,20190422,214,US23,N,20.725,0,0,1,1,N,N,55,98,9801,Y,37.44287,-82.52146,9,3,3,1,1,2,5,7,3,N,N,098-US-0023-0,2019,O,098-US-0023  -000,098-US-0023  -000,20.725,0,0,0,0,0,0,0,0,0,0,0,0,0,1,Non-DAC,0,1,
72414654,20190930,1658,HAMBLEY,N,0.003,1,0,2,2,N,N,35,98,9801,Y,37.47398,-82.52728,4,3,6,1,1,2,2,1,3,Y,N,,2019,B,098-CS-1222  -000,098-CS-1222  -000,0.003,0,0,1,0,0,0,1,1,0,0,0,0,0,1,DAC,1,0,195-1167
72301796,20190105,1545,JULIUS,N,0.028,0,0,2,2,N,N,25,98,9801,Y,37.47658,-82.52283,7,3,4,1,1,2,2,6,3,Y,N,098-CS-1156-0,2019,O,098-CS-1156  -000,098-CS-1156  -000,0.028,0,0,0,1,0,0,0,0,0,0,0,1,0,1,DAC,1,0,195-1139
72383694,20190724,941,BRYAN,N,0.053,0,0,2,2,N,N,15,98,9801,Y,37.4985,-82.53402,2,3,6,1,1,2,2,7,3,N,N,098-CS-1205-0,2019,O,098-CS-1205  -000,098-CS-1205  -000,0.053,0,0,0,1,0,0,0,0,0,0,0,0,0,1,Non-DAC,0,1,
72378496,20190712,557,LORAINE STREET,N,,1,0,1,1,N,N,25,98,9801,Y,37.48375,-82.53481,9,3,6,1,1,2,1,7,3,Y,N,,2019,C,098-KY-1384  -000,098-KY-1384  -000,7.533,0,0,0,0,0,0,0,1,1,0,0,1,0,1,DAC,1,0,195-1009
72360932,20190602,54,KY3218,N,3.193,0,0,1,1,N,N,55,98,9807,Y,37.56139,-82.55721,9,5,1,1,1,2,4,6,3,N,Y,098-KY-3218-0,2019,O,098-KY-3218  -000,098-KY-3218  -000,3.193,0,0,0,0,0,0,0,0,0,0,0,1,0,1,Non-DAC,0,1,
72421873,20191016,1607,CASSIDY,N,0.319,0,0,2,2,N,N,25,98,9801,Y,37.50521,-82.53723,1,3,3,1,1,3,2,7,3,N,N,,2019,O,098-CS-1191  -000,098-CS-1191  -000,0.319,0,0,0,1,0,0,1,0,0,0,0,0,0,1,Non-DAC,0,1,
72362089,20190604,1302,BYPASS,N,5.677,0,0,2,2,N,N,45,98,9801,Y,37.47275,-82.52309,8,7,1,1,1,2,2,1,3,N,N,098-KY-1426-0,2019,O,098-KY-1426  -000,098-KY-1426  -000,5.677,0,0,0,1,0,0,1,0,0,0,0,0,0,1,DAC,0,1,
72347096,20190426,1636,KY1426,N,7.463,0,0,2,2,N,N,45,98,9801,Y,37.49038,-82.50103,5,3,6,1,1,2,2,7,3,N,N,,2019,O,098-KY-1426  -000,098-KY-1426  -000,7.463,0,0,1,0,0,0,1,0,0,0,0,0,0,1,Non-DAC,1,0,195-0930
72307794,20190119,2214,PHYLLIS,N,0.078,0,0,2,2,Y,N,15,98,9801,Y,37.48681,-82.52573,2,3,2,1,1,2,4,6,3,N,N,,2019,O,098-CS-1090  -000,098-CS-1090  -000,0.078,0,0,0,0,0,0,1,0,0,0,0,0,0,1,DAC,0,1,
72367310,20190616,725,BYPASS,N,5.717,0,0,2,2,N,N,35,98,9801,Y,37.47293,-82.52239,1,3,6,1,1,2,2,1,3,N,N,,2019,O,098-KY-1426  -000,098-KY-1426  -000,5.717,0,0,0,0,0,0,0,0,0,0,0,0,0,1,DAC,1,0,195-1178
72320908,20190220,1145,HAMBLEY,N,0.108,0,0,2,2,N,N,35,98,9801,Y,37.4748,-82.5249,8,3,6,1,1,2,2,1,3,N,N,098-CS-1222-0,2019,O,098-CS-1222  -000,098-CS-1222  -000,0.108,0,0,0,0,0,0,0,0,0,0,0,1,0,1,DAC,1,0,195-1160
72354304,20190517,1759,HAMBLEY,N,0.573,0,0,2,2,N,N,25,98,9801,Y,37.47962,-82.51945,5,3,6,1,1,2,2,1,3,N,N,,2019,O,098-CS-1222  -000,098-CS-1222  -000,0.573,0,0,0,0,0,0,1,0,0,0,0,0,0,1,DAC,1,0,195-2107
72308916,20190128,1235,BYPASS,N,5.699,0,0,2,2,N,N,45,98,9801,Y,37.47282,-82.52271,5,3,6,1,1,2,2,7,3,N,N,,2019,O,098-KY-1426  -000,098-KY-1426  -000,5.699,0,0,0,1,0,0,1,0,0,0,1,0,0,1,DAC,1,0,195-1178
72407514,20190914,1022,US23,N,19.135,0,0,2,2,N,N,55,98,9801,Y,37.44232,-82.50577,8,3,6,1,1,2,2,7,3,N,N,,2019,O,098-US-0023  -000,098-US-0023  -000,19.135,0,0,0,0,0,0,1,0,0,0,0,1,0,1,Non-DAC,0,1,
72312884,20190206,924,US23,N,27.394,0,0,2,2,N,N,55,98,9801,Y,37.51103,-82.54903,1,3,6,1,5,3,2,1,3,N,N,098-US-0023-0,2019,O,098-US-0023  -000,098-US-0023  -000,27.394,0,0,0,1,0,0,0,1,0,0,1,0,0,1,Non-DAC,1,0,195-0811
72322147,20190301,1217,NORTH MAYO TRAIL,N,,1,0,3,3,N,N,35,98,9801,Y,37.48691,-82.54237,1,3,6,1,5,6,2,8,3,Y,N,,2019,C,098-KY-3495  -000,098-KY-3495  -000,0.045,0,0,0,0,0,0,0,1,0,0,0,0,0,1,Non-DAC,1,0,195-0952
72466937,20200121,1352,US23,N,26.348,3,0,2,2,N,N,55,98,9801,Y,37.50455,-82.53248,5,3,6,1,1,2,2,1,3,Y,N,098-US-0023-10,2020,C,098-US-0023  -010,098-US-0023  -000,26.348,0,0,0,1,0,0,0,0,0,1,0,0,0,1,Non-DAC,0,1,
72411962,20190925,1719,US23,N,26.283,0,0,2,2,N,N,55,98,9801,Y,37.50364,-82.53235,5,3,6,1,1,2,2,7,3,N,N,098-US-0023-0,2019,O,098-US-0023  -000,098-US-0023  -000,26.283,0,0,0,0,0,0,1,0,0,0,0,0,0,1,Non-DAC,0,1,
72410863,20190922,1254,US23,N,26.587,0,0,2,2,N,N,55,98,9801,Y,37.50756,-82.53458,5,3,5,1,1,2,2,7,3,N,N,,2019,O,098-US-0023  -010,098-US-0023  -000,26.587,0,0,0,0,0,0,0,0,0,0,0,0,0,1,Non-DAC,0,1,
72360570,20190531,2045,US23,N,26.288,0,0,2,2,N,N,55,98,9801,Y,37.50372,-82.53215,2,3,6,1,1,2,2,7,3,N,N,098-US-0023-0,2019,O,098-US-0023  -000,098-US-0023  -000,26.288,0,0,0,1,0,0,1,0,0,0,0,0,0,1,Non-DAC,0,1,
72414936,20191002,1017,HAMBLEY,N,0.567,0,0,2,2,N,N,25,98,9801,Y,37.47926,-82.51977,1,7,6,1,1,2,2,1,3,N,N,098-CS-1222-0,2019,O,098-CS-1222  -000,098-CS-1222  -000,0.567,0,0,1,0,0,0,0,0,0,0,0,0,0,1,DAC,1,0,195-2107
72316732,20190211,1417,US23,N,24.836,1,0,2,2,N,N,55,98,9801,Y,37.48629,-82.54197,5,3,6,1,5,2,2,7,3,Y,N,098-US-0023-0,2019,C,098-US-0023  -000,098-US-0023  -000,24.836,0,0,0,0,0,0,1,0,0,1,0,0,0,1,Non-DAC,0,1,
72383570,20190720,1800,KY3496,N,0.758,0,0,2,2,Y,N,35,98,9801,Y,37.47202,-82.5303,7,3,6,1,1,2,2,7,3,N,N,,2019,O,098-KY-3496  -000,098-KY-3496  -000,0.758,0,0,0,0,0,0,0,0,1,0,0,1,0,1,DAC,0,1,
72342926,20190420,1635,US23,N,27.246,0,0,2,2,N,N,55,98,9801,Y,37.51054,-82.54617,5,3,6,1,5,3,2,7,3,N,N,098-US-0023-0,2019,O,098-US-0023  -000,098-US-0023  -000,27.246,0,0,1,0,0,0,1,0,0,0,0,0,0,1,Non-DAC,0,1,
72460369,20200107,650,US119,N,2.09,0,0,1,1,N,N,55,98,9801,Y,37.51241,-82.49773,9,5,2,1,4,9,4,7,3,N,N,098-US-0119-10,2020,O,098-US-0119  -010,098-US-0119  -000,2.09,0,0,0,0,0,0,0,0,0,0,0,1,0,1,Non-DAC,0,1,
72338331,20190407,231,OWSLEY,N,5.073,0,0,1,1,N,N,35,98,9801,Y,37.48572,-82.56744,9,5,6,1,1,3,2,7,2,N,N,098-KY-1384-0,2019,O,098-KY-1384  -000,098-KY-1384  -000,5.073,0,0,0,1,0,0,0,0,0,0,0,1,0,1,Non-DAC,0,1,
72343999,20190419,1305,KY3496,N,,0,0,2,1,Y,N,35,98,9801,Y,37.47233,-82.52676,1,3,6,1,5,6,2,1,3,N,N,,2019,O,098-KY-1426  -029,098-KY-1426  -029,0.022,0,0,0,0,0,0,0,1,1,1,0,0,0,1,DAC,1,0,195-1180
72385524,20190724,1422,KY1426,N,8.301,0,0,1,1,N,N,45,98,9801,Y,37.49565,-82.49098,9,5,4,1,1,2,2,7,3,N,N,,2019,O,098-KY-1426  -000,098-KY-1426  -000,8.301,0,0,0,0,0,0,0,0,0,0,0,1,0,1,Non-DAC,0,1,
72436204,20191113,1522,KY3496,N,0.887,0,0,2,2,N,N,35,98,9801,Y,37.47208,-82.52792,2,3,6,1,1,3,2,7,3,N,N,,2019,O,098-KY-3496  -000,098-KY-3496  -000,0.887,0,0,0,0,0,0,1,0,0,0,0,0,0,1,DAC,0,1,
72379539,20190708,1419,US23,N,21.448,0,0,2,2,N,N,55,98,9801,Y,37.45111,-82.5237,8,3,6,1,1,2,2,7,3,N,N,,2019,O,098-US-0023  -000,098-US-0023  -000,21.448,0,0,0,1,0,0,1,0,0,0,0,1,0,1,Non-DAC,1,0,195-1275
72333753,20190325,1641,CASSIDY,N,0.325,0,0,2,2,N,N,35,98,9801,Y,37.50522,-82.53735,1,3,3,1,1,3,2,1,3,N,N,,2019,O,098-CS-1191  -000,098-CS-1191  -000,0.325,0,0,0,0,0,0,1,0,0,0,0,0,0,1,Non-DAC,0,1,
72396848,20190820,1612,CEDAR HILLS,N,4.455,1,0,1,1,N,N,35,98,9801,Y,37.46119,-82.52967,9,3,6,1,5,3,2,7,3,Y,N,098-KY-1426-0,2019,C,098-KY-1426  -000,098-KY-1426  -000,4.455,0,0,0,0,0,0,0,0,0,0,0,1,0,1,Non-DAC,0,1,
72333244,20190328,1454,US23,N,26.291,0,0,2,2,N,N,55,98,9801,Y,37.50377,-82.53216,1,3,6,1,1,2,2,7,3,N,N,,2019,O,098-US-0023  -000,098-US-0023  -000,26.291,0,0,0,1,0,0,1,0,0,0,0,0,0,1,Non-DAC,0,1,
72320443,20190220,1217,KY1426 TURN LANE,N,0.021,0,0,2,2,N,N,45,98,9801,Y,37.47239,-82.52701,5,3,3,1,5,6,2,7,3,N,N,,2019,O,098-KY-1426  -025,098-KY-1426  -025,0.021,0,0,0,1,0,0,1,0,0,0,0,0,0,1,DAC,1,0,195-1180
72319228,20190222,1905,RIVER,N,0.027,0,0,1,1,N,N,45,98,9801,Y,37.47351,-82.52186,9,6,6,1,5,6,5,1,3,N,N,,2019,O,098-CS-1054  -000,098-CS-1054  -000,0.027,0,0,0,0,0,0,0,0,0,0,0,1,0,1,DAC,0,1,
72336293,20190404,1842,KY1426,N,6.812,0,0,2,2,N,N,45,98,9801,Y,37.48511,-82.51059,5,3,6,1,5,3,2,1,3,Y,N,,2019,O,098-KY-1426  -000,098-KY-1426  -000,6.812,0,0,1,0,0,0,0,0,0,0,0,0,0,1,Non-DAC,0,1,
72366151,20190606,1741,KY1426,N,6.803,0,0,2,2,N,N,55,98,9801,Y,37.48506,-82.51074,1,3,6,1,5,6,2,1,3,N,N,098-KY-1426-0,2019,O,098-KY-1426  -000,098-KY-1426  -000,6.803,0,0,0,0,0,0,1,0,0,0,0,0,0,1,Non-DAC,0,1,
72448043,20191129,1228,US23,N,32.799,0,0,2,2,N,N,55,98,9801,Y,37.53181,-82.61948,1,3,6,1,1,2,2,1,3,N,N,098-US-0023-0,2019,O,098-US-0023  -000,098-US-0023  -000,32.799,0,0,0,1,0,0,1,0,0,0,0,0,0,1,Non-DAC,1,0,195-0668
72419090,20191003,1513,HUFFMAN,N,0.188,0,0,1,1,N,N,25,98,9801,Y,37.47873,-82.5201,9,97,3,1,1,2,2,1,3,N,Y,098-CS-1123-0,2019,O,098-CS-1123  -000,098-CS-1123  -000,0.188,0,1,0,0,0,0,0,0,0,0,1,0,0,1,DAC,1,0,195-1105
72450844,20191213,459,MAYO,N,30.901,1,0,1,1,N,N,55,98,9801,Y,37.54081,-82.59188,9,3,6,1,5,6,6,7,3,N,N,098-US-0023-0,2019,C,098-US-0023  -000,098-US-0023  -000,30.901,0,0,0,0,0,0,0,0,0,0,0,1,0,1,Non-DAC,0,1,
72322164,20190226,624,CHLOE,N,3.862,2,0,1,1,N,N,35,98,9801,Y,37.47718,-82.49438,9,4,1,1,2,6,4,7,3,Y,N,098-KY-1460-0,2019,B,098-KY-1460  -000,098-KY-1460  -000,3.862,0,0,0,0,0,0,1,0,0,0,0,1,0,1,Non-DAC,1,0,195-1113