MasterFile,CollisionDate,CollisionTime,RoadwayName,ParkingLotIndicator,Milepoint,NumberInjured,NumberKilled,ofUnits,ofMotorVehicleUnits,Hit&RunIndicator,OneWayIndicator,SpeedLimitNumber,CountyCode,CityCountyCode,InCityLimitsIndicator,Latitude,Longitude,MannerofCollisionCode,LocationFirstEventCode,RoadwayCharacterCode,RoadwaySurfaceCode,RoadwayConditionCode,WeatherCode,LightConditionCode,LandUseCode,SchoolBusRelatedCode,FirstAidSceneIndicator,PropertyDamageIndicator,RT_UNIQUE,YR,KABCO,WorkingRID,KTC_RT,KTC_MP,Motorcyclist,Commercial Vehicle,Young Driver,Mature Driver,Pedestrian,Bicyclist,Distracted,Aggressive,Impaired,Unrestrained,Intersection,Roadway Departure,Median Cross-over,CityCrash,DACid,Int_Crash,Seg_Crash,Int_ID
72355260,20190520,1129,2ND,N,0.238,0,0,2,2,N,Y,15,98,9801,Y,37.4806,-82.51791,8,3,6,1,1,2,2,1,3,N,N,098-CS-1117-0,2019,O,098-CS-1117  -000,098-CS-1117  -000,0.238,0,0,0,1,0,0,0,0,0,0,0,0,0,1,DAC,0,1,
72461158,20200104,2252,HUFFMAN,N,0.147,0,0,2,2,N,N,25,98,9801,Y,37.47817,-82.51919,2,97,6,1,1,2,4,1,3,N,N,098-CS-1123-0,2020,O,098-CS-1123  -000,098-CS-1123  -000,0.147,0,0,0,0,0,0,1,0,0,0,0,0,0,1,DAC,1,0,195-1106
72353768,20190516,1832,6TH,N,0.018,0,0,2,2,N,N,15,98,9801,Y,37.48382,-82.52016,2,3,6,1,1,2,2,6,3,N,N,098-CS-1135-0,2019,O,098-CS-1135  -000,098-CS-1135  -000,0.018,0,0,0,1,0,0,1,0,0,0,0,0,0,1,DAC,1,0,195-0994
72300935,20190108,1604,COLLEGE,N,0.066,0,0,2,2,N,N,15,98,9801,Y,37.47659,-82.52131,1,3,4,1,1,2,2,6,3,N,N,,2019,O,098-CS-1108  -000,098-CS-1108  -000,0.066,0,0,1,0,0,0,0,1,0,0,1,0,0,1,DAC,1,0,195-1134
72388615,20190731,1550,US23,N,22.941,0,0,2,1,N,N,55,98,9801,Y,37.46536,-82.52597,5,3,6,1,5,3,2,7,3,N,N,,2019,O,098-US-0023  -010,098-US-0023  -000,22.941,0,0,1,0,0,0,1,0,0,0,1,0,0,1,DAC,0,1,
72405341,20190828,1340,KY1426,N,6.662,1,0,2,2,N,N,45,98,9801,Y,37.48372,-82.51267,3,3,6,1,1,2,2,7,3,Y,N,098-KY-1426-0,2019,C,098-KY-1426  -000,098-KY-1426  -000,6.662,0,0,0,0,0,0,1,0,0,0,0,1,0,1,Non-DAC,0,1,
72319456,20190221,1909,US23,N,21.344,0,0,2,2,N,N,55,98,9801,Y,37.44976,-82.52455,5,3,6,1,1,3,6,7,3,N,N,,2019,O,098-US-0023  -010,098-US-0023  -000,21.344,0,0,0,0,0,0,1,0,0,0,0,0,0,1,Non-DAC,0,1,
72347094,20190418,1534,CASSIDY BLVD,N,,0,0,2,2,Y,N,35,98,9801,Y,37.50465,-82.53632,1,3,6,1,1,2,2,7,3,N,N,,2019,O,098-CS-1191  -000,098-CS-1191  -000,0.254,0,0,0,0,0,0,1,0,0,0,0,0,0,1,Non-DAC,0,1,
72871393,20230303,1917,CASSIDY,N,0.287,1,0,2,2,N,N,35,98,9801,Y,37.50495,-82.53657,4,3,3,1,5,3,5,1,3,Y,N,098-CS-1191-0,2023,B,098-CS-1191  -000,098-CS-1191  -000,0.277,1,0,0,0,0,0,1,1,0,0,0,0,0,1,Non-DAC,0,1,
72313367,20190207,722,US23,N,26.357,0,0,1,1,N,N,55,98,9801,Y,37.50469,-82.53223,9,3,6,1,5,6,5,1,3,N,N,098-US-0023-10,2019,O,098-US-0023  -010,098-US-0023  -000,26.357,0,0,0,0,0,0,0,0,0,0,0,0,0,1,Non-DAC,0,1,
72325580,20190308,1155,BYPASS,N,5.642,0,0,2,2,N,N,45,98,9801,Y,37.47257,-82.5237,1,3,6,1,5,6,2,1,3,N,N,098-KY-1426-0,2019,O,098-KY-1426  -000,098-KY-1426  -000,5.642,0,0,0,1,0,0,1,0,0,0,0,0,0,1,DAC,1,0,195-1179
72404702,20190909,1742,US23,N,27.317,0,0,2,2,N,N,55,98,9801,Y,37.51062,-82.54762,5,3,6,1,1,2,2,7,3,N,N,098-US-0023-0,2019,O,098-US-0023  -000,098-US-0023  -000,27.317,0,0,0,0,0,0,1,0,0,0,0,0,0,1,Non-DAC,1,0,195-0812
72366139,20190607,1035,KY1426,N,9.562,0,0,2,2,N,N,55,98,9801,Y,37.51289,-82.48761,5,3,6,1,1,2,2,7,3,N,N,098-KY-1426-0,2019,O,098-KY-1426  -000,098-KY-1426  -000,9.562,0,0,0,1,0,0,1,1,0,0,0,0,0,1,Non-DAC,0,1,
72305976,20190118,558,CHLOE,N,3.328,0,0,1,1,N,N,35,98,9801,Y,37.4745,-82.48597,9,97,1,1,5,3,6,7,3,N,N,,2019,O,098-KY-1460  -000,098-KY-1460  -000,3.328,0,0,0,0,0,0,0,0,0,0,0,1,0,1,Non-DAC,0,1,
72361211,20190522,1613,US23,N,27.298,0,0,2,2,N,N,55,98,9801,Y,37.51063,-82.5472,5,3,6,1,1,2,2,7,3,N,N,,2019,O,098-US-0023  -000,098-US-0023  -000,27.298,0,0,0,0,0,0,1,0,0,0,0,0,0,1,Non-DAC,0,1,
72441578,20191116,2237,BYPASS,N,6.141,1,0,2,1,N,N,45,98,9801,Y,37.47716,-82.51679,9,3,5,1,1,2,5,7,3,Y,N,098-KY-1426-0,2019,A,098-KY-1426  -000,098-KY-1426  -000,6.141,0,0,0,0,1,0,0,0,0,0,0,0,0,1,DAC,0,1,
72797714,20220811,1011,OWSLEY,N,7.38,0,0,2,2,N,N,45,98,9801,Y,37.4817,-82.53329,2,3,6,1,1,2,2,7,3,N,N,098-KY-1384-0,2022,O,098-KY-1384  -000,098-KY-1384  -000,7.38,0,0,0,1,0,0,1,0,0,0,1,0,0,1,DAC,1,0,195-1064
72395930,20190820,2107,CASSIDY,N,,0,0,2,2,N,N,25,98,9801,Y,37.50369,-82.53466,8,3,6,1,5,2,5,1,3,N,N,098-CS-1191-0,2019,O,098-CS-1191  -000,098-CS-1191  -000,0.141,0,0,1,0,0,0,0,1,0,0,1,0,0,1,Non-DAC,0,1,
72316215,20190214,1521,US119,N,1.976,0,0,2,2,N,N,55,98,9801,Y,37.51247,-82.4998,5,3,6,1,1,2,2,7,3,N,N,098-US-0119-10,2019,O,098-US-0119  -010,098-US-0119  -000,1.976,0,0,1,0,0,0,0,0,0,0,0,0,0,1,Non-DAC,0,1,
72332356,20190322,2118,CEDAR CREEK,N,,0,0,1,1,N,N,35,98,9801,Y,37.47614,-82.55253,9,3,3,1,1,3,5,6,3,N,Y,098-KY-1384-0,2019,O,098-KY-1384  -000,098-KY-1384  -000,6.209,0,0,0,0,0,0,0,0,0,0,0,1,0,1,Non-DAC,0,1,
72396415,20190813,1536,OWSLEY,N,6.814,0,0,2,2,N,N,45,98,9801,Y,37.47942,-82.54279,4,3,6,2,1,2,2,7,3,N,N,,2019,O,098-KY-1384  -000,098-KY-1384  -000,6.814,0,0,0,0,0,0,1,0,0,1,1,0,0,1,DAC,1,0,195-1101
72420729,20191007,1810,KILGORE,N,,0,0,2,2,N,N,25,98,9801,Y,37.47624,-82.52258,1,3,6,1,5,6,2,7,3,N,N,,2019,O,098-CS-1105  -000,098-CS-1105  -000,0,0,0,0,0,0,0,0,1,0,0,1,0,0,1,DAC,1,0,195-1141
72345908,20190429,1432,HAMBLEY,N,0.663,0,0,2,2,N,N,25,98,9801,Y,37.48051,-82.51904,1,3,6,1,1,2,2,7,3,N,N,098-CS-1222-0,2019,O,098-CS-1222  -000,098-CS-1222  -000,0.663,0,0,1,0,0,0,0,1,0,0,0,0,1,1,DAC,1,0,195-1079
72435498,20191106,1321,US23,N,23.572,0,0,2,2,N,N,55,98,9801,Y,37.47097,-82.53368,1,3,6,1,1,2,2,7,3,N,N,098-US-0023-0,2019,O,098-US-0023  -000,098-US-0023  -000,23.572,0,0,0,1,0,0,0,0,0,0,0,1,0,1,DAC,0,1,
72331917,20190320,1316,HIBBARD,N,0.171,0,0,2,2,N,N,15,98,9801,Y,37.47462,-82.52483,2,3,6,1,1,2,2,1,3,N,N,098-CS-1053-0,2019,O,098-CS-1053  -000,098-CS-1053  -000,0.171,0,0,0,0,0,0,1,0,0,0,0,0,0,1,DAC,1,0,195-1161
72319229,20190220,1454,MAIN,N,0.047,0,0,2,2,N,N,15,98,9801,Y,37.47836,-82.51824,8,3,6,1,5,6,2,1,3,N,N,098-CS-1112-0,2019,O,098-CS-1112  -000,098-CS-1112  -000,0.047,0,0,0,1,0,0,0,0,0,0,0,0,0,1,DAC,1,0,195-1102
72319646,20190222,1702,CASSIDY,N,0.317,0,0,3,3,N,N,25,98,9801,Y,37.5052,-82.53717,1,3,3,1,5,6,2,1,3,N,N,098-CS-1191-0,2019,O,098-CS-1191  -000,098-CS-1191  -000,0.317,0,0,0,0,0,0,1,0,0,0,0,0,0,1,Non-DAC,0,1,
72742306,20220318,1758,CASSIDY,N,0.16,0,0,2,2,N,N,25,98,9801,Y,37.50369,-82.53465,8,3,6,1,1,2,2,7,3,N,N,098-CS-1191-0,2022,O,098-CS-1191  -000,098-CS-1191  -000,0.16,0,1,0,0,0,0,1,0,0,0,0,1,0,1,Non-DAC,0,1,
72446380,20191204,1330,JUSTICE WAY,N,,0,0,2,2,N,N,15,98,9801,Y,37.50768,-82.54372,2,97,6,1,1,2,2,1,3,N,N,098-CS-1216-0,2019,O,098-CS-1216  -000,098-CS-1216  -000,0.039,0,0,0,0,0,0,1,0,0,0,0,0,0,1,Non-DAC,0,1,
72367904,20190617,1034,CASSIDY,N,0.282,0,0,2,2,N,N,25,98,9801,Y,37.50479,-82.53646,8,3,6,1,1,3,2,1,3,N,N,098-CS-1191-0,2019,O,098-CS-1191  -000,098-CS-1191  -000,0.282,0,0,0,0,0,0,1,0,0,0,0,1,0,1,Non-DAC,0,1,
72312855,20190207,750,US23,N,20.803,0,0,2,2,N,N,55,98,9801,Y,37.4431,-82.52292,8,3,3,1,5,6,2,7,3,N,N,098-US-0023-0,2019,O,098-US-0023  -000,098-US-0023  -000,20.803,0,0,0,1,0,0,0,1,0,0,0,1,0,1,Non-DAC,1,0,195-1297
72307063,20190124,1215,US460,N,0.238,0,0,2,2,N,N,35,98,9801,Y,37.43914,-82.50961,1,3,6,1,5,6,2,7,3,N,N,,2019,O,098-US-0460  -000,098-US-0460  -000,0.238,0,0,0,0,0,0,1,0,0,0,1,0,0,1,Non-DAC,1,0,195-1307
72431104,20191031,1250,US23,N,26.287,0,0,2,2,N,N,55,98,9801,Y,37.50372,-82.53215,5,3,6,1,5,6,2,7,3,N,N,098-US-0023-0,2019,O,098-US-0023  -000,098-US-0023  -000,26.287,0,0,0,0,0,0,0,0,0,0,0,0,0,1,Non-DAC,0,1,
72378833,20190712,1855,MAYO,N,0.605,0,0,2,2,N,N,55,98,9801,Y,37.49247,-82.53481,5,3,6,1,1,2,2,7,3,N,N,098-KY-3495-0,2019,O,098-KY-3495  -000,098-KY-3495  -000,0.605,0,0,1,0,0,0,1,0,0,0,0,0,0,1,Non-DAC,0,1,
72395948,20190820,1838,HAMBLEY,N,0.474,0,0,2,2,N,N,25,98,9801,Y,37.47812,-82.52067,2,5,6,1,5,6,2,1,3,N,N,098-CS-1222-0,2019,O,098-CS-1222  -000,098-CS-1222  -000,0.474,0,0,0,0,0,0,0,0,0,0,0,0,0,1,DAC,0,1,
72413474,20190928,551,KY1426,N,7.425,0,0,1,1,N,N,45,98,9801,Y,37.49018,-82.50167,9,4,6,1,1,2,6,1,3,N,N,098-KY-1426-0,2019,O,098-KY-1426  -000,098-KY-1426  -000,7.425,0,0,0,0,0,0,0,0,0,0,0,1,0,1,Non-DAC,0,1,
72444625,20191128,1327,US23,N,21.926,0,0,2,2,Y,N,55,98,9801,Y,37.45655,-82.5187,8,3,6,1,1,2,2,7,3,N,N,,2019,O,098-US-0023  -000,098-US-0023  -000,21.926,0,0,0,0,0,0,1,0,0,0,0,1,0,1,Non-DAC,0,1,
72302966,20190112,2034,US23,N,32.765,0,0,1,1,N,N,55,98,9801,Y,37.53226,-82.61922,9,3,6,1,5,6,6,7,3,N,N,098-US-0023-0,2019,O,098-US-0023  -000,098-US-0023  -000,32.765,0,0,0,0,0,0,0,0,0,0,0,1,0,1,Non-DAC,0,1,
72404649,20190909,855,HAMBLEY,N,1.409,0,0,2,2,N,N,25,98,9801,Y,37.48407,-82.52861,1,3,6,1,1,2,2,7,3,N,N,098-CS-1222-0,2019,O,098-CS-1222  -000,098-CS-1222  -000,1.409,0,0,1,0,0,0,0,0,0,0,0,0,0,1,DAC,1,0,195-0990
72382661,20190719,733,BANK,N,0.114,0,0,2,2,Y,N,15,98,9801,Y,37.47639,-82.51991,2,3,6,1,1,2,2,1,3,N,N,098-CS-1106-0,2019,O,098-CS-1106  -000,098-CS-1106  -000,0.114,0,0,0,0,0,0,1,0,0,0,0,0,0,1,DAC,1,0,195-1138
72408373,20190917,1703,KY1460,N,7.031,0,0,2,2,N,N,45,98,9801,Y,37.48586,-82.5435,1,3,5,1,1,2,2,7,3,N,N,,2019,O,098-KY-1460  -000,098-KY-1460  -000,7.031,0,0,1,0,0,0,1,1,0,0,0,0,0,1,Non-DAC,0,1,
72382752,20190715,1625,US23,N,25.598,0,0,2,2,Y,N,55,98,9801,Y,37.49427,-82.53262,8,3,6,1,5,6,2,1,3,N,N,098-US-0023-10,2019,O,098-US-0023  -010,098-US-0023  -000,25.598,0,1,1,0,0,0,1,0,0,0,0,1,0,1,Non-DAC,0,1,
72315393,20190211,1654,US23,N,21.373,0,0,1,1,N,N,55,98,9801,Y,37.45015,-82.52435,9,5,6,1,1,3,2,1,3,N,Y,,2019,O,098-US-0023  -010,098-US-0023  -000,21.373,0,0,0,0,0,0,0,0,0,0,1,0,0,1,Non-DAC,0,1,
72382465,20190721,1131,MAYO,N,26.296,0,0,2,2,N,N,55,98,9801,Y,37.50384,-82.53216,1,3,6,1,1,2,2,7,3,N,N,098-US-0023-0,2019,O,098-US-0023  -000,098-US-0023  -000,26.296,0,0,0,0,0,0,0,1,0,0,0,1,0,1,Non-DAC,0,1,
72312838,20190207,839,SCOTT,N,0.166,0,0,2,2,Y,N,25,98,9801,Y,37.48344,-82.5179,8,3,6,1,5,6,5,6,,N,N,098-CS-1116-0,2019,O,098-CS-1116  -000,098-CS-1116  -000,0.166,0,0,0,0,0,0,0,0,0,0,0,0,0,1,DAC,1,0,195-1012
72374803,20190703,916,US23,N,19.847,0,0,1,1,N,N,55,98,9801,Y,37.44998,-82.50938,9,3,3,1,6,6,2,1,3,N,N,,2019,O,098-US-0023  -000,098-US-0023  -000,19.847,0,0,0,0,0,0,0,1,0,0,0,1,0,1,Non-DAC,0,1,
72320011,20190221,1410,TOWN MOUNTAIN,N,,1,0,2,2,N,N,45,98,9801,Y,37.49033,-82.49391,5,3,1,1,1,2,2,7,3,Y,N,,2019,B,098-KY-1426  -000,098-KY-1426  -000,7.869,0,0,0,1,0,0,1,0,0,0,0,0,0,1,Non-DAC,1,0,195-0927
72341558,20190419,1512,,N,0.028,0,0,2,2,N,N,45,98,9801,Y,37.48416,-82.54238,5,3,1,1,5,6,2,1,3,N,N,,2019,O,098-US-0023  -321,098-US-0023  -321,0.028,0,0,1,0,0,0,0,0,0,0,0,0,0,1,Non-DAC,1,0,195-1000
72303751,20190116,1538,MAYO,N,29.616,1,0,2,2,N,N,55,98,9801,Y,37.53171,-82.5772,8,3,6,1,5,3,2,1,3,N,N,098-US-0023-10,2019,C,098-US-0023  -010,098-US-0023  -000,29.616,0,0,0,0,0,0,0,0,0,0,0,1,0,1,Non-DAC,0,1,
72399794,20190828,1513,US23,N,25.841,0,0,2,2,N,N,55,98,9801,Y,37.49738,-82.53123,8,3,6,1,1,2,2,7,3,N,N,,2019,O,098-US-0023  -000,098-US-0023  -000,25.841,0,0,0,1,0,0,1,0,0,0,0,1,0,1,Non-DAC,0,1,
72462785,20200112,1706,HUFFMAN,N,0.004,0,0,2,2,N,N,35,98,9801,Y,37.47695,-82.51708,5,3,6,1,1,2,2,1,3,N,N,098-CS-1123-0,2020,O,098-CS-1123  -000,098-CS-1123  -000,0.004,0,0,0,0,0,0,1,0,0,0,0,0,0,1,DAC,1,0,195-1125
72376770,20190702,1332,BAIRD,N,5.395,0,0,2,2,N,N,25,98,9801,Y,37.47327,-82.52711,1,3,6,1,1,2,2,7,3,N,N,,2019,O,098-KY-1426  -000,098-KY-1426  -000,5.395,0,0,1,1,0,0,1,0,0,0,0,0,0,1,DAC,1,0,195-1174
72334931,20190403,1651,REDALE,N,0.192,0,0,2,2,N,N,15,98,9801,Y,37.48713,-82.52759,2,3,6,1,1,2,2,6,3,N,N,,2019,O,098-CS-1244  -000,098-CS-1244  -000,0.192,0,0,0,0,0,0,1,0,0,0,0,0,0,1,DAC,1,0,195-0943
72425689,20191017,1700,US23,N,26.09,0,0,2,2,N,N,55,98,9801,Y,37.50092,-82.53199,5,3,6,1,1,2,2,7,3,N,N,,2019,O,098-US-0023  -000,098-US-0023  -000,26.09,0,0,0,1,0,0,1,0,0,0,0,0,0,1,Non-DAC,0,1,
72433656,20191107,2113,CASSIDY BLVD,N,,1,0,1,1,N,N,15,98,9801,Y,37.5071,-82.5376,9,3,1,1,5,6,6,1,3,Y,N,,2019,C,098-CS-1191  -000,098-CS-1191  -000,0.336,0,0,0,0,0,0,1,0,0,1,0,1,0,1,Non-DAC,0,1,
72347095,20190419,2028,CASSIDY,N,0.037,0,0,2,2,Y,N,35,98,9801,Y,37.5037,-82.53278,5,3,6,2,1,2,3,7,3,N,N,,2019,O,098-CS-1191  -000,098-CS-1191  -000,0.037,0,0,0,0,0,0,1,0,0,0,0,0,0,1,Non-DAC,1,0,195-0861
72441468,20191118,1513,US23,N,27.314,0,0,2,2,N,N,55,98,9801,Y,37.51054,-82.54761,5,3,6,1,1,2,2,1,3,N,N,098-US-0023-10,2019,O,098-US-0023  -010,098-US-0023  -000,27.314,0,0,1,0,0,0,1,0,0,0,0,0,0,1,Non-DAC,1,0,195-0812
72418377,20191009,631,US23,N,23.051,1,0,2,2,N,N,55,98,9801,Y,37.46589,-82.52787,5,3,6,1,1,2,2,7,3,Y,N,098-US-0023-0,2019,C,098-US-0023  -000,098-US-0023  -000,23.051,0,0,1,0,0,0,0,0,0,0,0,0,0,1,DAC,0,1,
72310641,20190131,1755,KEYSER HEIGHTS,N,0.084,0,0,2,2,N,N,35,98,9801,Y,37.49173,-82.53333,1,3,6,1,1,3,5,7,3,N,N,,2019,O,098-CS-1187  -000,098-CS-1187  -000,0.084,0,0,0,0,0,0,0,0,0,0,0,0,0,1,Non-DAC,0,1,
72407406,20190905,1344,US23,N,26.299,0,0,2,1,N,N,55,98,9801,Y,37.50386,-82.53238,1,3,6,1,1,2,2,7,3,N,N,,2019,O,098-US-0023  -010,098-US-0023  -000,26.299,0,0,0,1,0,0,1,0,0,0,0,0,0,1,Non-DAC,0,1,
72315019,20190211,1343,US23,N,25.502,0,0,1,1,N,N,55,98,9801,Y,37.49316,-82.5336,9,5,6,1,5,3,2,7,3,N,N,098-US-0023-0,2019,O,098-US-0023  -000,098-US-0023  -000,25.502,0,0,0,0,0,0,1,0,1,0,0,1,0,1,Non-DAC,0,1,
72307932,20190124,1646,CEDAR HILLS,N,2.734,0,0,1,1,N,N,55,98,9801,Y,37.45518,-82.54928,9,5,3,1,5,2,6,7,3,N,N,098-KY-1426-0,2019,O,098-KY-1426  -000,098-KY-1426  -000,2.734,0,0,0,0,0,0,0,0,0,0,0,1,0,1,Non-DAC,1,0,195-1268
72367859,20190617,1530,NORTHMONTE,N,0.289,0,0,1,1,N,N,15,98,9801,Y,37.48546,-82.53755,9,3,1,1,1,3,2,6,3,N,N,098-CS-1098-0,2019,O,098-CS-1098  -000,098-CS-1098  -000,0.289,0,0,0,0,0,0,0,0,0,0,0,1,0,1,Non-DAC,1,0,195-0963
72446819,20191123,1623,US23,N,23.062,4,0,2,2,N,N,55,98,9801,Y,37.46593,-82.52809,5,3,6,1,5,6,2,1,3,Y,N,098-US-0023-0,2019,A,098-US-0023  -000,098-US-0023  -000,23.062,1,0,0,0,0,0,0,0,0,0,1,0,0,1,DAC,0,1,
72491437,20200323,1407,US23,N,26.262,0,0,2,2,N,N,55,98,9801,Y,37.50335,-82.5321,5,3,6,1,5,6,2,7,3,N,N,,2020,O,098-US-0023  -000,098-US-0023  -000,26.262,0,0,0,0,0,0,1,0,0,0,1,0,0,1,Non-DAC,1,0,195-0861
72420452,20191012,1801,CASSIDY,N,0.052,0,0,2,2,N,N,25,98,9801,Y,37.50369,-82.533,5,3,6,1,1,2,2,1,3,N,N,098-CS-1191-0,2019,O,098-CS-1191  -000,098-CS-1191  -000,0.052,0,0,0,0,0,0,1,0,0,0,0,0,0,1,Non-DAC,1,0,195-0861
72368738,20190619,1204,US23,N,26.178,0,0,2,2,N,N,55,98,9801,Y,37.50217,-82.53194,5,3,6,1,5,3,2,1,3,N,N,,2019,O,098-US-0023  -000,098-US-0023  -000,26.178,0,0,0,1,0,0,0,1,0,0,0,0,0,1,Non-DAC,1,0,195-0861
72414344,20190929,2123,US23,N,23.854,0,0,1,1,N,N,55,98,9801,Y,37.47483,-82.53738,9,3,6,1,1,2,5,1,3,N,N,098-US-0023-0,2019,O,098-US-0023  -000,098-US-0023  -000,23.854,0,0,0,0,0,0,0,0,0,0,0,0,0,1,DAC,0,1,
72374102,20190618,1713,KY3496,N,0.197,0,0,2,2,Y,N,35,98,9801,Y,37.46652,-82.53114,1,3,6,1,1,2,2,1,3,N,N,098-KY-3496-0,2019,O,098-KY-3496  -000,098-KY-3496  -000,0.197,0,0,0,0,0,0,1,0,0,0,0,0,0,1,DAC,0,1,
72380430,20190704,2218,US23,N,20.744,0,0,2,2,N,N,55,98,9801,Y,37.443,-82.52259,8,3,6,1,1,2,5,1,3,N,Y,098-US-0023-0,2019,O,098-US-0023  -000,098-US-0023  -000,20.744,0,0,1,0,0,0,0,0,0,1,0,1,0,1,Non-DAC,0,1,
72334529,20190330,1400,CEDAR HILLS,N,2.356,0,0,2,2,N,N,5,98,9801,Y,37.45874,-82.55421,7,97,6,1,1,2,2,7,3,N,N,098-KY-1426-0,2019,O,098-KY-1426  -000,098-KY-1426  -000,2.356,0,0,0,0,0,0,1,0,0,0,0,1,0,1,Non-DAC,0,1,
72367169,20190614,1402,BYPASS,N,5.635,0,0,2,2,N,N,55,98,9801,Y,37.47255,-82.52382,5,3,6,1,1,2,2,7,3,N,N,098-KY-1426-0,2019,O,098-KY-1426  -000,098-KY-1426  -000,5.635,0,0,0,0,0,0,1,0,0,0,0,0,0,1,DAC,1,0,195-1179
72368306,20190618,1159,BAIRD,N,5.394,3,0,2,2,N,N,25,98,9801,Y,37.47328,-82.52711,1,3,6,1,5,6,2,7,3,Y,N,098-KY-1426-0,2019,C,098-KY-1426  -000,098-KY-1426  -000,5.394,0,0,0,0,0,0,1,0,0,0,0,0,0,1,DAC,1,0,195-1174
72334852,20190403,1431,US23,N,31.595,1,0,2,2,N,N,55,98,9801,Y,37.53696,-82.60147,5,3,6,1,1,2,2,1,3,Y,N,,2019,C,098-US-0023  -000,098-US-0023  -000,31.595,0,0,0,0,0,0,1,0,0,0,0,0,0,1,Non-DAC,1,0,195-0620
72447158,20191202,1400,KY3218,N,0.291,0,0,1,1,N,N,55,98,9801,Y,37.53995,-82.5984,9,7,6,1,5,6,2,1,3,N,N,098-KY-3218-0,2019,O,098-KY-3218  -000,098-KY-3218  -000,0.291,0,0,0,0,0,0,1,0,0,0,0,1,0,1,Non-DAC,0,1,
72463435,20200113,1842,US23,N,19.821,1,0,1,1,N,N,55,98,9801,Y,37.44993,-82.50892,9,2,3,1,1,2,6,1,3,N,Y,098-US-0023-0,2020,C,098-US-0023  -000,098-US-0023  -000,19.821,0,0,0,1,0,0,0,0,0,0,0,1,0,1,Non-DAC,0,1,
72327248,20190315,1143,CASSIDY,N,0.043,0,0,2,2,N,N,25,98,9801,Y,37.50369,-82.53287,8,3,4,2,1,2,2,1,3,N,N,098-CS-1191-0,2019,O,098-CS-1191  -000,098-CS-1191  -000,0.043,0,0,0,1,0,0,1,0,0,0,0,1,0,1,Non-DAC,1,0,195-0861
72400563,20190829,937,HAROLDS BRANCH,N,1.21,0,0,2,2,N,N,25,98,9801,Y,37.46634,-82.50228,8,97,6,3,8,2,2,5,3,N,N,098-CS-1223-0,2019,O,098-CS-1223  -000,098-CS-1223  -000,1.21,0,0,0,0,0,0,1,0,0,0,0,0,0,1,Non-DAC,0,1,
72457892,20191226,1258,CASSIDY,N,0.239,0,0,2,2,N,N,25,98,9801,Y,37.50441,-82.53578,1,3,3,1,1,3,2,1,3,N,N,,2019,O,098-CS-1191  -000,098-CS-1191  -000,0.239,0,0,0,0,0,0,1,1,0,0,0,0,0,1,Non-DAC,0,1,
72438418,20191118,1615,HAMBLEY,N,1.355,2,0,2,2,N,N,35,98,9801,Y,37.48451,-82.52781,2,6,6,1,1,2,2,7,3,Y,N,,2019,C,098-CS-1222  -000,098-CS-1222  -000,1.355,0,0,0,0,0,0,1,0,0,0,0,0,0,1,DAC,0,1,
72307689,20190124,1841,TOWN MOUNTAIN,N,9.172,0,0,1,1,N,N,45,98,9801,Y,37.50756,-82.489,9,3,5,1,5,3,4,7,3,N,N,098-KY-1426-0,2019,O,098-KY-1426  -000,098-KY-1426  -000,9.172,0,0,0,0,0,0,0,0,0,0,0,1,0,1,Non-DAC,0,1,
72348353,20190425,1156,CASSIDY,N,0.269,0,0,2,2,N,N,25,98,9801,Y,37.50459,-82.53625,1,3,6,1,1,2,2,1,3,N,N,098-CS-1191-0,2019,O,098-CS-1191  -000,098-CS-1191  -000,0.269,0,0,0,1,0,0,1,0,0,0,0,0,0,1,Non-DAC,0,1,
72419870,20191010,1740,,N,0.275,0,0,2,2,N,N,45,98,9801,Y,37.47383,-82.53441,5,3,1,1,1,2,2,1,3,N,N,,2019,O,098-US-0023  -121,098-US-0023  -121,0.275,0,0,0,0,0,0,1,1,0,0,0,0,0,1,DAC,0,1,
72315865,20190207,652,US23,N,26.287,3,0,3,3,N,N,55,98,9801,Y,37.50372,-82.53215,1,3,6,1,5,6,5,7,3,Y,N,098-US-0023-0,2019,C,098-US-0023  -000,098-US-0023  -000,26.287,0,0,0,1,0,0,0,1,0,0,0,0,0,1,Non-DAC,0,1,
72431573,20191031,940,HAMBLEY,N,0.818,2,0,2,2,N,N,25,98,9801,Y,37.48271,-82.51926,1,3,6,1,5,6,2,1,3,Y,N,098-CS-1222-0,2019,A,098-CS-1222  -000,098-CS-1222  -000,0.818,0,0,0,1,0,0,1,1,0,1,0,0,0,1,DAC,1,0,195-1031
72411255,20190924,800,HAMBLEY,N,0.947,0,0,1,1,N,N,35,98,9801,Y,37.48401,-82.52097,9,5,6,1,1,2,2,1,3,N,Y,098-CS-1222-0,2019,O,098-CS-1222  -000,098-CS-1222  -000,0.947,0,0,0,0,0,0,0,0,0,0,0,1,0,1,DAC,1,0,195-2061
72343965,20190424,1540,US119,N,1.958,0,0,2,2,N,Y,55,98,9801,Y,37.51255,-82.50009,5,5,5,1,1,2,2,2,2,N,N,098-US-0119-10,2019,O,098-US-0119  -010,098-US-0119  -000,1.958,0,0,1,0,0,0,0,0,0,0,0,0,0,1,Non-DAC,0,1,