MasterFile,CollisionDate,CollisionTime,RoadwayName,ParkingLotIndicator,Milepoint,NumberInjured,NumberKilled,ofUnits,ofMotorVehicleUnits,Hit&RunIndicator,OneWayIndicator,SpeedLimitNumber,CountyCode,CityCountyCode,InCityLimitsIndicator,Latitude,Longitude,MannerofCollisionCode,LocationFirstEventCode,RoadwayCharacterCode,RoadwaySurfaceCode,RoadwayConditionCode,WeatherCode,LightConditionCode,LandUseCode,SchoolBusRelatedCode,FirstAidSceneIndicator,PropertyDamageIndicator,RT_UNIQUE,YR,KABCO,WorkingRID,KTC_RT,KTC_MP,Motorcyclist,Commercial Vehicle,Young Driver,Mature Driver,Pedestrian,Bicyclist,Distracted,Aggressive,Impaired,Unrestrained,Intersection,Roadway Departure,Median Cross-over,CityCrash,DACid,Int_Crash,Seg_Crash,Int_ID
72304566,20190118,1450,KY3496,N,,0,0,2,2,N,N,35,98,9801,Y,37.46573,-82.52809,5,3,3,1,5,3,2,1,3,N,N,,2019,O,098-KY-3496  -000,098-KY-3496  -000,0.015,0,0,0,0,0,0,1,0,0,0,0,0,0,1,DAC,1,0,195-1219
72408711,20190911,821,OWSLEY,N,0.01,2,0,2,2,N,N,55,98,9813,Y,37.53174,-82.61946,1,3,6,1,1,2,2,7,3,Y,N,098-KY-1384-0,2019,C,098-KY-1384  -000,098-KY-1384  -000,0.01,0,0,0,0,0,0,1,0,0,0,0,0,0,1,Non-DAC,1,0,195-0668
72303137,20190110,648,US23,N,20.493,1,0,1,1,N,N,55,98,9801,Y,37.44434,-82.51797,9,3,6,1,5,2,6,7,3,Y,N,098-US-0023-0,2019,C,098-US-0023  -000,098-US-0023  -000,20.493,0,0,0,0,0,0,0,0,0,1,0,1,0,1,Non-DAC,0,1,
72420185,20191010,1735,US23,N,25.543,1,0,2,2,N,N,55,98,9801,Y,37.49361,-82.53309,5,3,6,1,1,2,2,7,3,Y,N,,2019,C,098-US-0023  -000,098-US-0023  -000,25.543,0,0,1,0,0,0,1,0,0,0,0,0,0,1,Non-DAC,1,0,195-0912
72450459,20191212,1325,CHLOE,N,,0,0,2,2,N,N,35,98,9801,Y,37.47734,-82.50409,7,3,3,1,5,2,2,6,3,N,N,098-KY-1460-0,2019,O,098-KY-1460  -000,098-KY-1460  -000,4.425,0,0,0,0,0,0,0,0,0,0,0,1,0,1,Non-DAC,0,1,
72309667,20190117,2349,US23,N,20.921,3,0,2,2,N,N,55,98,9801,Y,37.44399,-82.52485,1,3,3,1,5,6,4,1,3,Y,N,,2019,C,098-US-0023  -010,098-US-0023  -000,20.921,0,1,0,0,0,0,0,0,0,0,0,0,0,1,Non-DAC,0,1,
72423369,20191018,1430,US23,N,22.646,1,0,2,2,N,N,55,98,9801,Y,37.46495,-82.52077,1,3,3,1,1,2,2,7,3,N,N,098-US-0023-0,2019,B,098-US-0023  -000,098-US-0023  -000,22.646,0,0,0,0,0,0,0,1,0,0,0,0,0,1,Non-DAC,0,1,
72424974,20191023,910,SCOTT,N,0.16,0,0,2,2,N,N,15,98,9801,Y,37.48343,-82.51784,1,3,6,1,1,2,2,6,3,N,N,098-CS-1116-0,2019,O,098-CS-1116  -000,098-CS-1116  -000,0.16,0,0,0,0,0,0,1,0,0,0,0,0,0,1,DAC,1,0,195-1012
72358142,20190524,400,SUMMIT,N,0.587,0,0,1,1,N,N,25,98,9801,Y,37.47585,-82.51212,9,4,1,1,1,2,5,6,3,N,N,098-CS-1064-0,2019,O,098-CS-1064  -000,098-CS-1064  -000,0.587,0,0,1,0,0,0,0,1,0,0,0,1,0,1,Non-DAC,0,1,
72391827,20190811,933,BOB AMOS,N,0.59,0,0,1,1,N,N,15,98,9801,Y,37.47161,-82.54137,9,3,6,1,1,2,2,5,3,N,Y,098-CS-1025-0,2019,O,098-CS-1025  -000,098-CS-1025  -000,0.59,0,0,0,1,0,0,0,0,0,0,0,1,0,1,Non-DAC,0,1,
72446573,20191205,1230,US23,N,27.448,0,0,2,2,N,N,55,98,9807,Y,37.51114,-82.55003,5,3,6,1,1,2,2,7,3,N,N,098-US-0023-0,2019,O,098-US-0023  -000,098-US-0023  -000,27.448,0,0,0,0,0,0,1,0,0,0,0,0,0,1,Non-DAC,0,1,
72336294,20190404,1652,MELVINA,N,0.048,0,0,2,2,N,N,10,98,9801,Y,37.47795,-82.50321,3,97,4,3,1,2,2,6,3,N,N,,2019,O,098-CS-1232  -000,098-CS-1232  -000,0.048,0,0,0,0,0,0,0,0,0,0,0,0,0,1,Non-DAC,0,1,
72451526,20191210,2211,US119,N,2.379,0,0,2,2,N,N,55,98,9801,Y,37.51354,-82.49268,5,5,2,1,4,9,6,7,3,N,N,,2019,O,098-US-0119  -000,098-US-0119  -000,2.379,0,0,0,0,0,0,0,0,0,0,0,0,0,1,DAC,0,1,
72833927,20221125,1228,KY3417,N,0.399,0,0,1,1,N,N,35,98,9801,Y,37.46704,-82.55804,9,3,2,1,5,6,2,7,3,N,N,098-KY-3417-0,2022,O,098-KY-3417  -000,098-KY-3417  -000,0.399,0,0,0,0,0,0,1,0,0,0,0,1,0,1,Non-DAC,0,1,
72757466,20220503,2004,US23,N,23.063,0,0,2,2,N,N,55,98,9801,Y,37.46584,-82.52814,4,3,6,1,1,2,1,7,3,N,N,098-US-0023-10,2022,O,098-US-0023  -010,098-US-0023  -000,23.063,0,0,0,0,0,0,1,1,0,0,0,0,0,1,DAC,0,1,
72533890,20200821,1255,CHLOE,N,4.351,1,0,2,2,N,N,35,98,9801,Y,37.4771,-82.50277,3,3,3,1,5,6,2,1,3,Y,N,,2020,B,098-KY-1460  -000,098-KY-1460  -000,4.351,0,0,0,0,0,0,1,0,0,0,0,1,0,1,Non-DAC,1,0,195-1118
72749763,20220402,1939,US23,N,21.536,0,0,2,2,N,N,55,98,9801,Y,37.45229,-82.52314,1,97,6,1,1,2,2,7,3,N,N,098-US-0023-10,2022,O,098-US-0023  -010,098-US-0023  -000,21.536,0,0,0,0,0,0,1,1,0,1,0,0,0,1,Non-DAC,1,0,195-1272
72592240,20210206,1816,KY3496,N,0.125,0,0,2,2,N,N,35,98,9801,Y,37.46607,-82.52995,5,7,6,1,1,2,7,1,3,N,N,098-KY-3496-0,2021,O,098-KY-3496  -000,098-KY-3496  -000,0.125,0,0,0,1,0,0,1,0,0,0,0,0,0,1,DAC,0,1,
72635880,20210613,1659,KY1426,N,5.357,0,0,2,2,N,N,35,98,9801,Y,37.47383,-82.52725,1,3,6,1,1,2,2,1,3,N,N,098-KY-1426-0,2021,O,098-KY-1426  -000,098-KY-1426  -000,5.357,0,0,0,0,0,0,0,1,0,0,0,0,0,1,DAC,1,0,195-1167
72809115,20220924,614,CHLOE,N,2.74,1,0,1,1,N,N,45,98,9801,Y,37.46891,-82.47839,9,5,1,1,1,3,6,6,3,N,N,098-KY-1460-0,2022,B,098-KY-1460  -000,098-KY-1460  -000,2.74,0,0,0,1,0,0,1,1,0,0,0,1,0,1,Non-DAC,0,1,
72677918,20211001,719,BYPASS,N,6.122,0,0,2,2,N,N,45,98,9801,Y,37.47696,-82.51702,8,3,6,1,1,2,2,7,3,N,N,098-KY-1426-0,2021,O,098-KY-1426  -000,098-KY-1426  -000,6.122,0,0,0,0,0,0,1,0,0,0,0,1,0,1,DAC,1,0,195-1125
72557324,20201026,1612,MAYO,N,26.287,4,0,2,2,N,N,55,98,9801,Y,37.50371,-82.53215,5,3,6,1,1,3,2,7,3,Y,N,098-US-0023-0,2020,B,098-US-0023  -000,098-US-0023  -000,26.287,0,0,0,0,0,0,1,0,0,0,0,0,0,1,Non-DAC,0,1,
72842578,20221214,1041,US23,N,18.121,3,0,2,2,N,N,55,98,9801,Y,37.43062,-82.51485,1,3,6,1,5,6,2,7,3,Y,N,098-US-0023-0,2022,C,098-US-0023  -000,098-US-0023  -000,18.121,0,0,0,1,0,0,1,0,0,0,0,0,0,1,Non-DAC,0,1,
72617511,20210422,1420,US23,N,23.891,1,0,3,3,N,N,55,98,9801,Y,37.47466,-82.537,5,3,6,1,1,3,2,7,3,Y,N,,2021,C,098-US-0023  -000,098-US-0023  -000,23.891,0,0,0,0,0,0,0,0,0,0,0,0,0,1,DAC,0,1,
72472680,20200130,1642,US23,N,23.085,2,0,2,2,N,N,55,98,9801,Y,37.46593,-82.52855,3,3,6,1,1,3,2,7,3,Y,N,,2020,C,098-US-0023  -010,098-US-0023  -000,23.085,0,0,0,0,0,0,1,0,0,0,0,1,0,1,DAC,0,1,
72505166,20200522,1230,US23,N,23.061,3,0,2,2,N,N,55,98,9801,Y,37.46582,-82.52809,3,3,6,1,5,6,2,7,3,Y,N,,2020,B,098-US-0023  -010,098-US-0023  -000,23.061,0,0,0,0,0,0,1,1,0,0,1,0,0,1,DAC,0,1,
72844654,20221219,1031,US23,N,21.578,0,0,2,2,N,N,55,98,9801,Y,37.45277,-82.52266,1,3,6,1,1,2,2,7,3,N,N,098-US-0023-0,2022,O,098-US-0023  -000,098-US-0023  -000,21.578,0,0,0,0,0,0,1,1,0,0,0,0,0,1,Non-DAC,1,0,195-1270
72764632,20220522,311,US23,N,29.616,0,0,2,2,N,N,55,98,9801,Y,37.5317,-82.5772,5,3,6,1,1,2,6,1,3,N,N,098-US-0023-10,2022,O,098-US-0023  -010,098-US-0023  -000,29.616,0,0,0,0,0,0,0,0,0,0,0,0,0,1,Non-DAC,0,1,
72499201,20200505,1502,OWSLEY,N,7.21,0,0,2,2,N,N,45,98,9801,Y,37.48074,-82.536,8,3,6,1,1,3,2,7,3,N,N,098-KY-1384-0,2020,O,098-KY-1384  -000,098-KY-1384  -000,7.21,0,0,0,0,0,0,1,0,0,0,0,1,0,1,DAC,0,1,
72747000,20220403,1324,CASSIDY,N,0.237,0,0,2,2,N,N,25,98,9801,Y,37.5044,-82.53575,1,3,5,1,1,2,2,1,3,N,N,098-CS-1191-0,2022,O,098-CS-1191  -000,098-CS-1191  -000,0.237,0,0,0,1,0,0,0,0,0,0,0,0,0,1,Non-DAC,0,1,
72487668,20200310,934,US23,N,26.287,0,0,2,2,N,N,55,98,9801,Y,37.50371,-82.53215,5,3,6,1,1,2,2,7,3,N,N,098-US-0023-0,2020,O,098-US-0023  -000,098-US-0023  -000,26.287,0,1,0,1,0,0,0,0,0,0,0,0,0,1,Non-DAC,0,1,
72702715,20211127,1845,US23,N,32.114,0,0,2,2,N,N,55,98,9801,Y,37.5375,-82.60976,2,3,6,1,1,2,7,6,3,N,N,098-US-0023-10,2021,O,098-US-0023  -010,098-US-0023  -000,32.114,0,0,0,0,0,0,1,0,0,0,0,0,0,1,Non-DAC,0,1,
72556010,20201023,650,US23,N,21.417,0,0,2,2,N,N,55,98,9801,Y,37.4507,-82.52392,5,3,3,1,1,2,2,7,3,N,N,098-US-0023-0,2020,O,098-US-0023  -000,098-US-0023  -000,21.417,0,0,0,0,0,0,0,0,0,0,0,0,0,1,Non-DAC,0,1,
72742304,20220318,1526,US23,N,23.063,0,0,2,2,Y,N,55,98,9801,Y,37.46584,-82.52814,1,3,6,1,1,2,2,7,3,N,N,098-US-0023-10,2022,O,098-US-0023  -010,098-US-0023  -000,23.063,0,0,0,0,0,0,1,1,0,0,1,0,0,1,DAC,0,1,
72677003,20210929,1257,US23,N,23.058,0,0,2,2,N,N,55,98,9801,Y,37.46584,-82.52805,1,3,6,1,1,2,2,7,3,N,N,098-US-0023-10,2021,O,098-US-0023  -010,098-US-0023  -000,23.058,0,0,0,1,0,0,1,0,0,0,0,0,0,1,DAC,0,1,
72722442,20220119,1845,US23,N,22.29,0,0,2,2,N,N,55,98,9801,Y,37.46134,-82.51697,4,3,3,1,5,6,6,7,3,N,N,,2022,O,098-US-0023  -010,098-US-0023  -000,22.29,0,0,0,1,0,0,1,1,0,0,1,0,0,1,Non-DAC,0,1,
72599229,20210226,1424,,N,0.417,0,0,2,2,N,N,55,98,9801,Y,37.47464,-82.53696,8,3,6,1,5,6,2,1,3,N,N,,2021,O,098-US-0023  -121,098-US-0023  -121,0.417,0,0,0,1,0,0,1,0,0,0,0,0,0,1,DAC,1,0,195-1163
72778809,20220701,1313,BYPASS,N,6.149,0,0,2,2,N,N,55,98,9801,Y,37.47725,-82.5167,5,3,6,1,1,3,2,7,3,N,N,098-KY-1426-0,2022,O,098-KY-1426  -000,098-KY-1426  -000,6.149,0,0,0,0,0,0,1,0,0,1,0,0,0,1,DAC,1,0,195-1116
72584124,20210113,1637,HAMBLEY,N,1.311,0,0,2,2,N,N,35,98,9801,Y,37.48487,-82.52714,4,3,6,1,1,2,2,6,3,N,N,098-CS-1222-0,2021,O,098-CS-1222  -000,098-CS-1222  -000,1.311,0,0,0,1,0,0,1,0,0,0,0,0,0,1,DAC,1,0,195-0966
72476388,20200212,1342,THOMPSON,N,0.676,1,0,3,3,N,N,35,98,9801,Y,37.50508,-82.54073,3,3,6,1,5,6,2,7,3,N,N,,2020,C,098-CS-1215  -000,098-CS-1215  -000,0.676,0,0,1,1,0,0,1,1,0,0,0,1,0,1,Non-DAC,0,1,
72591557,20210201,1145,US23,N,22.867,0,0,2,2,Y,N,55,98,9801,Y,37.4653,-82.52469,8,3,3,1,5,9,2,7,3,N,N,098-US-0023-0,2021,O,098-US-0023  -000,098-US-0023  -000,22.867,0,0,0,0,0,0,0,0,0,0,0,1,0,1,DAC,1,0,195-1224
72717228,20220105,1550,OWSLEY,N,6.852,0,0,2,2,N,N,45,98,9801,Y,37.48,-82.54198,1,3,6,1,1,2,2,1,3,N,N,098-KY-1384-0,2022,O,098-KY-1384  -000,098-KY-1384  -000,6.852,0,0,1,0,0,0,1,0,0,0,0,0,0,1,DAC,1,0,195-1095
72647317,20210714,1212,US23,N,26.297,0,0,2,2,N,N,55,98,9801,Y,37.50384,-82.53238,5,3,6,1,1,2,2,7,3,N,N,098-US-0023-10,2021,O,098-US-0023  -010,098-US-0023  -000,26.297,0,0,0,0,0,0,0,0,1,0,0,0,0,1,Non-DAC,0,1,
72745056,20220322,2119,MAYO,N,22.782,0,0,2,2,N,N,55,98,9801,Y,37.46509,-82.52325,8,3,6,1,1,2,6,7,3,N,N,,2022,O,098-US-0023  -010,098-US-0023  -000,22.782,0,0,0,1,0,0,1,0,0,0,0,1,0,1,Non-DAC,0,1,
72622737,20210504,950,HAMBLEY,N,0.767,1,0,2,2,N,N,25,98,9801,Y,37.48201,-82.51897,1,3,6,1,5,6,2,1,3,Y,N,098-CS-1222-0,2021,C,098-CS-1222  -000,098-CS-1222  -000,0.767,0,0,0,0,0,0,1,0,0,0,0,0,0,1,DAC,1,0,195-1053
72655703,20210708,1018,CHLOE,N,2.74,0,0,1,1,Y,N,45,98,9801,Y,37.4689,-82.47841,9,,,1,1,2,2,6,3,N,Y,098-KY-1460-0,2021,O,098-KY-1460  -000,098-KY-1460  -000,2.74,0,0,0,0,0,0,0,0,0,0,0,1,0,1,Non-DAC,0,1,
72693502,20211104,1046,US119 TURN LANE FROM US23 N,N,0.017,0,0,2,2,N,N,55,98,9801,Y,37.50329,-82.53198,5,3,6,1,1,2,2,7,3,N,N,098-US-0119-20,2021,O,098-US-0119  -020,098-US-0119  -020,0.017,0,0,0,1,0,0,0,0,0,0,0,0,0,1,Non-DAC,1,0,195-0861
72681409,20211010,1312,HIBBARD,N,0.24,0,0,1,1,N,N,25,98,9801,Y,37.47516,-82.52378,9,6,6,1,1,2,2,7,3,N,N,098-CS-1053-0,2021,O,098-CS-1053  -000,098-CS-1053  -000,0.24,0,0,0,0,0,0,1,0,1,0,0,1,0,1,DAC,1,0,195-1156
72745386,20220326,2037,HAMBLEY,N,0.619,0,0,2,2,N,N,35,98,9801,Y,37.47992,-82.51931,1,3,6,1,1,2,5,1,3,N,N,098-CS-1222-0,2022,O,098-CS-1222  -000,098-CS-1222  -000,0.619,0,0,0,0,0,0,0,0,0,0,0,0,0,1,DAC,1,0,195-1083
72612360,20210410,1630,MAYO,N,22.943,0,0,2,2,N,N,55,98,9801,Y,37.46536,-82.526,5,3,6,1,5,6,2,7,3,N,N,098-US-0023-10,2021,O,098-US-0023  -010,098-US-0023  -000,22.943,0,0,0,0,0,0,1,0,0,0,0,0,0,1,DAC,0,1,
72848920,20221230,2354,US23,N,31.471,0,0,1,1,N,N,55,98,9801,Y,37.53659,-82.59927,9,6,3,1,1,2,5,1,3,N,N,098-US-0023-0,2022,O,098-US-0023  -000,098-US-0023  -000,31.471,0,0,0,0,0,0,0,0,1,0,0,1,0,1,Non-DAC,0,1,
72750207,20220405,2233,KY1426,N,9.145,1,0,1,1,N,N,55,98,9801,Y,37.50722,-82.48911,9,3,2,1,5,6,6,7,3,N,N,098-KY-1426-0,2022,B,098-KY-1426  -000,098-KY-1426  -000,9.145,0,0,1,0,0,0,0,0,0,0,0,1,0,1,Non-DAC,0,1,
72486026,20200303,1054,US23,N,26.195,2,0,2,2,N,N,55,98,9801,Y,37.50243,-82.53185,5,3,6,1,1,2,2,1,3,Y,N,098-US-0023-0,2020,C,098-US-0023  -000,098-US-0023  -000,26.195,0,0,0,0,0,0,1,0,0,0,0,0,0,1,Non-DAC,1,0,195-0861
72596120,20210218,1741,KY1426 TURN LANE,N,0.03,0,0,2,2,N,N,55,98,9801,Y,37.47227,-82.52707,5,3,3,1,5,3,2,7,3,N,N,098-KY-1426-25,2021,O,098-KY-1426  -025,098-KY-1426  -025,0.03,0,0,0,0,0,0,1,0,0,0,0,0,0,1,DAC,1,0,195-1180
72692864,20211105,1636,US23,N,26.137,0,0,2,2,N,N,55,98,9801,Y,37.50158,-82.53185,5,3,6,1,1,2,2,1,3,N,N,098-US-0023-0,2021,O,098-US-0023  -000,098-US-0023  -000,26.137,0,0,0,0,0,0,0,0,0,0,0,0,0,1,Non-DAC,0,1,
72497864,20200425,2022,US23,N,25.898,0,0,1,1,N,N,55,98,9801,Y,37.4982,-82.53125,9,3,6,1,5,6,6,7,3,N,N,098-US-0023-0,2020,O,098-US-0023  -000,098-US-0023  -000,25.898,0,0,0,0,0,0,0,0,0,0,0,1,0,1,Non-DAC,0,1,
72476981,20200216,1059,CHLOE,N,4.579,0,0,2,2,N,N,35,98,9801,Y,37.4775,-82.5077,7,3,6,1,1,3,2,7,3,N,N,098-KY-1460-0,2020,O,098-KY-1460  -000,098-KY-1460  -000,4.579,0,0,0,1,0,0,0,0,0,0,0,1,0,1,Non-DAC,1,0,195-1115
72645094,20210622,1650,BYPASS,N,5.693,0,0,2,2,N,N,10,98,9801,Y,37.47284,-82.52258,5,97,3,1,1,2,2,1,3,N,N,098-KY-1426-0,2021,O,098-KY-1426  -000,098-KY-1426  -000,5.693,0,0,0,1,0,0,1,0,0,0,0,0,0,1,DAC,1,0,195-1178
72409305,20190917,1009,BYPASS,N,5.641,1,0,2,2,N,N,55,98,9801,Y,37.47261,-82.52368,5,3,6,1,1,2,2,1,3,Y,N,098-KY-1426-0,2019,C,098-KY-1426  -000,098-KY-1426  -000,5.641,0,0,0,1,0,0,1,0,0,0,0,0,0,1,DAC,1,0,195-1179
72626786,20210520,1500,US23,N,25.096,0,0,2,2,N,N,55,98,9801,Y,37.48925,-82.53906,5,6,6,1,1,2,2,7,3,N,N,,2021,O,098-US-0023  -000,098-US-0023  -000,25.096,0,0,1,0,0,0,0,0,0,0,0,0,0,1,Non-DAC,0,1,
72693246,20211105,1859,HAMBLEY,N,1.675,0,0,1,1,N,N,45,98,9801,Y,37.48196,-82.53267,9,3,6,1,1,2,5,6,3,N,N,098-CS-1222-0,2021,O,098-CS-1222  -000,098-CS-1222  -000,1.675,0,0,0,0,0,0,0,0,0,0,0,0,0,1,DAC,1,0,195-1064
72851662,20230107,1323,US23,N,31.577,0,0,2,2,N,N,55,98,9801,Y,37.53696,-82.60114,5,3,6,1,1,2,2,1,3,N,N,,2023,O,098-US-0023  -000,098-US-0023  -000,31.557,0,0,0,0,0,0,1,0,0,0,0,0,0,1,Non-DAC,0,1,
72739364,20220310,2057,DUDLEY,N,0.002,0,0,2,2,N,N,5,98,9801,Y,37.5374,-82.60646,2,97,6,1,1,2,5,7,3,N,N,098-CR-1407-30,2022,O,098-CR-1407  -030,098-CR-1407  -030,0.002,0,0,0,0,0,0,0,0,0,0,0,0,0,1,Non-DAC,1,0,195-0613
72632593,20210603,1116,US23,N,27.309,0,0,2,2,N,N,55,98,9801,Y,37.51066,-82.54743,5,3,6,1,5,6,2,6,3,N,N,098-US-0023-0,2021,O,098-US-0023  -000,098-US-0023  -000,27.309,0,0,0,0,0,0,1,1,0,0,0,0,0,1,Non-DAC,0,1,
72513564,20200620,812,CEDAR HILLS,N,4.151,0,0,1,1,N,N,35,98,9801,Y,37.45645,-82.52987,9,3,6,1,1,3,2,7,3,N,N,098-KY-1426-0,2020,O,098-KY-1426  -000,098-KY-1426  -000,4.151,0,0,0,0,0,0,0,0,0,0,0,0,0,1,Non-DAC,0,1,
72631811,20210602,1212,HUFFMAN,N,0.055,0,0,2,2,N,N,15,98,9801,Y,37.47731,-82.51792,8,3,6,1,1,2,2,7,3,N,N,098-CS-1123-0,2021,O,098-CS-1123  -000,098-CS-1123  -000,0.055,0,0,0,0,0,0,0,0,0,0,0,0,0,1,DAC,0,1,
72781659,20220711,820,US23,N,29.618,0,0,1,1,N,N,55,98,9801,N,37.53173,-82.57721,9,3,6,1,1,2,2,1,3,N,N,098-US-0023-10,2022,O,098-US-0023  -010,098-US-0023  -000,29.618,0,0,0,0,0,0,0,0,0,0,0,0,0,1,Non-DAC,0,1,
72750635,20220305,2137,,N,0.117,0,1,2,1,Y,N,55,98,9801,Y,37.4854,-82.54233,9,6,6,1,1,2,6,7,3,Y,N,,2022,K,098-US-0023  -321,098-US-0023  -321,0.117,0,0,0,0,1,0,1,0,1,0,0,1,0,1,Non-DAC,0,1,
72476828,20200215,1637,BYPASS,N,5.938,0,0,2,2,N,N,45,98,9801,Y,37.48735,-82.527,7,3,6,1,1,2,2,1,3,N,N,098-KY-1460-0,2020,O,098-KY-1460  -000,098-KY-1460  -000,5.938,0,0,0,1,0,0,0,0,0,0,0,1,0,1,Non-DAC,0,1,
72415432,20191002,1502,HAROLDS BRANCH,N,0.045,0,0,2,2,N,N,15,98,9801,Y,37.47225,-82.52233,5,3,3,2,1,2,2,7,3,N,N,098-CS-1223-0,2019,O,098-CS-1223  -000,098-CS-1223  -000,0.045,0,0,1,0,0,0,1,0,0,0,0,0,0,1,Non-DAC,0,1,
72532985,20200818,1649,US23,N,25.715,0,0,1,1,N,N,55,98,9801,Y,37.4956,-82.53121,9,3,6,1,1,2,2,1,3,N,N,,2020,O,098-US-0023  -000,098-US-0023  -000,25.715,0,0,0,0,0,0,0,0,0,0,0,1,0,1,Non-DAC,0,1,
72770533,20220608,1004,HAROLDS BRANCH,N,0.128,0,0,1,1,N,N,25,98,9801,Y,37.47148,-82.52116,9,3,6,1,1,2,2,7,3,N,N,098-CS-1223-0,2022,O,098-CS-1223  -000,098-CS-1223  -000,0.128,0,0,1,0,0,0,0,0,0,0,0,1,0,1,Non-DAC,0,1,
72794826,20220811,832,US23,N,26.835,0,0,2,2,N,N,45,98,9801,Y,37.50933,-82.53844,5,3,6,1,5,3,2,7,3,N,N,098-US-0023-10,2022,O,098-US-0023  -010,098-US-0023  -000,26.835,0,0,0,1,0,0,1,0,0,0,0,0,0,1,Non-DAC,1,0,195-0818
72593532,20210207,1703,KY3496,N,0.338,0,0,2,2,N,N,35,98,9801,Y,37.46793,-82.53296,7,3,6,1,1,3,2,7,3,N,N,098-KY-3496-0,2021,O,098-KY-3496  -000,098-KY-3496  -000,0.338,0,0,0,0,0,0,1,0,0,1,0,1,0,1,DAC,0,1,
72847031,20221214,1324,US119,N,0.529,0,0,2,2,N,N,55,98,9801,Y,37.50673,-82.52328,5,3,6,1,5,6,2,7,3,N,N,098-US-0119-0,2022,O,098-US-0119  -000,098-US-0119  -000,0.529,0,0,1,0,0,0,0,1,0,0,0,0,0,1,Non-DAC,0,1,
72556928,20201008,1937,FIFE FORK,N,0.109,0,0,2,2,N,N,15,98,9801,Y,37.47457,-82.48353,2,97,5,1,1,2,6,6,3,N,N,098-CS-1077-0,2020,O,098-CS-1077  -000,098-CS-1077  -000,0.109,0,0,0,0,0,0,1,0,0,0,0,0,0,1,Non-DAC,0,1,
72750697,20220407,1635,US23,N,23.104,0,0,2,2,N,N,55,98,9801,Y,37.466,-82.52885,5,3,6,1,1,2,2,7,3,N,N,098-US-0023-10,2022,O,098-US-0023  -010,098-US-0023  -000,23.104,0,0,0,0,0,0,1,0,0,0,0,0,0,1,DAC,0,1,
72675364,20210923,1444,US23,N,19.125,0,0,1,1,N,N,55,98,9801,Y,37.4422,-82.50584,9,3,6,1,1,2,2,1,3,N,N,,2021,O,098-US-0023  -000,098-US-0023  -000,19.125,0,0,0,0,0,0,0,0,0,0,0,0,0,1,Non-DAC,0,1,
72515556,20200626,1750,BANK,N,0.174,0,0,2,2,N,Y,15,98,9801,Y,37.47698,-82.51997,1,3,6,1,1,2,2,6,3,N,N,,2020,O,098-CS-1106  -000,098-CS-1106  -000,0.174,0,0,0,0,0,0,1,0,0,0,0,0,0,1,DAC,0,1,
72804810,20220913,748,SAAD,N,0.078,0,0,2,2,N,N,10,98,9801,Y,37.4826,-82.51975,5,3,4,1,1,2,2,1,3,N,N,098-CS-1165-0,2022,O,098-CS-1165  -000,098-CS-1165  -000,0.078,0,0,0,0,0,0,1,0,0,0,0,0,0,1,DAC,0,1,
72811336,20220930,1404,KY3496,N,0.928,0,0,2,2,N,N,35,98,9801,Y,37.47216,-82.52715,1,3,6,1,1,2,2,1,3,N,N,,2022,O,098-KY-3496  -000,098-KY-3496  -000,0.928,0,0,1,1,0,0,1,1,0,0,0,0,0,1,DAC,1,0,195-1180
72603652,20210227,1513,US23,N,,1,1,2,2,N,N,55,98,9801,Y,37.44373,-82.51852,1,3,3,1,5,3,2,1,3,Y,N,,2021,K,098-US-0023  -010,098-US-0023  -000,20.546,0,0,0,1,0,0,1,1,0,0,0,0,1,1,Non-DAC,0,1,
72502271,20200518,36,US23,N,29.912,0,0,1,1,N,N,55,98,9801,Y,37.53595,-82.57909,9,3,3,1,1,2,6,7,3,N,N,,2020,O,098-US-0023  -000,098-US-0023  -000,29.912,0,0,0,0,0,0,1,0,0,0,0,0,0,1,Non-DAC,1,0,195-0629
72660732,20210819,1743,US23,N,27.184,0,0,1,1,N,N,55,98,9801,Y,37.51074,-82.54489,9,3,6,1,5,6,2,7,3,N,N,,2021,O,098-US-0023  -000,098-US-0023  -000,27.184,0,0,0,0,0,0,0,0,0,0,0,1,0,1,Non-DAC,0,1,
72842577,20221213,1452,US23,N,27.359,0,0,2,2,N,N,55,98,9801,Y,37.51087,-82.5484,5,3,6,1,1,2,2,7,3,N,N,098-US-0023-0,2022,O,098-US-0023  -000,098-US-0023  -000,27.359,0,0,1,0,0,0,0,0,0,0,0,0,0,1,Non-DAC,1,0,195-0811
72703616,20211201,2013,US460,N,0.151,0,0,2,2,N,N,55,98,9801,Y,37.4402,-82.50854,5,3,6,1,1,2,7,7,3,N,N,098-US-0460-0,2021,O,098-US-0460  -000,098-US-0460  -000,0.151,0,0,1,0,0,0,1,0,0,0,0,0,0,1,Non-DAC,0,1,
72530957,20200811,1436,US23,N,26.301,2,0,3,3,N,N,55,98,9801,Y,37.50391,-82.53238,5,3,6,1,1,2,2,7,3,Y,N,,2020,B,098-US-0023  -010,098-US-0023  -000,26.301,1,0,0,0,0,0,1,0,0,0,0,0,0,1,Non-DAC,0,1,