MasterFile,CollisionDate,CollisionTime,RoadwayName,ParkingLotIndicator,Milepoint,NumberInjured,NumberKilled,ofUnits,ofMotorVehicleUnits,Hit&RunIndicator,OneWayIndicator,SpeedLimitNumber,CountyCode,CityCountyCode,InCityLimitsIndicator,Latitude,Longitude,MannerofCollisionCode,LocationFirstEventCode,RoadwayCharacterCode,RoadwaySurfaceCode,RoadwayConditionCode,WeatherCode,LightConditionCode,LandUseCode,SchoolBusRelatedCode,FirstAidSceneIndicator,PropertyDamageIndicator,RT_UNIQUE,YR,KABCO,WorkingRID,KTC_RT,KTC_MP,Motorcyclist,Commercial Vehicle,Young Driver,Mature Driver,Pedestrian,Bicyclist,Distracted,Aggressive,Impaired,Unrestrained,Intersection,Roadway Departure,Median Cross-over,CityCrash,DACid,Int_Crash,Seg_Crash,Int_ID
72740611,20220314,1255,KY3496,N,0.898,0,0,2,2,N,N,35,98,9801,Y,37.4721,-82.52771,5,3,6,1,1,2,2,1,3,N,N,098-KY-3496-0,2022,O,098-KY-3496  -000,098-KY-3496  -000,0.898,0,0,0,0,0,0,0,0,0,0,0,0,0,1,DAC,0,1,
72565669,20201023,2300,KY3218,N,3.273,1,0,1,1,N,N,55,98,9801,Y,37.56253,-82.55721,9,3,1,1,1,2,6,7,3,Y,N,098-KY-3218-0,2020,B,098-KY-3218  -000,098-KY-3218  -000,3.273,0,0,0,0,0,0,0,0,0,0,0,1,0,1,Non-DAC,1,0,195-2076
72517756,20200704,2142,OWSLEY,N,6.877,0,0,2,2,N,N,45,98,9801,Y,37.4799,-82.54166,1,3,6,1,1,2,5,1,3,N,N,,2020,O,098-KY-1384  -000,098-KY-1384  -000,6.877,0,0,0,0,0,0,1,1,0,0,0,0,0,1,DAC,1,0,195-1094
72560348,20201103,1340,REDALE,N,0.274,0,0,2,2,N,N,15,98,9801,Y,37.48651,-82.5295,8,3,6,1,1,2,2,6,3,N,N,098-CS-1244-0,2020,O,098-CS-1244  -000,098-CS-1244  -000,0.274,0,0,0,1,0,0,0,0,0,1,0,1,0,1,DAC,1,0,195-0948
72688063,20211027,733,US23 TURN LANE,N,0.007,0,0,2,1,N,N,55,98,9801,Y,37.5041,-82.53221,5,3,6,1,1,2,2,7,3,N,N,098-US-0023-20,2021,O,098-US-0023  -020,098-US-0023  -020,0.007,0,0,1,0,0,0,0,0,0,0,0,0,0,1,Non-DAC,1,0,195-0861
72488688,20200317,627,US23,N,23.058,0,0,2,2,N,N,55,98,9801,Y,37.46599,-82.52814,5,3,6,1,5,6,6,1,3,N,N,098-US-0023-0,2020,O,098-US-0023  -000,098-US-0023  -000,23.058,0,0,0,1,0,0,1,0,0,0,0,0,0,1,DAC,0,1,
72465050,20200106,817,US23,N,18.726,0,0,2,2,N,N,55,98,9801,Y,37.4381,-82.50969,8,3,6,1,1,2,2,7,3,N,N,,2020,O,098-US-0023  -000,098-US-0023  -000,18.726,0,0,0,0,0,0,1,1,0,0,0,1,0,1,Non-DAC,0,1,
72562257,20201106,1230,MAIN,N,,0,0,2,2,Y,N,25,98,9801,Y,37.47946,-82.5175,8,3,6,1,1,2,2,1,3,N,N,,2020,O,098-CS-1112  -000,098-CS-1112  -000,0.134,0,0,0,0,0,0,0,0,1,1,0,0,0,1,DAC,1,0,195-1087
72658251,20210813,1725,US23,N,27.167,0,0,2,2,N,N,45,98,9801,Y,37.51046,-82.54459,5,3,6,97,1,2,2,7,3,N,N,,2021,O,098-US-0023  -000,098-US-0023  -000,27.167,0,0,0,0,0,0,1,1,0,0,0,0,0,1,Non-DAC,0,1,
72582685,20210107,2355,CHLOE,N,4.469,0,0,1,1,N,N,35,98,9801,Y,37.47738,-82.50492,9,5,3,1,5,3,7,7,3,N,N,098-KY-1460-0,2021,O,098-KY-1460  -000,098-KY-1460  -000,4.469,0,0,0,0,0,0,0,0,0,0,0,1,0,1,Non-DAC,0,1,
72738704,20220304,1214,BAIRD,N,5.389,1,0,2,2,N,N,25,98,9801,Y,37.4731,-82.5271,5,3,6,1,1,2,2,7,3,Y,N,098-KY-1426-0,2022,C,098-KY-1426  -000,098-KY-1426  -000,5.389,0,0,0,0,0,0,0,0,0,0,0,0,0,1,DAC,1,0,195-1174
72788045,20220729,1245,US23,N,20.499,0,0,2,2,N,N,55,98,9801,Y,37.4437,-82.51862,8,3,6,1,1,3,2,7,3,N,N,098-US-0023-0,2022,O,098-US-0023  -000,098-US-0023  -000,20.499,0,0,0,1,0,0,1,0,0,0,0,1,0,1,Non-DAC,0,1,
72472220,20200129,1413,HAMBLEY BLVD,N,,0,0,2,2,N,N,15,98,9801,Y,37.48164,-82.5338,1,97,6,1,1,3,2,1,3,N,N,,2020,O,098-KY-1384  -022,098-KY-1384  -022,0.026,0,0,0,0,0,0,1,0,0,0,0,0,0,1,DAC,1,0,195-1064
72646730,20210709,820,US23,N,22.152,1,0,2,2,N,N,55,98,9801,Y,37.45943,-82.51695,5,3,6,1,5,3,2,7,3,Y,N,098-US-0023-0,2021,C,098-US-0023  -000,098-US-0023  -000,22.152,0,0,0,1,0,0,0,0,0,0,0,0,0,1,Non-DAC,1,0,195-1250
72747527,20220325,2214,HAMBLEY,N,0.806,1,0,2,1,Y,N,25,98,9801,Y,37.48262,-82.51925,9,3,6,1,1,2,4,1,3,Y,N,098-CS-1222-0,2022,C,098-CS-1222  -000,098-CS-1222  -000,0.806,0,0,0,0,1,0,0,0,0,0,0,0,0,1,DAC,1,0,195-1031
72780583,20220707,1745,US23,N,23.063,0,0,2,2,N,N,55,98,9801,Y,37.46584,-82.52814,1,3,6,1,1,2,2,7,3,N,N,098-US-0023-10,2022,O,098-US-0023  -010,098-US-0023  -000,23.063,0,0,0,0,0,0,1,1,0,0,1,0,0,1,DAC,0,1,
72771813,20220531,1341,US23,N,31.184,2,0,1,1,N,N,55,98,9801,Y,37.53624,-82.5977,9,3,6,1,1,2,2,1,3,Y,N,098-US-0023-0,2022,C,098-US-0023  -000,098-US-0023  -000,31.184,0,0,0,0,0,0,0,0,0,0,0,1,0,1,Non-DAC,0,1,
72845601,20221221,1400,US23,N,26.272,0,0,2,2,N,N,55,98,9801,Y,37.5035,-82.53234,5,3,6,1,1,2,2,7,3,N,N,098-US-0023-10,2022,O,098-US-0023  -010,098-US-0023  -000,26.272,0,0,0,0,0,0,0,0,0,0,0,0,0,1,Non-DAC,0,1,
72782070,20220706,1543,US460,N,0.246,2,0,2,2,N,N,45,98,9801,Y,37.43904,-82.50968,5,3,6,1,5,3,2,1,3,N,N,098-US-0460-0,2022,C,098-US-0460  -000,098-US-0460  -000,0.246,0,0,0,0,0,0,1,0,0,0,0,0,0,1,Non-DAC,1,0,195-1307
72709725,20211211,936,BYPASS,N,6.117,1,0,2,2,N,N,45,98,9801,Y,37.4769,-82.51706,5,3,6,1,5,6,2,1,3,Y,N,098-KY-1426-0,2021,C,098-KY-1426  -000,098-KY-1426  -000,6.117,0,0,0,0,0,0,1,0,0,0,0,0,0,1,DAC,1,0,195-1125
72559595,20201030,1427,MAYO,N,21.093,0,0,1,1,N,N,55,98,9801,Y,37.44634,-82.52599,9,3,3,1,1,3,2,7,3,N,N,098-US-0023-10,2020,O,098-US-0023  -010,098-US-0023  -000,21.093,0,0,0,1,0,0,0,0,0,0,0,0,0,1,Non-DAC,0,1,
72861417,20230201,936,US23,N,26.31,0,0,2,2,N,N,55,98,9801,Y,37.50404,-82.53239,5,3,6,1,5,3,2,7,3,N,N,098-US-0023-10,2023,O,098-US-0023  -010,098-US-0023  -000,26.247,0,0,0,0,0,0,0,0,0,0,0,0,0,1,Non-DAC,1,0,195-0861
72716165,20220101,814,US 119 NORTH,N,,0,0,1,1,N,N,55,98,9807,N,37.50928,-82.51122,9,3,4,1,5,6,2,7,3,N,N,,2022,O,098-US-0119  -000,098-US-0119  -000,1.218,0,0,0,0,0,0,0,0,0,0,0,1,0,1,Non-DAC,0,1,
72712953,20211218,2112,HAROLDS BRANCH,N,1.096,0,0,2,2,Y,N,55,98,9801,Y,37.46728,-82.50548,7,3,2,1,5,2,6,7,3,N,N,098-CS-1223-0,2021,O,098-CS-1223  -000,098-CS-1223  -000,1.096,0,0,0,0,0,0,0,0,0,0,0,1,0,1,Non-DAC,1,0,195-1211
72578354,20201224,1035,US23,N,18.245,0,0,1,1,N,N,55,98,9801,N,37.43246,-82.51452,9,5,4,1,5,6,2,1,3,N,N,098-US-0023-0,2020,O,098-US-0023  -000,098-US-0023  -000,18.245,0,0,0,0,0,0,0,0,0,0,0,1,0,1,Non-DAC,0,1,
72441469,20191122,1451,US119,N,0.048,0,0,2,2,N,N,55,98,9801,Y,37.50382,-82.53127,5,3,6,1,5,3,2,1,3,N,N,098-US-0119-0,2019,O,098-US-0119  -000,098-US-0119  -000,0.048,0,0,1,0,0,0,1,0,0,0,0,0,0,1,Non-DAC,1,0,195-0861
72560999,20201104,1543,HAMBLEY,N,0.762,0,0,2,2,N,N,25,98,9801,Y,37.48226,-82.51907,1,3,6,1,1,2,2,1,3,N,N,098-CS-1222-0,2020,O,098-CS-1222  -000,098-CS-1222  -000,0.762,0,0,0,1,0,0,1,0,0,0,0,0,0,1,DAC,1,0,195-1053
72804358,20220907,1520,US23,N,24.601,0,0,2,2,N,N,55,98,9801,Y,37.48305,-82.54325,5,3,6,1,1,2,2,7,3,N,N,098-US-0023-0,2022,O,098-US-0023  -000,098-US-0023  -000,24.601,0,0,0,0,0,0,0,0,0,0,0,0,0,1,Non-DAC,0,1,
72477139,20200210,1707,BYPASS,N,6.142,0,0,2,2,N,Y,35,98,9801,Y,37.47718,-82.51679,5,3,6,1,5,6,2,1,3,N,N,098-KY-1426-0,2020,O,098-KY-1426  -000,098-KY-1426  -000,6.142,0,0,1,0,0,0,0,0,0,0,0,0,0,1,DAC,1,0,195-1116
72444626,20191129,1615,CASSIDY,N,0.252,0,0,2,2,N,N,25,98,9801,Y,37.50454,-82.53599,1,3,6,1,1,2,2,7,3,N,N,,2019,O,098-CS-1191  -000,098-CS-1191  -000,0.252,0,0,0,0,0,0,1,0,0,0,0,0,0,1,Non-DAC,0,1,
72659847,20210805,1432,CHLOE,N,4.456,0,0,2,2,N,N,35,98,9801,Y,37.4774,-82.50468,7,3,3,1,1,2,2,6,3,N,N,,2021,O,098-KY-1460  -000,098-KY-1460  -000,4.456,0,0,0,0,0,0,0,0,1,0,0,1,1,1,Non-DAC,0,1,
72526940,20200731,1453,MAYO,N,25.923,0,0,2,2,N,N,55,98,9801,Y,37.49858,-82.53143,5,3,6,1,5,6,2,1,3,N,N,,2020,O,098-US-0023  -010,098-US-0023  -000,25.923,0,0,0,0,0,0,1,0,0,0,0,0,0,1,Non-DAC,0,1,
72486027,20200304,1714,2ND,N,0.214,0,0,2,2,Y,N,25,98,9801,Y,37.48088,-82.51765,8,97,6,1,1,2,2,1,3,N,N,098-CS-1117-0,2020,O,098-CS-1117  -000,098-CS-1117  -000,0.214,0,0,0,0,0,0,0,0,0,0,0,0,0,1,DAC,0,1,
72737615,20220305,1726,KY1460,N,6.759,0,0,1,1,N,N,45,98,9801,Y,37.48378,-82.54048,9,6,6,1,1,2,2,7,3,N,N,098-KY-1460-0,2022,O,098-KY-1460  -000,098-KY-1460  -000,6.759,0,0,1,0,0,0,0,0,0,0,0,1,0,1,Non-DAC,0,1,
72705432,20211205,552,KY1426,N,8.116,1,0,1,1,N,N,45,98,9801,Y,37.49277,-82.49089,9,6,2,1,1,2,6,7,3,Y,N,098-KY-1426-0,2021,C,098-KY-1426  -000,098-KY-1426  -000,8.116,0,0,0,0,0,0,1,0,1,0,0,1,0,1,Non-DAC,0,1,
72685448,20211015,1440,BAIRD,N,5.388,0,0,2,2,N,N,15,98,9801,Y,37.47305,-82.52704,1,3,6,1,1,2,2,7,3,N,N,098-KY-1426-0,2021,O,098-KY-1426  -000,098-KY-1426  -000,5.388,0,0,0,0,0,0,1,0,0,0,0,0,0,1,DAC,1,0,195-1174
72430991,20191101,1621,US23,N,26.133,0,0,2,2,N,N,55,98,9801,Y,37.50152,-82.53182,5,3,6,1,1,2,2,7,3,N,N,,2019,O,098-US-0023  -000,098-US-0023  -000,26.133,0,0,0,1,0,0,1,0,0,0,0,0,0,1,Non-DAC,0,1,
72523847,20200719,1515,US23,N,25.734,2,0,2,2,N,N,55,98,9801,Y,37.49588,-82.53106,1,3,3,1,1,2,2,1,3,Y,N,098-US-0023-0,2020,C,098-US-0023  -000,098-US-0023  -000,25.734,0,0,0,0,0,0,1,0,0,0,0,0,0,1,Non-DAC,0,1,
72555656,20201018,1302,US23,N,,1,0,2,2,N,N,55,98,9801,Y,37.43884,-82.50917,1,3,6,1,1,2,2,1,3,Y,N,,2020,A,098-US-0023  -071,098-US-0023  -071,0.007,1,0,0,1,0,0,1,1,0,0,0,0,0,1,Non-DAC,1,0,195-1308
72532984,20200818,1649,US23,N,25.715,0,0,1,1,N,N,55,98,9801,Y,37.4956,-82.53121,9,3,6,1,1,2,2,1,3,N,N,,2020,O,098-US-0023  -000,098-US-0023  -000,25.715,0,0,0,0,0,0,0,0,0,0,0,1,0,1,Non-DAC,0,1,
72689744,20211029,2338,US119,N,0.151,0,0,1,1,N,N,55,98,9801,Y,37.50437,-82.52943,9,3,6,1,1,2,6,7,3,N,N,098-US-0119-10,2021,O,098-US-0119  -010,098-US-0119  -000,0.151,0,0,0,0,0,0,0,0,0,0,0,0,0,1,Non-DAC,0,1,
72735298,20220221,712,HAROLDS BRANCH,N,0.102,0,0,2,2,N,N,25,98,9801,Y,37.47151,-82.5219,1,3,6,2,1,3,2,1,3,N,N,098-CS-1223-0,2022,O,098-CS-1223  -000,098-CS-1223  -000,0.102,0,0,1,0,0,0,1,1,0,0,0,0,0,1,Non-DAC,0,1,
72595260,20210213,1855,US23,N,27.463,0,0,2,2,N,N,55,98,9807,Y,37.51139,-82.55019,8,3,6,1,5,3,7,7,3,N,N,098-US-0023-0,2021,O,098-US-0023  -000,098-US-0023  -000,27.463,0,0,0,0,0,0,1,0,0,0,0,1,0,1,Non-DAC,1,0,195-0808
72580725,20201230,906,US23,N,27.438,0,0,2,2,N,N,55,98,9807,Y,37.51108,-82.54984,5,3,6,1,1,2,2,6,3,N,N,098-US-0023-10,2020,O,098-US-0023  -010,098-US-0023  -000,27.438,0,0,0,1,0,0,0,0,0,0,0,0,0,1,Non-DAC,0,1,
72576501,20201213,2045,TOWN MOUNTAIN,N,6.852,0,0,1,1,N,N,45,98,9801,Y,37.48552,-82.51006,9,3,6,1,1,2,6,1,3,N,N,098-KY-1426-0,2020,O,098-KY-1426  -000,098-KY-1426  -000,6.852,0,0,1,0,0,0,0,0,0,0,0,0,0,1,Non-DAC,0,1,
72795147,20220811,1551,KY1426,N,6.913,0,0,2,2,N,N,45,98,9801,Y,37.48638,-82.509,5,3,6,1,1,2,2,7,3,N,N,098-KY-1426-0,2022,O,098-KY-1426  -000,098-KY-1426  -000,6.913,0,0,1,0,0,0,1,0,0,1,0,0,0,1,Non-DAC,1,0,195-0950
72749380,20220405,1359,US23,N,31.785,0,0,2,2,Y,N,55,98,9801,Y,37.53751,-82.60501,8,3,6,1,1,3,2,1,3,N,N,098-US-0023-0,2022,O,098-US-0023  -000,098-US-0023  -000,31.785,0,0,0,0,0,0,0,0,0,0,0,1,0,1,Non-DAC,1,0,195-0615
72803452,20220909,1337,US23 TURN LANE,N,0.014,0,0,2,2,N,N,55,98,9801,Y,37.50383,-82.53249,5,3,6,1,1,2,2,1,3,N,N,,2022,O,098-US-0023  -020,098-US-0023  -020,0.014,0,0,1,0,0,0,1,1,0,0,0,0,0,1,Non-DAC,1,0,195-0861
72676029,20210921,526,BOB AMOS,N,0.832,0,0,1,1,N,N,35,98,9801,Y,37.46833,-82.54298,9,97,4,1,1,2,5,7,3,N,Y,,2021,O,098-CS-1025  -000,098-CS-1025  -000,0.832,0,0,0,0,0,0,0,0,1,1,0,1,0,1,Non-DAC,0,1,
72804316,20220902,1535,US23,N,27.398,0,0,2,2,N,N,55,98,9807,Y,37.51091,-82.54919,5,3,6,1,1,2,2,7,3,N,N,098-US-0023-10,2022,O,098-US-0023  -010,098-US-0023  -000,27.398,0,0,1,0,0,0,0,0,0,0,0,0,0,1,Non-DAC,1,0,195-0811
72729337,20220209,2025,KY1426 TURN LANE,N,0.024,0,0,2,2,N,N,35,98,9801,Y,37.47398,-82.52732,5,3,6,1,1,2,5,1,3,N,N,098-KY-1426-28,2022,O,098-KY-1426  -028,098-KY-1426  -028,0.024,0,0,0,0,0,0,1,0,0,0,0,0,0,1,DAC,1,0,195-1167
72738944,20220309,1755,US23,N,23.053,0,0,2,2,N,N,55,98,9801,Y,37.46579,-82.52817,5,3,6,1,1,3,2,1,3,N,N,098-US-0023-10,2022,O,098-US-0023  -010,098-US-0023  -000,23.053,0,0,0,0,0,0,1,0,0,0,1,0,0,1,DAC,0,1,
72561520,20201101,1434,US460,N,0.295,0,0,2,2,N,N,45,98,9801,Y,37.43849,-82.51028,4,3,6,1,1,2,2,7,3,N,N,,2020,O,098-US-0460  -000,098-US-0460  -000,0.295,0,0,1,0,0,0,1,0,0,0,0,0,0,1,Non-DAC,0,1,
72661933,20210823,730,2ND,N,0.114,0,0,2,2,N,N,25,98,9801,Y,37.48211,-82.51666,8,3,6,1,1,3,2,7,3,N,N,098-CS-1117-0,2021,O,098-CS-1117  -000,098-CS-1117  -000,0.114,0,0,0,0,0,0,1,0,0,0,0,0,0,1,DAC,1,0,195-1054
72635458,20210608,1057,US23,N,26.313,0,0,2,2,N,N,55,98,9801,Y,37.50407,-82.5324,8,3,6,1,1,3,2,7,3,N,N,,2021,O,098-US-0023  -010,098-US-0023  -000,26.313,0,0,0,1,0,0,1,0,0,0,0,1,0,1,Non-DAC,0,1,
72423288,20191017,1654,DIVISION,N,0.158,0,0,1,1,N,N,15,98,9801,Y,37.47915,-82.51677,9,97,6,1,1,2,2,5,3,N,Y,098-CS-1130-0,2019,O,098-CS-1130  -000,098-CS-1130  -000,0.158,0,0,0,0,0,0,0,0,0,0,0,1,0,1,DAC,0,1,
72635479,20210611,1444,CASSIDY,N,0.032,0,0,2,2,N,N,25,98,9801,Y,37.50372,-82.53272,8,3,6,1,1,3,2,7,3,N,N,,2021,O,098-CS-1191  -000,098-CS-1191  -000,0.032,0,0,0,0,0,0,0,1,0,0,0,1,0,1,Non-DAC,1,0,195-0861
72602306,20210309,1637,BANK,N,0.048,0,0,2,2,N,Y,10,98,9801,Y,37.47571,-82.521,2,3,6,1,1,2,2,1,3,N,N,,2021,O,098-CS-1106  -000,098-CS-1106  -000,0.048,0,0,0,0,0,0,1,0,0,0,0,0,0,1,DAC,0,1,
72794843,20220810,1127,CASSIDY,N,0.008,0,0,2,2,N,N,55,98,9801,Y,37.50375,-82.53229,3,3,6,1,1,2,2,7,3,N,N,098-CS-1191-0,2022,O,098-CS-1191  -000,098-CS-1191  -000,0.008,0,0,0,0,0,0,1,1,0,0,1,0,0,1,Non-DAC,1,0,195-0861
72659528,20210809,1742,US23,N,24.814,0,0,2,2,N,N,55,98,9801,Y,37.48601,-82.54214,8,3,6,1,1,2,2,7,3,N,N,,2021,O,098-US-0023  -000,098-US-0023  -000,24.814,0,0,0,0,0,0,1,0,0,0,0,1,0,1,Non-DAC,0,1,
72617448,20210423,1528,US23,N,26.291,0,0,2,2,N,N,55,98,9801,Y,37.50376,-82.53215,5,3,6,1,1,2,2,7,3,N,N,098-US-0023-0,2021,O,098-US-0023  -000,098-US-0023  -000,26.291,0,0,1,0,0,0,1,0,1,0,1,0,0,1,Non-DAC,0,1,
72692777,20211030,1317,US23,N,25.702,0,0,2,2,N,N,55,98,9801,Y,37.49544,-82.53132,1,3,3,1,5,6,2,1,3,N,N,,2021,O,098-US-0023  -000,098-US-0023  -000,25.702,0,0,0,0,0,0,1,1,0,0,0,0,0,1,Non-DAC,0,1,
72630796,20210530,1805,US23,N,21.424,2,0,2,2,N,N,55,98,9801,Y,37.45084,-82.52402,1,3,6,1,1,3,2,7,3,Y,N,098-US-0023-0,2021,C,098-US-0023  -000,098-US-0023  -000,21.424,0,0,0,1,0,0,1,0,0,0,0,0,0,1,Non-DAC,0,1,
72598846,20210227,2152,BYPASS,N,6.546,0,0,2,2,N,N,55,98,9801,Y,37.48227,-82.51369,1,97,6,1,5,3,7,1,3,N,N,098-KY-1426-0,2021,O,098-KY-1426  -000,098-KY-1426  -000,6.546,0,0,1,0,0,0,1,0,0,0,0,0,0,1,DAC,0,1,
72776605,20220624,1610,KY3218,N,0.094,0,0,1,1,N,N,55,98,9801,Y,37.53814,-82.60088,9,3,1,1,1,2,2,7,3,N,N,,2022,O,098-KY-3218  -000,098-KY-3218  -000,0.094,0,0,0,0,0,0,0,0,0,0,0,1,0,1,Non-DAC,0,1,
72639944,20210624,1439,US23,N,26.282,0,0,2,2,N,N,55,98,9801,Y,37.50364,-82.53213,5,3,6,1,1,2,2,7,3,N,N,098-US-0023-0,2021,O,098-US-0023  -000,098-US-0023  -000,26.282,0,0,0,0,0,0,1,0,0,0,0,0,0,1,Non-DAC,0,1,
72724785,20220126,1711,US119,N,0.019,0,0,2,2,N,N,55,98,9801,Y,37.50388,-82.53168,5,3,6,1,1,2,3,1,3,N,N,,2022,O,098-US-0119  -010,098-US-0119  -000,0.019,0,0,0,0,0,0,1,0,0,0,0,0,0,1,Non-DAC,1,0,195-0861
72648212,20210711,1823,HAMBLEY,N,,4,0,2,2,N,N,35,98,9801,Y,37.47401,-82.5273,3,3,6,1,1,2,2,1,3,Y,N,098-CS-1222-0,2021,B,098-CS-1222  -000,098-CS-1222  -000,0,0,0,0,0,0,0,1,1,0,0,0,1,0,1,DAC,1,0,195-1167
72852276,20230105,1449,US23,N,26.288,4,0,2,2,N,N,55,98,9801,Y,37.50372,-82.53215,1,3,6,1,1,2,2,7,3,Y,N,098-US-0023-0,2023,C,098-US-0023  -000,098-US-0023  -000,26.225,0,0,0,1,0,0,0,1,0,0,0,0,0,1,Non-DAC,1,0,195-0861
72554451,20200925,2105,US23,N,31.651,0,0,1,1,N,N,55,98,9801,Y,37.537,-82.6025,9,3,6,1,1,2,6,7,1,N,N,,2020,O,098-US-0023  -010,098-US-0023  -000,31.651,0,0,0,1,0,0,1,0,0,0,0,0,0,1,Non-DAC,0,1,
72826780,20221030,1930,US23 NORTH,N,,2,0,2,2,N,N,55,98,9801,Y,37.49216,-82.53484,3,3,6,1,1,2,7,1,3,Y,N,,2022,A,098-US-0023  -000,098-US-0023  -000,25.343,0,0,0,0,0,0,0,0,1,0,0,1,0,1,Non-DAC,1,0,195-0924
72681116,20211010,1337,HAMBLEY,N,0.151,0,0,2,2,N,N,25,98,9801,Y,37.47484,-82.52477,7,7,6,1,1,2,2,6,3,N,N,098-CS-1222-0,2021,O,098-CS-1222  -000,098-CS-1222  -000,0.151,0,0,0,0,0,0,0,0,1,0,0,0,0,1,DAC,0,1,
72444988,20191127,1442,US23,N,22.509,5,0,2,2,N,N,55,98,9801,Y,37.46392,-82.51894,5,3,6,1,1,2,2,1,3,Y,Y,098-US-0023-0,2019,C,098-US-0023  -000,098-US-0023  -000,22.509,0,0,0,0,0,0,1,0,0,0,1,0,0,1,Non-DAC,0,1,
72805570,20220914,559,US23,N,26.203,0,0,2,2,N,N,55,98,9801,Y,37.50252,-82.532,8,3,6,1,1,2,6,7,3,N,N,098-US-0023-0,2022,O,098-US-0023  -000,098-US-0023  -000,26.203,0,0,1,0,0,0,0,0,0,0,0,1,0,1,Non-DAC,1,0,195-0861
72632769,20210604,228,US23,N,26.402,1,0,1,1,N,N,55,98,9801,Y,37.50529,-82.53271,9,3,6,1,1,2,5,7,3,Y,N,098-US-0023-10,2021,C,098-US-0023  -010,098-US-0023  -000,26.402,0,0,0,0,0,0,0,0,1,1,0,1,0,1,Non-DAC,0,1,
72798933,20220806,925,OWSLEY,N,5.957,0,0,1,1,Y,N,35,98,9801,Y,37.47704,-82.55663,9,3,6,1,1,2,7,1,3,N,Y,098-KY-1384-0,2022,O,098-KY-1384  -000,098-KY-1384  -000,5.957,0,0,0,0,0,0,0,0,0,0,0,0,0,1,Non-DAC,0,1,
72772041,20220604,1210,US23,N,27.393,0,0,2,2,Y,N,55,98,9807,Y,37.51088,-82.54909,5,3,6,1,1,2,2,7,3,N,N,098-US-0023-10,2022,O,098-US-0023  -010,098-US-0023  -000,27.393,1,0,0,1,0,0,1,0,0,0,0,1,0,1,Non-DAC,1,0,195-0811
72766824,20220523,1739,THOMPSON,N,0.044,0,0,2,2,N,N,35,98,9801,Y,37.51016,-82.54824,5,3,6,1,5,6,2,1,3,N,N,098-CS-1215-0,2022,O,098-CS-1215  -000,098-CS-1215  -000,0.044,0,0,0,1,0,0,1,0,0,0,0,0,0,1,Non-DAC,1,0,195-0812
72594988,20210216,747,US23,N,23.704,0,0,1,1,N,N,55,98,9801,Y,37.47272,-82.53463,9,5,6,1,2,3,2,7,3,N,N,098-US-0023-0,2021,O,098-US-0023  -000,098-US-0023  -000,23.704,0,0,0,0,0,0,0,0,0,0,0,1,0,1,DAC,0,1,
72567760,20201120,1758,CASSIDY,N,0.203,0,0,2,2,N,Y,15,98,9801,Y,37.50406,-82.53528,1,97,6,1,1,2,5,1,3,N,N,,2020,O,098-CS-1191  -000,098-CS-1191  -000,0.203,0,0,1,0,0,0,1,0,0,0,0,0,0,1,Non-DAC,0,1,
72659719,20210725,1552,MAYO,N,19.804,6,2,3,3,N,N,55,98,9801,Y,37.44988,-82.50865,1,3,3,1,5,6,2,7,3,Y,N,098-US-0023-10,2021,K,098-US-0023  -010,098-US-0023  -000,19.804,0,0,0,0,0,0,0,1,0,1,0,1,1,1,Non-DAC,0,1,
72620296,20210407,1808,US23,N,22.941,1,0,2,2,N,N,55,98,9801,Y,37.46535,-82.52596,4,3,6,1,1,2,2,7,3,Y,N,098-US-0023-10,2021,A,098-US-0023  -010,098-US-0023  -000,22.941,1,0,0,0,0,0,1,1,0,0,1,0,0,1,DAC,0,1,
72467617,20200124,2119,US23,N,26.333,1,0,2,2,N,N,55,98,9801,Y,37.50436,-82.53243,5,3,6,1,5,6,5,1,3,Y,N,,2020,C,098-US-0023  -010,098-US-0023  -000,26.333,0,0,1,0,0,0,1,0,0,0,0,0,0,1,Non-DAC,0,1,
72746881,20220327,2336,KY3496,N,0.233,0,0,2,2,Y,N,35,98,9801,Y,37.46681,-82.53168,5,3,3,1,1,2,5,1,3,N,N,098-KY-3496-0,2022,O,098-KY-3496  -000,098-KY-3496  -000,0.233,0,0,0,0,0,0,0,0,0,0,0,0,0,1,DAC,0,1,
72781522,20220709,1806,HUFFMAN,N,0.096,0,0,2,2,N,N,25,98,9801,Y,37.47774,-82.51854,5,3,6,1,5,3,2,1,3,N,N,098-CS-1123-0,2022,O,098-CS-1123  -000,098-CS-1123  -000,0.096,0,0,0,0,0,0,1,1,0,0,1,0,0,1,DAC,1,0,195-1117
72607840,20210322,2226,CHLOE,N,4.414,0,0,1,1,N,N,35,98,9801,Y,37.47733,-82.50388,9,6,3,1,1,2,6,7,3,N,N,,2021,O,098-KY-1460  -000,098-KY-1460  -000,4.414,0,0,0,1,0,0,0,0,0,0,0,1,0,1,Non-DAC,0,1,
72718978,20220105,1347,US23,N,24.673,1,0,2,2,N,N,55,98,9801,Y,37.48396,-82.54311,8,3,6,1,1,2,2,1,3,Y,N,098-US-0023-10,2022,B,098-US-0023  -010,098-US-0023  -000,24.673,0,0,0,1,0,0,1,0,0,0,0,1,0,1,Non-DAC,0,1,