MasterFile,CollisionDate,CollisionTime,RoadwayName,ParkingLotIndicator,Milepoint,NumberInjured,NumberKilled,ofUnits,ofMotorVehicleUnits,Hit&RunIndicator,OneWayIndicator,SpeedLimitNumber,CountyCode,CityCountyCode,InCityLimitsIndicator,Latitude,Longitude,MannerofCollisionCode,LocationFirstEventCode,RoadwayCharacterCode,RoadwaySurfaceCode,RoadwayConditionCode,WeatherCode,LightConditionCode,LandUseCode,SchoolBusRelatedCode,FirstAidSceneIndicator,PropertyDamageIndicator,RT_UNIQUE,YR,KABCO,WorkingRID,KTC_RT,KTC_MP,Motorcyclist,Commercial Vehicle,Young Driver,Mature Driver,Pedestrian,Bicyclist,Distracted,Aggressive,Impaired,Unrestrained,Intersection,Roadway Departure,Median Cross-over,CityCrash,DACid,Int_Crash,Seg_Crash,Int_ID
72676306,20210917,724,US23,N,26.37,0,0,2,2,N,N,55,98,9801,Y,37.50486,-82.53255,5,3,6,1,1,2,2,7,3,N,N,,2021,O,098-US-0023  -010,098-US-0023  -000,26.37,0,0,0,0,0,0,1,0,0,0,0,0,0,1,Non-DAC,0,1,
72615102,20210415,1446,US23 CONNECTOR TO US460,N,0.009,1,0,2,2,N,N,55,98,9801,Y,37.43886,-82.50919,5,3,2,1,1,2,2,7,3,Y,N,098-US-0023-71,2021,C,098-US-0023  -071,098-US-0023  -071,0.009,0,0,0,0,0,0,1,0,0,0,0,0,0,1,Non-DAC,1,0,195-1308
72881206,20230330,1209,2ND,N,0.023,0,0,1,1,N,N,10,98,9801,Y,37.48321,-82.51577,9,4,6,97,1,2,2,1,3,N,Y,098-CS-1117-0,2023,O,098-CS-1117  -000,098-CS-1117  -000,0,0,0,0,1,0,0,1,0,0,0,0,1,0,1,DAC,0,1,
72472796,20200202,1644,BYPASS,N,5.795,0,0,2,2,N,N,35,98,9801,Y,37.47342,-82.5211,5,3,6,1,1,2,2,1,3,N,N,,2020,O,098-KY-1426  -000,098-KY-1426  -000,5.795,0,0,0,1,0,0,0,0,0,0,0,0,0,1,DAC,0,1,
72517856,20200701,1742,US23,N,23.072,0,0,2,2,N,N,55,98,9801,Y,37.46598,-82.52821,8,3,6,1,1,2,2,1,3,N,N,,2020,O,098-US-0023  -000,098-US-0023  -000,23.072,0,0,0,0,0,0,0,0,0,0,0,1,0,1,DAC,0,1,
72598149,20210225,1323,US23,N,26.26,0,0,2,2,Y,N,55,98,9801,Y,37.5034,-82.53232,8,3,6,1,1,2,2,7,3,N,N,098-US-0023-10,2021,O,098-US-0023  -010,098-US-0023  -000,26.26,0,0,0,1,0,0,0,0,0,0,0,1,0,1,Non-DAC,1,0,195-0861
72729731,20220210,1605,US23,N,26.318,0,0,2,2,N,N,55,98,9801,Y,37.50415,-82.53241,5,3,6,1,1,2,2,7,3,N,N,098-US-0023-10,2022,O,098-US-0023  -010,098-US-0023  -000,26.318,0,0,0,0,0,0,1,0,0,0,0,0,0,1,Non-DAC,0,1,
72523846,20200717,1410,US23,N,23.1,0,0,2,2,N,N,55,98,9801,Y,37.46597,-82.52871,5,3,6,1,5,3,2,1,3,N,N,098-US-0023-10,2020,O,098-US-0023  -010,098-US-0023  -000,23.1,0,0,0,0,0,0,0,0,0,0,0,0,0,1,DAC,0,1,
72707893,20211210,1912,US460,N,0.26,1,0,2,2,N,N,35,98,9801,Y,37.43869,-82.51006,1,3,6,1,5,3,5,1,3,Y,N,,2021,B,098-US-0460  -000,098-US-0460  -000,0.26,0,0,0,0,0,0,1,0,0,0,0,0,0,1,Non-DAC,1,0,195-1309
72559384,20201031,2200,US23,N,30.983,0,0,1,1,N,N,55,98,9801,Y,37.53974,-82.59268,9,3,3,1,1,2,5,7,3,N,N,,2020,O,098-US-0023  -000,098-US-0023  -000,30.983,0,0,0,0,0,0,0,0,0,0,0,0,0,1,Non-DAC,0,1,
72726030,20220128,1233,CASSIDY,N,0.047,0,0,2,2,N,N,35,98,9801,Y,37.50368,-82.53292,1,3,6,1,5,9,2,1,3,N,N,098-CS-1191-0,2022,O,098-CS-1191  -000,098-CS-1191  -000,0.047,0,0,0,0,0,0,1,0,0,0,0,0,0,1,Non-DAC,1,0,195-0861
72727125,20220129,2304,COLLEGE,N,0.068,0,0,2,2,N,N,25,98,9801,Y,37.47657,-82.52129,1,3,6,1,1,2,5,7,3,N,N,,2022,O,098-CS-1108  -000,098-CS-1108  -000,0.068,0,0,0,0,0,0,1,1,0,0,0,0,0,1,DAC,1,0,195-1134
72604322,20210312,1842,HAMBLEY,N,0.118,0,0,2,2,Y,N,25,98,9801,Y,37.47464,-82.52528,8,3,6,1,1,2,2,6,3,N,N,098-CS-1222-0,2021,O,098-CS-1222  -000,098-CS-1222  -000,0.118,0,0,0,0,0,0,0,0,1,0,0,0,0,1,DAC,1,0,195-1160
72736144,20220221,1743,HAMBLEY,N,0.635,0,0,2,2,Y,N,25,98,9801,Y,37.48013,-82.5192,7,7,6,1,1,2,2,1,3,N,N,098-CS-1222-0,2022,O,098-CS-1222  -000,098-CS-1222  -000,0.635,0,0,0,0,0,0,0,0,0,0,0,0,0,1,DAC,1,0,195-1083
72553761,20201016,1800,US23,N,30.584,0,0,2,2,N,N,55,98,9801,Y,37.54279,-82.58644,8,3,3,1,1,2,2,7,3,N,N,,2020,O,098-US-0023  -000,098-US-0023  -000,30.584,0,0,1,0,0,0,1,1,0,0,0,1,0,1,Non-DAC,0,1,
72661835,20210817,1108,CASSIDY,N,0.046,2,0,2,2,N,N,25,98,9801,Y,37.5037,-82.53291,1,3,6,1,5,3,2,1,3,Y,N,098-CS-1191-0,2021,C,098-CS-1191  -000,098-CS-1191  -000,0.046,0,0,1,0,0,0,1,0,0,0,0,0,0,1,Non-DAC,1,0,195-0861
72741257,20220315,1700,US23,N,31.582,0,0,2,2,N,N,55,98,9801,Y,37.53695,-82.60123,5,3,6,1,1,2,2,1,3,N,N,,2022,O,098-US-0023  -000,098-US-0023  -000,31.582,1,0,0,0,0,0,0,1,0,0,0,0,0,1,Non-DAC,1,0,195-0620
72475036,20200210,1251,HAMBLEY,N,1.683,0,0,2,2,N,N,35,98,9801,Y,37.48185,-82.53324,1,3,6,1,5,6,2,7,3,N,N,098-CS-1222-0,2020,O,098-CS-1222  -000,098-CS-1222  -000,1.683,0,0,0,0,0,0,1,0,0,0,0,0,0,1,DAC,1,0,195-1064
72745791,20220318,1623,US23,N,30.545,0,0,2,2,N,N,55,98,9801,Y,37.54264,-82.58575,3,5,3,1,1,2,2,1,3,N,N,098-US-0023-0,2022,O,098-US-0023  -000,098-US-0023  -000,30.545,0,0,0,0,0,0,0,0,0,0,0,1,0,1,Non-DAC,0,1,
72476075,20200211,1537,US23,N,26.232,3,0,2,2,N,N,55,98,9801,Y,37.50293,-82.53205,5,3,6,1,5,3,2,7,3,Y,N,,2020,C,098-US-0023  -000,098-US-0023  -000,26.232,0,1,0,0,0,0,1,0,0,0,0,0,0,1,Non-DAC,1,0,195-0861
72625400,20210515,1558,MT CHASE,N,0.057,0,0,2,2,N,N,15,98,9801,Y,37.48312,-82.52866,2,7,4,1,1,2,2,6,3,N,N,098-CS-1179-0,2021,O,098-CS-1179  -000,098-CS-1179  -000,0.057,0,0,0,0,0,0,1,0,0,0,0,0,0,1,DAC,0,1,
72552290,20201009,2117,OWSLEY,N,7.26,0,0,1,1,Y,N,35,98,9801,Y,37.48106,-82.53519,9,5,5,1,1,2,5,6,3,N,Y,098-KY-1384-0,2020,O,098-KY-1384  -000,098-KY-1384  -000,7.26,0,0,0,0,0,0,0,0,0,0,0,1,0,1,DAC,0,1,
72502477,20200518,1655,US23,N,26.291,0,0,2,2,N,N,55,98,9801,Y,37.50375,-82.53237,1,3,3,1,1,3,2,7,3,N,N,,2020,O,098-US-0023  -010,098-US-0023  -000,26.291,0,0,0,0,0,0,1,0,0,0,0,0,0,1,Non-DAC,0,1,
72544245,20200911,1555,US119,N,0.739,0,0,2,2,N,N,55,98,9801,Y,37.50767,-82.51961,5,3,6,1,1,3,2,7,3,N,N,098-US-0119-0,2020,O,098-US-0119  -000,098-US-0119  -000,0.739,0,0,0,1,0,0,1,0,0,0,0,0,0,1,Non-DAC,1,0,195-0825
72545260,20200918,1129,US23,N,26.329,0,0,2,2,N,N,55,98,9801,Y,37.5043,-82.53243,5,3,6,1,1,3,2,7,3,N,N,098-US-0023-10,2020,O,098-US-0023  -010,098-US-0023  -000,26.329,0,0,1,0,0,0,1,0,0,0,0,0,0,1,Non-DAC,0,1,
72820090,20221024,619,KY3218,N,1.558,0,0,1,1,N,N,55,98,9801,Y,37.55075,-82.58157,9,3,4,1,1,2,6,6,3,N,N,,2022,O,098-KY-3218  -000,098-KY-3218  -000,1.558,0,0,0,0,0,0,0,0,0,0,0,1,0,1,Non-DAC,0,1,
72758699,20220506,2230,CHLOE,N,4.173,0,0,2,2,N,N,35,98,9801,Y,37.47629,-82.49979,7,3,6,1,5,6,7,7,3,N,N,098-KY-1460-0,2022,O,098-KY-1460  -000,098-KY-1460  -000,4.173,0,0,1,0,0,0,0,0,0,0,0,1,0,1,Non-DAC,0,1,
72731040,20220215,619,BYPASS,N,5.739,0,0,1,1,N,N,35,98,9801,Y,37.47383,-82.52065,9,5,6,1,1,2,5,7,3,N,Y,098-KY-1426-0,2022,O,098-KY-1426  -000,098-KY-1426  -000,5.739,0,0,0,0,0,0,0,0,0,0,0,1,0,1,DAC,1,0,195-1173
72539601,20200903,1726,US23,N,22.574,0,0,2,2,N,N,55,98,9801,Y,37.46448,-82.51963,3,3,6,1,5,3,2,1,3,N,N,,2020,O,098-US-0023  -000,098-US-0023  -000,22.574,0,0,1,0,0,0,0,0,0,0,0,1,0,1,Non-DAC,0,1,
72753788,20220420,2206,US119,N,0.172,3,0,2,2,N,Y,55,98,9801,Y,37.50435,-82.5291,8,3,5,1,1,2,6,7,3,Y,N,098-US-0119-0,2022,C,098-US-0119  -000,098-US-0119  -000,0.172,0,0,1,0,0,0,0,0,1,1,0,0,0,1,Non-DAC,0,1,
72691064,20211028,1520,US23,N,27.178,0,0,2,2,N,N,55,98,9801,Y,37.51049,-82.54481,5,3,6,1,1,2,2,1,3,N,N,098-US-0023-0,2021,O,098-US-0023  -000,098-US-0023  -000,27.178,0,0,0,1,0,0,1,0,0,0,0,0,0,1,Non-DAC,0,1,
72627681,20210522,1545,US23,N,26.314,0,0,2,2,N,N,55,98,9801,Y,37.50413,-82.53222,5,3,6,1,1,2,2,1,3,N,N,098-US-0023-10,2021,O,098-US-0023  -010,098-US-0023  -000,26.314,0,0,0,0,0,0,1,0,0,0,0,0,0,1,Non-DAC,0,1,
72602221,20210304,1752,HAMBLEY,N,1.441,0,0,2,2,N,N,15,98,9801,Y,37.48381,-82.5291,8,3,6,1,1,2,2,6,3,N,N,,2021,O,098-CS-1222  -000,098-CS-1222  -000,1.441,0,0,1,0,0,0,1,0,0,0,0,1,0,1,DAC,0,1,
72846678,20221221,2007,US23,N,22.517,0,0,1,1,N,N,55,98,9801,Y,37.46401,-82.51883,9,3,3,1,1,2,6,3,3,N,N,098-US-0023-0,2022,O,098-US-0023  -000,098-US-0023  -000,22.517,0,0,0,0,0,0,0,0,0,0,1,0,0,1,Non-DAC,0,1,
72702571,20211022,1317,US460,N,0.033,1,1,2,2,N,N,55,98,9801,Y,37.44152,-82.50686,7,3,6,1,1,3,2,7,3,Y,N,098-US-0460-0,2021,K,098-US-0460  -000,098-US-0460  -000,0.033,0,0,0,1,0,0,1,0,0,1,0,1,1,1,Non-DAC,0,1,
72675450,20210926,1340,ELM,N,0.002,0,0,2,2,Y,N,15,98,9801,Y,37.47702,-82.52177,7,3,6,1,1,2,6,6,3,N,N,,2021,O,098-CS-1107  -000,098-CS-1107  -000,0.002,0,0,0,0,0,0,1,0,0,0,0,0,0,1,DAC,1,0,195-1126
72547184,20200918,1149,HAMBLEY,N,0.549,1,0,4,4,N,N,25,98,9801,Y,37.47902,-82.51991,1,5,6,1,1,2,2,7,3,Y,Y,,2020,C,098-CS-1222  -000,098-CS-1222  -000,0.549,0,0,0,1,0,0,1,0,0,0,0,1,0,1,DAC,0,1,
72531247,20200728,1411,US23,N,31.611,2,0,2,2,N,N,55,98,9801,Y,37.53689,-82.60181,5,3,6,1,1,3,2,7,3,Y,N,,2020,C,098-US-0023  -010,098-US-0023  -000,31.611,0,0,0,1,0,0,0,0,0,0,0,0,0,1,Non-DAC,1,0,195-0620
72497449,20200423,1245,MAYO,N,29.605,0,0,2,2,N,N,55,98,9801,Y,37.53157,-82.57713,1,3,6,1,1,2,2,1,3,N,N,098-US-0023-10,2020,O,098-US-0023  -010,098-US-0023  -000,29.605,0,0,0,0,0,0,1,1,0,0,0,0,0,1,Non-DAC,0,1,
72463863,20200114,616,BYPASS,N,6.113,0,0,2,2,N,N,55,98,9801,Y,37.47696,-82.51708,8,3,6,1,5,6,5,1,3,N,N,098-KY-1426-0,2020,O,098-KY-1426  -000,098-KY-1426  -000,6.113,0,0,0,0,0,0,1,1,0,0,0,1,0,1,DAC,1,0,195-1125
72614695,20210416,1427,CASSIDY,N,0.032,0,0,2,2,N,N,35,98,9801,Y,37.50371,-82.53273,5,3,6,1,1,2,2,1,3,N,N,098-CS-1191-0,2021,O,098-CS-1191  -000,098-CS-1191  -000,0.032,0,0,1,0,0,0,1,0,0,0,0,0,0,1,Non-DAC,1,0,195-0861
72780501,20220705,1434,BYPASS,N,5.694,0,0,2,2,N,N,45,98,9801,Y,37.47279,-82.52279,4,3,6,1,5,6,2,7,3,N,N,098-KY-1426-0,2022,O,098-KY-1426  -000,098-KY-1426  -000,5.694,0,0,0,1,0,0,1,1,0,0,0,0,0,1,DAC,1,0,195-1178
72800736,20220902,1602,BYPASS,N,5.578,0,0,2,2,N,N,45,98,9801,Y,37.47239,-82.52484,1,3,3,1,1,2,2,7,3,N,N,,2022,O,098-KY-1426  -000,098-KY-1426  -000,5.578,0,0,0,1,0,0,1,0,0,0,0,0,0,1,DAC,0,1,
72648620,20210717,1914,US23,N,32.279,1,0,1,1,N,N,55,98,9801,Y,37.53756,-82.61382,9,3,3,1,1,2,2,7,3,Y,N,098-US-0023-0,2021,C,098-US-0023  -000,098-US-0023  -000,32.279,0,0,0,0,0,0,0,0,0,0,0,1,0,1,Non-DAC,0,1,
72508512,20200601,1514,BYPASS,N,6.022,0,0,2,2,N,N,55,98,9801,Y,37.47586,-82.51821,1,3,6,1,1,2,2,7,3,N,N,098-KY-1426-0,2020,O,098-KY-1426  -000,098-KY-1426  -000,6.022,0,0,0,1,0,0,1,0,0,0,0,0,0,1,DAC,0,1,
72819996,20221023,1908,KY3496,N,0.069,0,0,1,1,N,N,15,98,9801,Y,37.46566,-82.52906,9,3,3,1,1,2,5,1,3,N,N,098-KY-3496-0,2022,O,098-KY-3496  -000,098-KY-3496  -000,0.069,0,0,0,1,0,0,1,0,0,0,0,1,0,1,DAC,0,1,
72533950,20200818,1717,CHLOE,N,4.41,0,0,2,2,N,N,35,98,9801,Y,37.47733,-82.5038,7,3,6,1,1,2,2,6,3,N,N,,2020,O,098-KY-1460  -000,098-KY-1460  -000,4.41,0,0,0,0,0,0,0,0,0,0,0,1,0,1,Non-DAC,0,1,
72496105,20200422,1200,US23,N,20.741,1,0,2,2,N,N,55,98,9801,Y,37.44312,-82.52287,1,3,3,1,1,2,2,1,3,Y,N,098-US-0023-0,2020,C,098-US-0023  -000,098-US-0023  -000,20.741,0,1,0,0,0,0,1,0,0,0,0,0,0,1,Non-DAC,0,1,
72766283,20220521,1529,KY3496,N,0.095,0,0,2,2,N,N,35,98,9801,Y,37.46595,-82.52943,4,3,6,1,1,2,2,1,3,N,N,098-KY-3496-0,2022,O,098-KY-3496  -000,098-KY-3496  -000,0.095,0,0,0,1,0,0,1,0,0,0,0,0,0,1,DAC,0,1,
72507919,20200523,2316,COWPEN,N,3.615,1,0,1,1,N,N,55,98,9807,Y,37.56268,-82.55708,9,3,6,1,5,10,6,7,3,Y,N,098-KY-2061-0,2020,A,098-KY-2061  -000,098-KY-2061  -000,3.615,0,0,0,0,0,0,1,0,0,0,0,1,0,1,Non-DAC,0,1,
72676087,20210927,2350,BYPASS,N,5.576,0,0,1,1,N,N,45,98,9801,Y,37.48647,-82.52076,9,3,3,1,1,2,5,7,3,N,N,,2021,O,098-KY-1460  -000,098-KY-1460  -000,5.576,0,0,0,0,0,0,0,0,0,0,0,1,0,1,DAC,0,1,
72625901,20210518,1254,TOWN MOUNTAIN,N,7.044,0,0,2,2,N,N,55,98,9801,Y,37.48734,-82.50744,5,3,6,1,5,3,2,7,3,N,N,098-KY-1426-0,2021,O,098-KY-1426  -000,098-KY-1426  -000,7.044,0,0,0,0,0,0,1,0,0,1,0,0,0,1,Non-DAC,0,1,
72795192,20220818,819,ISLAND CREEK,N,,0,0,1,1,N,N,25,98,9801,Y,37.47703,-82.51733,9,4,3,1,1,2,2,1,3,N,Y,098-CS-1123-0,2022,O,098-CS-1123  -000,098-CS-1123  -000,0.017,0,0,0,0,0,0,0,0,0,0,0,1,0,1,DAC,1,0,195-1125
72793403,20220805,1725,US23,N,23.121,0,0,2,2,N,N,55,98,9801,Y,37.46599,-82.52908,5,3,6,1,5,3,2,7,3,N,N,098-US-0023-0,2022,O,098-US-0023  -000,098-US-0023  -000,23.121,0,0,0,1,0,0,0,0,1,0,0,0,0,1,DAC,0,1,
72537496,20200818,1658,US23,N,20.627,0,0,2,2,N,N,55,98,9801,Y,37.44309,-82.51971,5,3,3,1,1,2,2,7,3,N,N,098-US-0023-10,2020,O,098-US-0023  -010,098-US-0023  -000,20.627,0,0,0,0,0,0,0,1,0,0,0,0,0,1,Non-DAC,1,0,195-1300
72442145,20191125,1614,US23,N,27.39,0,0,2,2,N,N,55,98,9801,Y,37.51088,-82.54903,5,3,6,1,1,3,2,7,3,N,N,,2019,O,098-US-0023  -000,098-US-0023  -000,27.39,0,0,1,0,0,0,1,0,0,0,0,0,0,1,Non-DAC,1,0,195-0811
72769197,20220530,2207,US23,N,30.878,0,0,1,1,N,N,55,98,9801,Y,37.54106,-82.59158,9,5,3,1,1,2,6,1,3,N,N,,2022,O,098-US-0023  -000,098-US-0023  -000,30.878,0,0,0,0,0,0,0,0,0,0,0,1,0,1,Non-DAC,0,1,
72537993,20200901,1029,BYPASS,N,5.616,0,0,2,2,N,N,55,98,9801,Y,37.47237,-82.52295,1,97,3,2,1,2,2,1,3,N,N,098-KY-1426-0,2020,O,098-KY-1426  -000,098-KY-1426  -000,5.616,0,0,0,0,0,0,0,0,0,0,0,0,0,1,DAC,0,1,
72563789,20201111,1026,US23,N,32.709,0,0,1,1,N,N,55,98,9801,Y,37.53294,-82.61878,9,5,6,1,5,6,2,7,3,N,N,098-US-0023-0,2020,O,098-US-0023  -000,098-US-0023  -000,32.709,0,0,0,0,0,0,0,0,0,0,0,1,0,1,Non-DAC,0,1,
72762739,20220517,2038,US23,N,24.165,0,0,1,1,N,N,55,98,9801,Y,37.47726,-82.54053,9,4,6,1,1,2,2,7,3,N,N,,2022,O,098-US-0023  -010,098-US-0023  -000,24.165,0,0,0,0,0,0,0,0,0,0,0,1,0,1,DAC,0,1,
72765741,20220523,1802,CEDAR HILLS,N,3.788,0,0,1,1,N,N,55,98,9801,Y,37.45264,-82.53358,9,3,5,1,5,6,2,7,3,N,N,098-KY-1426-0,2022,O,098-KY-1426  -000,098-KY-1426  -000,3.788,0,0,0,0,0,0,0,0,0,0,0,1,0,1,Non-DAC,0,1,
72775610,20220611,8,CASSIDY,N,0.056,0,0,1,1,N,N,35,98,9801,Y,37.50367,-82.53306,9,3,6,1,1,2,7,1,3,N,Y,098-CS-1191-0,2022,O,098-CS-1191  -000,098-CS-1191  -000,0.056,0,0,0,0,0,0,0,0,0,0,0,0,0,1,Non-DAC,0,1,
72802264,20220901,1034,US119,N,2.685,3,0,3,3,N,N,55,98,9801,Y,37.5142,-82.48729,1,3,6,1,1,2,2,7,3,Y,N,098-US-0119-10,2022,C,098-US-0119  -010,098-US-0119  -000,2.685,0,0,0,0,0,0,0,0,1,0,0,0,0,1,DAC,1,0,195-0777
72470042,20200124,1303,KY1426,N,8.12,0,0,1,1,N,N,45,98,9801,Y,37.49285,-82.49091,9,3,2,1,5,6,2,7,3,N,N,098-KY-1426-0,2020,O,098-KY-1426  -000,098-KY-1426  -000,8.12,0,0,0,0,0,0,0,1,0,0,0,1,0,1,Non-DAC,0,1,
72793506,20220806,2129,US23,N,31.731,0,0,5,5,N,N,55,98,9801,Y,37.53728,-82.60393,1,3,6,1,1,2,6,7,3,N,N,098-US-0023-0,2022,O,098-US-0023  -000,098-US-0023  -000,31.731,0,0,1,0,0,0,0,0,0,0,0,0,0,1,Non-DAC,0,1,
72612954,20210411,1343,HAMBLEY,N,0.002,3,0,2,2,N,N,45,98,9801,Y,37.47403,-82.52726,3,3,6,1,1,2,2,7,3,N,N,098-CS-1222-0,2021,B,098-CS-1222  -000,098-CS-1222  -000,0.002,0,0,1,0,0,0,0,1,0,0,0,1,0,1,DAC,1,0,195-1167
72585012,20210116,1349,HAROLDS BRANCH,N,,0,0,2,2,N,N,25,98,9801,Y,37.46711,-82.50455,3,3,3,1,5,9,2,6,3,N,N,,2021,O,098-CS-1223  -000,098-CS-1223  -000,1.151,0,0,0,0,0,0,1,0,0,0,0,1,0,1,Non-DAC,1,0,195-1212
72774916,20220620,1932,POPLAR,N,0.085,0,0,1,1,N,N,25,98,9801,Y,37.47979,-82.52206,9,3,3,1,1,2,2,7,3,N,N,098-CS-1160-0,2022,O,098-CS-1160  -000,098-CS-1160  -000,0.085,0,0,0,0,0,0,0,0,0,0,0,1,0,1,DAC,0,1,
72644129,20210704,2201,US23,N,22.808,0,0,2,2,N,N,55,98,9801,Y,37.46516,-82.52367,8,3,6,1,1,3,6,7,3,N,N,098-US-0023-0,2021,O,098-US-0023  -000,098-US-0023  -000,22.808,0,0,0,0,0,0,1,0,0,0,0,1,0,1,Non-DAC,0,1,
72633500,20210607,1703,US23,N,29.837,0,0,2,2,N,N,55,98,9801,Y,37.53479,-82.57847,5,3,6,1,5,6,2,2,3,N,N,,2021,O,098-US-0023  -000,098-US-0023  -000,29.837,0,0,0,0,0,0,1,0,0,0,0,0,0,1,Non-DAC,0,1,
72806711,20220916,1908,US23,N,21.627,0,0,2,2,N,N,55,98,9801,Y,37.4535,-82.52213,4,3,6,1,1,2,2,1,3,N,N,098-US-0023-0,2022,O,098-US-0023  -000,098-US-0023  -000,21.627,0,0,0,1,0,0,1,1,0,0,1,0,0,1,Non-DAC,0,1,
72527458,20200725,1708,COLLEGE,N,0.19,0,0,2,2,N,N,15,98,9801,Y,37.47768,-82.51955,8,3,6,1,1,2,2,7,3,N,N,,2020,O,098-CS-1108  -000,098-CS-1108  -000,0.19,0,0,0,0,0,0,1,0,0,0,0,0,0,1,DAC,0,1,
72811400,20220924,1305,CASSIDY,N,0.16,0,0,2,2,N,N,35,98,9801,Y,37.50369,-82.53466,3,3,6,1,1,2,2,1,3,N,N,098-CS-1191-0,2022,O,098-CS-1191  -000,098-CS-1191  -000,0.16,0,0,1,1,0,0,1,0,0,0,0,1,0,1,Non-DAC,0,1,
72851754,20230106,1501,KY1426,N,8.272,0,0,1,1,N,N,55,98,9801,Y,37.49522,-82.49096,9,3,1,1,1,2,2,7,3,N,N,098-KY-1426-0,2023,O,098-KY-1426  -000,098-KY-1426  -000,8.291,0,0,0,0,0,0,0,0,0,0,0,1,0,1,Non-DAC,0,1,
72754079,20220418,1325,DIVISION,N,0.109,0,0,2,2,N,N,25,98,9801,Y,37.47947,-82.51743,2,3,6,3,5,6,2,1,3,N,N,,2022,O,098-CS-1130  -000,098-CS-1130  -000,0.109,0,0,0,0,0,0,1,0,0,0,0,0,0,1,DAC,1,0,195-1087
72733077,20220204,1719,OWSLEY,N,6.786,0,0,2,2,N,N,45,98,9801,Y,37.47938,-82.54292,1,3,6,1,5,9,2,1,3,N,N,098-KY-1384-0,2022,O,098-KY-1384  -000,098-KY-1384  -000,6.786,0,0,0,0,0,0,1,0,0,0,0,0,0,1,DAC,1,0,195-1101
72729005,20220202,1912,BYPASS,N,5.624,0,0,2,2,N,N,35,98,9801,Y,37.47252,-82.52403,5,3,6,1,5,6,5,1,3,N,N,098-KY-1426-0,2022,O,098-KY-1426  -000,098-KY-1426  -000,5.624,0,0,0,0,0,0,1,0,0,0,0,0,0,1,DAC,1,0,195-1179
72653583,20210731,2013,BYPASS,N,6.601,0,0,2,2,N,N,35,98,9801,Y,37.48299,-82.5133,1,3,6,1,1,2,3,1,3,N,N,098-KY-1426-0,2021,O,098-KY-1426  -000,098-KY-1426  -000,6.601,0,0,0,0,0,0,0,1,1,0,0,0,0,1,DAC,1,0,195-1019
72755953,20220429,1823,US23,N,21.062,0,0,2,2,N,N,55,98,9801,Y,37.44591,-82.5258,8,3,3,1,1,2,2,7,3,N,N,098-US-0023-0,2022,O,098-US-0023  -000,098-US-0023  -000,21.062,0,0,1,1,0,0,1,1,0,0,0,1,0,1,Non-DAC,1,0,195-1289
72670254,20210907,1748,KY1426,N,9.567,1,0,2,2,N,N,55,98,9801,Y,37.51295,-82.48758,5,3,6,1,1,2,2,7,3,Y,N,098-KY-1426-0,2021,C,098-KY-1426  -000,098-KY-1426  -000,9.567,0,0,0,0,0,0,1,0,0,0,0,0,0,1,Non-DAC,0,1,
72723008,20220118,837,US23,N,23.096,0,0,1,1,N,N,55,98,9801,Y,37.46609,-82.52859,9,3,6,1,1,3,2,7,3,N,N,098-US-0023-0,2022,O,098-US-0023  -000,098-US-0023  -000,23.096,0,0,0,0,0,0,0,0,0,0,0,0,0,1,DAC,0,1,
72694792,20211110,1149,CASSIDY,N,0.45,0,0,2,2,N,N,35,98,9801,Y,37.50417,-82.53905,1,3,6,1,1,2,2,7,3,N,N,098-CS-1191-0,2021,O,098-CS-1191  -000,098-CS-1191  -000,0.45,0,0,0,1,0,0,1,0,0,0,1,0,0,1,Non-DAC,1,0,195-0858
72669289,20210911,130,THOMPSON,N,,0,0,1,1,N,N,45,98,9801,Y,37.49733,-82.53567,9,3,6,1,1,2,6,6,3,N,N,,2021,O,098-CS-1215  -000,098-CS-1215  -000,1.324,0,0,0,0,0,0,0,0,0,0,0,0,0,1,Non-DAC,1,0,195-0899
72660466,20210819,753,BYPASS,N,,0,0,3,3,N,N,45,98,9801,Y,37.47983,-82.51471,8,3,6,1,5,6,2,1,3,N,N,098-KY-1426-0,2021,O,098-KY-1426  -000,098-KY-1426  -000,6.366,0,0,0,0,0,0,1,0,0,0,0,1,0,1,DAC,0,1,
72524709,20200725,1650,KY3496,N,0.208,0,0,2,2,N,N,35,98,9801,Y,37.46656,-82.53136,1,3,6,1,1,2,2,1,3,N,N,,2020,O,098-KY-3496  -000,098-KY-3496  -000,0.208,0,0,1,0,0,0,1,1,0,0,0,0,0,1,DAC,0,1,
72749963,20220407,1304,US119 TURN LANE FROM US23 N,N,0.019,1,0,1,1,N,N,55,98,9801,Y,37.50331,-82.53194,9,3,3,1,5,3,2,7,3,Y,N,098-US-0119-20,2022,C,098-US-0119  -020,098-US-0119  -020,0.019,1,0,0,0,0,0,0,1,0,0,0,0,0,1,Non-DAC,1,0,195-0861
72657128,20210810,1954,CEDAR HILLS,N,4.879,0,0,2,2,N,N,55,98,9801,Y,37.46536,-82.52597,5,3,6,1,1,3,2,7,3,N,N,098-KY-1426-0,2021,O,098-KY-1426  -000,098-KY-1426  -000,4.879,0,0,0,0,0,0,1,0,0,0,1,0,0,1,DAC,1,0,195-1224