MasterFile,CollisionDate,CollisionTime,RoadwayName,ParkingLotIndicator,Milepoint,NumberInjured,NumberKilled,ofUnits,ofMotorVehicleUnits,Hit&RunIndicator,OneWayIndicator,SpeedLimitNumber,CountyCode,CityCountyCode,InCityLimitsIndicator,Latitude,Longitude,MannerofCollisionCode,LocationFirstEventCode,RoadwayCharacterCode,RoadwaySurfaceCode,RoadwayConditionCode,WeatherCode,LightConditionCode,LandUseCode,SchoolBusRelatedCode,FirstAidSceneIndicator,PropertyDamageIndicator,RT_UNIQUE,YR,KABCO,WorkingRID,KTC_RT,KTC_MP,Motorcyclist,Commercial Vehicle,Young Driver,Mature Driver,Pedestrian,Bicyclist,Distracted,Aggressive,Impaired,Unrestrained,Intersection,Roadway Departure,Median Cross-over,CityCrash,DACid,Int_Crash,Seg_Crash,Int_ID
72603692,20210312,1432,CASSIDY,N,0.007,0,0,2,2,N,N,55,98,9801,Y,37.50376,-82.53226,5,3,6,1,1,2,2,1,3,N,N,,2021,O,098-CS-1191  -000,098-CS-1191  -000,0.007,0,0,0,1,0,0,1,0,0,0,0,0,0,1,Non-DAC,1,0,195-0861
72613728,20210413,1057,US23 CONNECTOR TO US460,N,,0,0,2,2,N,N,55,98,9801,Y,37.43879,-82.50907,2,3,6,1,1,2,2,7,3,N,N,098-US-0023-71,2021,O,098-US-0023  -071,098-US-0023  -071,0,0,0,0,0,0,0,1,0,0,0,0,0,0,1,Non-DAC,1,0,195-1310
72753220,20220418,1136,US23,N,26.282,0,0,2,2,N,N,55,98,9801,Y,37.50363,-82.53214,5,3,6,1,5,6,2,7,3,N,N,098-US-0023-0,2022,O,098-US-0023  -000,098-US-0023  -000,26.282,0,0,0,0,0,0,0,0,1,0,0,0,0,1,Non-DAC,0,1,
72466078,20200114,1050,THOMPSON,N,0.784,0,0,2,2,N,N,35,98,9801,Y,37.50418,-82.5391,1,3,6,1,1,2,2,7,3,N,N,098-CS-1215-0,2020,O,098-CS-1215  -000,098-CS-1215  -000,0.784,0,0,0,1,0,0,1,0,0,0,0,0,0,1,Non-DAC,1,0,195-0858
72731369,20220205,1736,CASSIDY,N,0.193,0,0,2,2,N,N,25,98,9801,Y,37.50395,-82.53514,1,3,6,1,1,2,2,7,3,N,N,,2022,O,098-CS-1191  -000,098-CS-1191  -000,0.193,0,0,0,0,0,0,0,0,0,0,0,0,0,1,Non-DAC,0,1,
72527096,20200731,2012,KY1426,N,8.775,0,0,2,2,N,N,45,98,9801,Y,37.50214,-82.49006,1,3,4,1,5,6,3,7,3,N,N,,2020,O,098-KY-1426  -000,098-KY-1426  -000,8.775,0,0,1,0,0,0,1,1,0,0,0,0,0,1,Non-DAC,0,1,
72469441,20200129,1700,MAYO,N,27.475,0,0,2,2,N,N,55,98,9807,Y,37.51127,-82.55048,5,3,6,1,1,3,2,8,3,N,N,098-US-0023-10,2020,O,098-US-0023  -010,098-US-0023  -000,27.475,0,0,0,1,0,0,0,1,0,0,0,0,0,1,Non-DAC,1,0,195-0808
72471799,20200204,747,KY1426,N,7.583,0,0,2,2,N,N,45,98,9801,Y,37.49038,-82.4985,5,6,6,1,5,6,2,1,3,N,N,098-KY-1426-0,2020,O,098-KY-1426  -000,098-KY-1426  -000,7.583,0,0,0,0,0,0,0,0,0,0,0,0,0,1,Non-DAC,1,0,195-0929
72654370,20210803,1320,US23,N,23.048,0,0,2,2,N,N,55,98,9801,Y,37.46588,-82.52782,5,3,6,1,1,2,2,7,3,N,N,098-US-0023-0,2021,O,098-US-0023  -000,098-US-0023  -000,23.048,0,0,0,1,0,0,1,0,0,0,0,0,0,1,DAC,0,1,
72628660,20210525,2252,CASSIDY,N,0.232,0,0,1,1,N,N,25,98,9801,Y,37.50432,-82.53568,9,97,6,1,1,3,7,1,3,N,N,098-CS-1191-0,2021,O,098-CS-1191  -000,098-CS-1191  -000,0.232,0,0,1,0,0,0,1,0,0,0,0,1,0,1,Non-DAC,0,1,
72521987,20200716,1057,US23,N,21.557,1,0,2,2,N,N,55,98,9801,Y,37.45255,-82.52296,5,3,6,1,1,2,2,7,3,N,N,,2020,C,098-US-0023  -010,098-US-0023  -000,21.557,0,0,0,1,0,0,1,1,0,0,0,0,0,1,Non-DAC,1,0,195-1270
72719539,20220104,835,US23,N,27.246,0,0,1,1,N,N,55,98,9801,Y,37.51052,-82.54617,9,5,6,1,1,3,2,7,3,N,N,,2022,O,098-US-0023  -000,098-US-0023  -000,27.246,0,0,0,0,0,0,0,0,0,0,0,1,0,1,Non-DAC,0,1,
72578682,20201221,1505,CASSIDY,N,0.311,0,0,2,2,N,N,25,98,9801,Y,37.50519,-82.53706,1,3,6,1,1,2,2,1,3,N,N,,2020,O,098-CS-1191  -000,098-CS-1191  -000,0.311,0,0,0,1,0,0,1,1,0,0,0,0,0,1,Non-DAC,0,1,
72578745,20201224,1235,US23 SOUTH,N,,0,0,2,2,N,N,55,98,9801,Y,37.50338,-82.53233,1,3,6,1,5,3,2,1,3,N,N,,2020,O,098-US-0023  -010,098-US-0023  -000,26.263,0,0,1,0,0,0,0,0,0,0,0,1,0,1,Non-DAC,1,0,195-0861
72599369,20210302,1231,US23,N,30.594,1,0,2,2,N,Y,55,98,9801,Y,37.54274,-82.58666,8,3,6,1,1,2,2,1,3,Y,N,,2021,B,098-US-0023  -010,098-US-0023  -000,30.594,0,0,0,0,0,0,1,0,0,0,0,1,0,1,Non-DAC,0,1,
72690112,20210918,2036,KY3496,N,0.113,0,0,1,1,Y,N,35,98,9801,Y,37.46605,-82.52973,9,97,6,1,1,3,5,1,3,N,Y,098-KY-3496-0,2021,O,098-KY-3496  -000,098-KY-3496  -000,0.113,0,0,0,0,0,0,0,0,0,0,0,0,0,1,DAC,0,1,
72434035,20191108,2047,US23,N,25.214,0,0,1,1,N,N,55,98,9801,Y,37.49044,-82.53745,9,3,6,1,1,2,6,1,3,N,N,,2019,O,098-US-0023  -000,098-US-0023  -000,25.214,0,0,0,1,0,0,0,0,0,0,0,0,0,1,Non-DAC,1,0,195-0934
72747097,20220329,2103,SAAD,N,0.065,0,0,2,2,N,Y,10,98,9801,Y,37.48243,-82.51991,2,3,4,1,1,2,6,6,3,N,N,098-CS-1165-0,2022,O,098-CS-1165  -000,098-CS-1165  -000,0.065,0,0,0,0,0,0,0,0,0,0,0,0,0,1,DAC,0,1,
72713172,20211223,1651,US23,N,25.924,0,0,2,2,N,N,55,98,9801,Y,37.49856,-82.53139,5,3,6,1,1,2,2,7,3,N,N,098-US-0023-10,2021,O,098-US-0023  -010,098-US-0023  -000,25.924,0,0,0,0,0,0,1,0,0,0,0,0,0,1,Non-DAC,0,1,
72611624,20210406,1120,CEDAR HILLS,N,3.411,1,0,1,1,N,N,45,98,9801,Y,37.45045,-82.53907,9,3,3,1,1,2,2,6,3,Y,N,098-KY-1426-0,2021,B,098-KY-1426  -000,098-KY-1426  -000,3.411,0,0,1,0,0,0,0,0,0,1,0,1,0,1,Non-DAC,0,1,
72682592,20211014,808,BYPASS,N,6.534,0,0,2,2,N,N,55,98,9801,Y,37.48215,-82.51388,1,3,6,1,1,3,2,1,3,N,N,098-KY-1426-0,2021,O,098-KY-1426  -000,098-KY-1426  -000,6.534,0,0,0,0,0,0,1,0,0,0,0,0,0,1,DAC,0,1,
72787626,20220728,918,KY1426,N,7.938,0,0,1,1,N,N,35,98,9801,Y,37.49061,-82.49276,9,5,2,1,5,6,2,7,3,N,N,098-KY-1426-0,2022,O,098-KY-1426  -000,098-KY-1426  -000,7.938,0,0,0,0,0,0,0,0,0,0,0,1,0,1,Non-DAC,0,1,
72577582,20201222,912,KEYSER HEIGHTS,N,0.153,0,0,2,2,N,N,15,98,9801,Y,37.49154,-82.53233,2,3,6,1,1,2,2,6,3,N,N,098-CS-1188-0,2020,O,098-CS-1188  -000,098-CS-1188  -000,0.153,0,0,0,0,0,0,0,0,0,0,0,0,0,1,Non-DAC,0,1,
72718421,20211226,2257,HAROLDS BRANCH,N,0.104,0,0,1,1,N,N,35,98,9801,Y,37.47152,-82.5218,9,97,4,1,1,3,7,6,3,N,N,098-CS-1223-0,2021,O,098-CS-1223  -000,098-CS-1223  -000,0.104,0,0,0,0,0,0,1,0,1,0,0,1,0,1,Non-DAC,0,1,
72479767,20200218,1856,MAYO,N,26.251,0,0,2,2,N,N,55,98,9801,Y,37.50321,-82.5323,5,3,6,1,5,6,5,1,3,N,N,098-US-0023-10,2020,O,098-US-0023  -010,098-US-0023  -000,26.251,0,0,0,1,0,0,1,0,0,0,0,0,0,1,Non-DAC,1,0,195-0861
72536941,20200829,1636,THOMPSON,N,0.092,0,0,2,2,N,N,35,98,9801,Y,37.50948,-82.54839,5,3,6,2,1,2,2,7,3,N,N,098-CS-1215-0,2020,O,098-CS-1215  -000,098-CS-1215  -000,0.092,0,0,0,0,0,0,1,0,0,0,0,0,0,1,Non-DAC,0,1,
72716509,20211230,948,BAIRD,N,5.413,1,0,2,2,N,N,25,98,9801,Y,37.47302,-82.52704,1,3,6,1,5,3,2,7,3,Y,N,098-KY-1426-0,2021,C,098-KY-1426  -000,098-KY-1426  -000,5.413,0,0,0,1,0,0,1,0,0,0,0,0,0,1,DAC,1,0,195-1174
72510001,20200609,1514,US23,N,26.274,0,0,2,2,N,N,55,98,9801,Y,37.50352,-82.53213,5,3,6,1,1,2,2,7,3,N,N,,2020,O,098-US-0023  -000,098-US-0023  -000,26.274,0,0,0,0,0,0,1,0,0,0,1,0,0,1,Non-DAC,0,1,
72641559,20210615,1509,US23,N,20.828,0,0,2,2,N,N,55,98,9801,Y,37.44313,-82.52343,5,3,3,1,1,2,2,7,3,N,N,098-US-0023-10,2021,O,098-US-0023  -010,098-US-0023  -000,20.828,0,0,0,1,0,0,1,0,0,0,0,0,0,1,Non-DAC,0,1,
72518631,20200630,1050,US23,N,22.274,0,0,2,2,N,N,55,98,9801,Y,37.46111,-82.51691,8,3,3,1,1,3,2,7,3,N,N,,2020,O,098-US-0023  -010,098-US-0023  -000,22.274,0,0,0,0,0,0,0,0,0,0,0,1,0,1,Non-DAC,0,1,
72573380,20201209,1608,MAYO,N,22.296,0,0,2,2,N,N,55,98,9801,Y,37.46141,-82.51699,8,3,6,1,1,3,2,7,3,N,N,098-US-0023-10,2020,O,098-US-0023  -010,098-US-0023  -000,22.296,0,0,0,0,0,0,1,0,0,0,0,1,0,1,Non-DAC,0,1,
72698284,20211116,1111,BYPASS,N,5.631,0,0,2,2,N,N,35,98,9801,Y,37.47263,-82.52343,5,3,6,1,1,2,2,7,3,N,N,098-KY-1426-0,2021,O,098-KY-1426  -000,098-KY-1426  -000,5.631,0,0,0,0,0,0,0,0,0,0,0,0,0,1,DAC,1,0,195-1179
72569747,20201127,219,US23,N,19.363,0,0,1,1,N,N,55,98,9801,Y,37.44547,-82.50462,9,3,6,1,1,2,6,1,3,N,N,098-US-0023-0,2020,O,098-US-0023  -000,098-US-0023  -000,19.363,0,0,0,0,0,0,0,0,0,0,0,0,0,1,Non-DAC,0,1,
72713285,20211223,1157,THOMPSON,N,0.429,0,0,2,2,N,N,35,98,9801,Y,37.50637,-82.54488,1,3,6,1,1,2,2,7,3,N,N,098-CS-1215-0,2021,O,098-CS-1215  -000,098-CS-1215  -000,0.429,0,0,0,0,0,0,1,0,0,0,0,0,0,1,Non-DAC,0,1,
72490779,20200311,616,CHLOE,N,3.266,0,0,1,1,N,N,35,98,9801,Y,37.47409,-82.48507,9,4,3,1,5,6,2,1,3,N,N,098-KY-1460-0,2020,O,098-KY-1460  -000,098-KY-1460  -000,3.266,0,0,0,0,0,0,0,0,0,0,0,1,0,1,Non-DAC,0,1,
72743908,20220311,1932,JOHNSON,N,0.025,0,0,2,2,N,N,15,98,9801,Y,37.44373,-82.525,2,97,6,1,1,2,4,1,3,N,N,098-CS-1007-0,2022,O,098-CS-1007  -000,098-CS-1007  -000,0.025,0,0,0,0,0,0,1,0,0,0,0,0,0,1,Non-DAC,0,1,
72508513,20200602,1400,KY1426,N,7.255,0,0,1,1,N,N,55,98,9801,Y,37.48933,-82.50453,9,5,6,1,1,2,2,7,3,N,N,098-KY-1426-0,2020,O,098-KY-1426  -000,098-KY-1426  -000,7.255,0,0,0,0,0,0,0,0,0,0,0,1,0,1,Non-DAC,0,1,
72614832,20210417,1705,MAYO,N,31.792,0,0,2,2,N,N,55,98,9801,Y,37.53728,-82.60504,1,3,6,1,1,3,2,7,3,N,N,098-US-0023-10,2021,O,098-US-0023  -010,098-US-0023  -000,31.792,0,0,0,1,0,0,1,1,0,0,0,0,0,1,Non-DAC,0,1,
72533075,20200812,1540,OWSLEY,N,7.378,0,0,2,2,N,N,45,98,9801,Y,37.48167,-82.53328,1,3,6,1,1,2,2,6,3,N,N,098-KY-1384-0,2020,O,098-KY-1384  -000,098-KY-1384  -000,7.378,0,0,0,1,0,0,1,1,0,0,0,0,0,1,DAC,1,0,195-1064
72561463,20201106,652,BYPASS,N,5.613,0,0,2,2,N,N,15,98,9801,Y,37.47252,-82.52423,3,3,4,1,1,3,2,1,3,N,N,098-KY-1426-0,2020,O,098-KY-1426  -000,098-KY-1426  -000,5.613,0,0,0,0,0,0,1,1,0,0,0,1,0,1,DAC,0,1,
72579234,20201224,2357,MAYO,N,21.762,1,0,1,1,N,N,55,98,9801,Y,37.45485,-82.52079,9,3,6,1,4,9,5,1,3,N,Y,098-US-0023-10,2020,B,098-US-0023  -010,098-US-0023  -000,21.762,0,0,0,0,0,0,0,0,1,1,0,1,0,1,Non-DAC,0,1,
72736553,20220228,228,MAYO,N,19.588,1,0,2,2,N,N,55,98,9801,Y,37.4486,-82.50562,4,3,3,1,1,2,5,1,3,Y,N,098-US-0023-10,2022,B,098-US-0023  -010,098-US-0023  -000,19.588,0,0,0,0,0,0,1,1,0,0,0,0,0,1,Non-DAC,0,1,
72561461,20201105,930,MAYO,N,29.603,0,0,2,2,N,N,55,98,9801,N,37.53154,-82.57711,5,3,6,1,1,2,2,1,3,N,N,098-US-0023-10,2020,O,098-US-0023  -010,098-US-0023  -000,29.603,0,0,0,1,0,0,0,1,0,0,0,0,0,1,Non-DAC,0,1,
72693092,20211106,1503,THOMPSON,N,0.095,0,0,2,2,N,N,35,98,9801,Y,37.50944,-82.54842,5,3,6,1,1,2,2,1,3,N,N,098-CS-1215-0,2021,O,098-CS-1215  -000,098-CS-1215  -000,0.095,0,0,0,0,0,0,1,0,0,0,0,0,0,1,Non-DAC,0,1,
72643701,20210628,1506,OWSLEY,N,7.213,0,0,2,2,N,N,45,98,9801,Y,37.48073,-82.53594,1,3,6,2,1,2,2,7,1,N,N,,2021,O,098-KY-1384  -000,098-KY-1384  -000,7.213,1,0,0,0,0,0,1,0,0,0,0,0,0,1,DAC,0,1,
72567388,20201118,1710,US460,N,0.232,1,0,2,2,N,N,55,98,9801,Y,37.43921,-82.50954,1,3,6,1,1,2,5,7,3,Y,N,098-US-0460-0,2020,C,098-US-0460  -000,098-US-0460  -000,0.232,0,0,1,0,0,0,1,0,0,0,0,0,0,1,Non-DAC,1,0,195-1307
72685968,20211021,742,HAMBLEY,N,0.243,0,0,2,2,N,N,25,98,9801,Y,37.47557,-82.52339,5,3,6,1,1,2,2,7,3,N,N,098-CS-1222-0,2021,O,098-CS-1222  -000,098-CS-1222  -000,0.243,0,0,1,0,0,0,0,0,0,0,0,0,0,1,DAC,1,0,195-1150
72575160,20201214,1342,MAIN,N,0.023,0,0,1,1,N,Y,15,98,9801,Y,37.47801,-82.51836,9,6,6,1,5,3,2,1,3,N,N,,2020,O,098-CS-1112  -000,098-CS-1112  -000,0.023,0,0,0,0,0,0,1,0,0,0,0,1,0,1,DAC,1,0,195-1108
72817711,20221013,2224,US23,N,26.282,0,0,2,2,N,N,55,98,9801,Y,37.50364,-82.53214,5,3,6,1,1,2,5,6,3,N,N,098-US-0023-0,2022,O,098-US-0023  -000,098-US-0023  -000,26.282,0,0,1,0,0,0,1,1,0,0,1,0,0,1,Non-DAC,0,1,
72488491,20200316,1916,HAMBLEY,N,0.421,0,0,2,2,N,N,25,98,9801,Y,37.47751,-82.52125,5,3,6,1,5,6,3,1,3,N,N,,2020,O,098-CS-1222  -000,098-CS-1222  -000,0.421,0,0,0,0,0,0,1,0,0,0,0,0,0,1,DAC,0,1,
72508199,20200605,1404,MAYO,N,31.6,0,0,2,2,N,N,55,98,9801,Y,37.53688,-82.60175,5,3,6,1,5,6,2,7,3,N,N,098-US-0023-10,2020,O,098-US-0023  -010,098-US-0023  -000,31.6,0,0,1,0,0,0,1,0,0,0,0,0,0,1,Non-DAC,1,0,195-0620
72531917,20200814,1718,WOLFORD,N,0.095,0,0,2,2,N,Y,25,98,9801,Y,37.48319,-82.518,2,3,6,1,1,2,2,6,3,N,N,,2020,O,098-CS-1120  -000,098-CS-1120  -000,0.095,0,0,0,0,0,0,0,0,0,0,0,0,0,1,DAC,1,0,195-1012
72738302,20220304,1421,CASSIDY,N,0.007,4,0,2,2,N,N,55,98,9801,Y,37.50375,-82.53226,1,3,6,1,1,2,2,7,3,Y,N,098-CS-1191-0,2022,C,098-CS-1191  -000,098-CS-1191  -000,0.007,0,0,0,0,0,0,1,0,0,0,0,1,0,1,Non-DAC,1,0,195-0861
72700453,20211117,732,US 23 SOUTH,N,,0,0,2,2,N,N,55,98,9801,Y,37.53652,-82.59937,8,3,6,1,1,2,2,7,3,N,N,,2021,O,098-US-0023  -010,098-US-0023  -000,31.478,0,0,0,0,0,0,1,0,0,0,0,1,0,1,Non-DAC,0,1,
72791525,20220802,1340,ELM,N,,0,0,2,2,N,N,25,98,9801,Y,37.47704,-82.52175,1,3,6,1,1,2,2,7,3,N,N,,2022,O,098-CS-1107  -000,098-CS-1107  -000,0,0,0,1,1,0,0,1,1,0,0,1,0,0,1,DAC,1,0,195-1126
72561462,20201105,819,US23,N,27.311,0,0,2,2,N,N,55,98,9801,Y,37.5107,-82.54745,5,3,6,1,1,3,2,7,3,N,N,098-US-0023-0,2020,O,098-US-0023  -000,098-US-0023  -000,27.311,0,0,0,0,0,0,1,0,0,0,0,0,0,1,Non-DAC,0,1,
72790209,20220729,2040,US23,N,31.321,0,0,1,1,N,N,55,98,9801,Y,37.53653,-82.59654,9,3,3,1,5,3,6,7,3,N,Y,098-US-0023-0,2022,O,098-US-0023  -000,098-US-0023  -000,31.321,0,0,0,0,0,0,0,0,0,0,0,1,0,1,Non-DAC,0,1,
72687783,20211025,1515,HAMBLEY,N,1.506,0,0,2,2,N,N,35,98,9801,Y,37.48309,-82.53049,5,3,6,1,5,3,2,6,3,N,N,098-CS-1222-0,2021,O,098-CS-1222  -000,098-CS-1222  -000,1.506,0,0,1,0,0,0,1,0,0,0,0,0,0,1,DAC,1,0,195-1029
72823427,20221026,1643,BAIRD,N,5.392,0,0,3,3,N,N,25,98,9801,Y,37.47328,-82.52705,4,3,6,1,1,3,2,1,3,N,N,098-KY-1426-0,2022,O,098-KY-1426  -000,098-KY-1426  -000,5.392,0,0,0,0,0,0,1,0,0,0,0,0,0,1,DAC,1,0,195-1174
72674759,20210921,930,HAMBLEY,N,0.501,0,0,2,2,N,N,10,98,9801,Y,37.47836,-82.52016,1,97,4,1,1,2,2,7,3,N,N,098-CS-1222-0,2021,O,098-CS-1222  -000,098-CS-1222  -000,0.501,0,0,1,0,0,0,1,0,0,0,0,0,0,1,DAC,0,1,
72579929,20201230,538,US23,N,25.06,0,0,1,1,N,N,55,98,9801,Y,37.48887,-82.53952,9,3,6,1,1,2,6,1,3,N,N,098-US-0023-0,2020,O,098-US-0023  -000,098-US-0023  -000,25.06,0,0,0,0,0,0,0,0,0,0,0,0,0,1,Non-DAC,0,1,
72557840,20201017,1519,US119,N,2.707,0,0,2,2,N,N,55,98,9828,Y,37.51417,-82.4869,5,3,4,1,1,2,2,7,3,N,N,098-US-0119-10,2020,O,098-US-0119  -010,098-US-0119  -000,2.707,0,0,0,0,0,0,1,0,0,0,0,0,0,1,DAC,1,0,195-0777
72724815,20220126,1157,US23 CONNECTOR TO US460,N,0.007,0,0,2,2,N,N,55,98,9801,Y,37.43884,-82.50917,1,3,5,1,1,2,2,7,3,N,N,098-US-0023-71,2022,O,098-US-0023  -071,098-US-0023  -071,0.007,0,0,0,0,0,0,1,1,0,0,0,0,0,1,Non-DAC,1,0,195-1308
72596673,20210220,1736,US23,N,32.117,0,0,4,4,N,N,55,98,9801,Y,37.53766,-82.61095,5,97,6,1,1,2,2,1,3,N,N,098-US-0023-0,2021,O,098-US-0023  -000,098-US-0023  -000,32.117,0,0,0,0,0,0,0,0,1,0,0,0,0,1,Non-DAC,1,0,195-0609
72706751,20211207,1408,KY1460,N,6.869,0,0,2,2,N,N,25,98,9801,Y,37.48409,-82.5428,5,3,6,97,5,3,2,6,3,N,N,098-KY-1460-0,2021,O,098-KY-1460  -000,098-KY-1460  -000,6.869,0,0,0,0,0,0,1,0,0,0,0,0,0,1,Non-DAC,0,1,
72811922,20221002,1809,CASSIDY,N,0.261,0,0,2,2,N,N,35,98,9801,Y,37.50465,-82.53613,1,3,6,1,5,6,2,7,3,N,N,098-CS-1191-0,2022,O,098-CS-1191  -000,098-CS-1191  -000,0.261,0,0,0,0,0,0,0,0,0,0,0,1,1,1,Non-DAC,0,1,
72763898,20220519,2318,CHLOE,N,4.124,0,0,1,1,N,N,35,98,9801,Y,37.47626,-82.4989,9,3,6,1,5,6,7,6,3,N,Y,098-KY-1460-0,2022,O,098-KY-1460  -000,098-KY-1460  -000,4.124,0,0,0,0,0,0,0,0,0,0,0,1,0,1,Non-DAC,0,1,
72663025,20210825,1814,HAMBLEY,N,1.191,0,0,2,2,N,N,35,98,9801,Y,37.48539,-82.52507,5,3,6,1,5,3,2,1,3,N,N,,2021,O,098-CS-1222  -000,098-CS-1222  -000,1.191,0,0,1,1,0,0,1,0,0,0,0,0,0,1,DAC,0,1,
72483556,20200303,1717,MAYO,N,26.806,0,0,2,2,N,N,55,98,9801,Y,37.50916,-82.53799,5,3,6,1,1,2,2,1,3,N,N,,2020,O,098-US-0023  -010,098-US-0023  -000,26.806,0,0,0,0,0,0,1,0,0,0,0,0,0,1,Non-DAC,0,1,
72544721,20200922,855,US23,N,31.595,0,0,1,1,N,N,55,98,9801,Y,37.53687,-82.60168,9,3,6,1,1,2,2,7,3,N,N,098-US-0023-0,2020,O,098-US-0023  -000,098-US-0023  -000,31.595,0,0,0,0,0,0,0,0,0,0,1,0,0,1,Non-DAC,1,0,195-0620
72554027,20201017,709,KY1426,N,7.037,1,0,1,1,N,N,45,98,9801,Y,37.48728,-82.50755,9,4,5,1,1,2,3,1,3,N,N,,2020,C,098-KY-1426  -000,098-KY-1426  -000,7.037,0,0,1,0,0,0,0,0,0,0,0,1,0,1,Non-DAC,0,1,
72576639,20201217,1233,CEDAR HILLS,N,0.883,0,0,3,3,N,N,35,98,9801,Y,37.47396,-82.55717,5,3,6,1,5,3,2,6,3,N,Y,098-KY-3417-0,2020,O,098-KY-3417  -000,098-KY-3417  -000,0.883,0,0,1,0,0,0,0,0,0,0,0,1,0,1,Non-DAC,1,0,195-1177
72595627,20201207,702,US23,N,25.718,0,1,2,2,N,N,55,98,9801,Y,37.49564,-82.5312,1,3,6,1,5,3,6,1,3,Y,N,098-US-0023-0,2020,K,098-US-0023  -000,098-US-0023  -000,25.718,0,1,0,0,0,0,0,0,1,1,0,1,1,1,Non-DAC,0,1,
72756653,20220423,1810,BYPASS,N,5.192,1,0,2,2,N,N,45,98,9801,Y,37.48429,-82.51468,3,3,3,1,1,2,2,1,3,N,N,098-KY-1460-0,2022,B,098-KY-1460  -000,098-KY-1460  -000,5.192,0,0,0,1,0,0,0,0,1,0,0,0,0,1,DAC,0,1,
72482412,20200225,1245,JULIUS,N,0.032,0,0,2,2,N,N,25,98,9801,Y,37.47663,-82.52286,5,3,4,1,1,2,2,6,3,N,N,098-CS-1156-0,2020,O,098-CS-1156  -000,098-CS-1156  -000,0.032,0,0,0,0,0,0,0,0,0,0,0,1,0,1,DAC,0,1,
72709479,20211207,1601,US23,N,23.053,0,0,2,2,N,N,55,98,9801,Y,37.46582,-82.52796,5,3,6,1,1,2,2,7,3,N,N,098-US-0023-0,2021,O,098-US-0023  -000,098-US-0023  -000,23.053,0,0,0,0,0,0,1,1,0,0,0,0,0,1,DAC,0,1,
72585864,20210111,1142,BAIRD,N,5.394,0,0,3,3,N,N,55,98,9801,Y,37.47328,-82.52711,1,3,6,1,1,2,2,1,3,N,N,098-KY-1426-0,2021,O,098-KY-1426  -000,098-KY-1426  -000,5.394,0,0,0,0,0,0,1,0,0,0,0,0,0,1,DAC,1,0,195-1174
72670182,20210913,1712,HAMBLEY,N,0.66,0,0,4,4,N,N,25,98,9801,Y,37.48047,-82.51905,5,3,6,1,1,2,2,7,3,N,N,098-CS-1222-0,2021,O,098-CS-1222  -000,098-CS-1222  -000,0.66,0,0,0,0,0,0,1,0,0,0,0,0,0,1,DAC,1,0,195-1079
72749161,20220410,1909,US23 SOUTH,N,,0,0,2,2,N,Y,55,98,9801,Y,37.47297,-82.53516,8,3,3,1,1,2,2,1,3,N,N,,2022,O,098-US-0023  -131,098-US-0023  -131,0.155,0,0,0,0,0,0,0,0,0,0,0,1,0,1,DAC,0,1,
72671330,20210914,902,BYPASS,N,5.779,0,0,2,2,N,N,45,98,9801,Y,37.48729,-82.5242,8,3,6,1,1,2,2,7,3,N,N,,2021,O,098-KY-1460  -000,098-KY-1460  -000,5.779,0,0,0,0,0,0,1,0,0,0,1,0,0,1,DAC,0,1,
72715853,20211226,1838,BAIRD,N,5.388,0,0,2,2,N,N,25,98,9801,Y,37.47305,-82.52707,1,3,6,1,1,3,7,1,3,N,N,098-KY-1426-0,2021,O,098-KY-1426  -000,098-KY-1426  -000,5.388,0,0,0,0,0,0,1,0,0,0,0,0,0,1,DAC,1,0,195-1174
72693794,20211103,1512,SCOTT,N,0.131,0,0,2,2,N,N,25,98,9801,Y,37.48317,-82.51736,2,7,6,1,1,3,2,6,3,N,N,098-CS-1116-0,2021,O,098-CS-1116  -000,098-CS-1116  -000,0.131,0,0,0,0,0,0,1,0,0,0,0,0,0,1,DAC,1,0,195-1017
72555890,20201022,2002,LYKINS,N,0.238,0,0,2,2,N,N,15,98,9801,Y,37.50478,-82.54825,2,97,6,1,1,2,8,5,3,N,N,098-CR-1377-0,2020,O,098-CS-1249  -000,098-CS-1249  -000,0.238,0,0,0,0,0,0,1,0,0,0,0,0,0,1,Non-DAC,0,1,
72563788,20201111,817,,N,0.009,0,0,1,1,N,N,55,98,9801,Y,37.43663,-82.51089,9,4,1,1,5,3,2,7,3,N,Y,,2020,O,098-US-0023  -422,098-US-0023  -422,0.009,0,0,0,0,0,0,0,0,0,0,0,1,0,1,Non-DAC,1,0,195-2087
72711419,20211219,1654,CHLOE,N,2.545,0,0,1,1,N,N,45,98,9801,Y,37.46624,-82.47868,9,3,4,1,1,3,2,7,3,N,N,098-KY-1460-0,2021,O,098-KY-1460  -000,098-KY-1460  -000,2.545,0,0,0,0,0,0,1,0,0,0,0,1,0,1,Non-DAC,0,1,
72454939,20191204,1516,US23,N,22.901,0,0,2,2,N,N,55,98,9801,Y,37.46537,-82.52528,1,3,6,1,1,3,2,7,3,N,N,,2019,O,098-US-0023  -000,098-US-0023  -000,22.901,0,0,0,0,0,0,1,1,0,0,0,0,0,1,DAC,0,1,
72475730,20200212,2255,HAROLDS BRANCH,N,0.512,0,0,1,1,N,N,35,98,9801,Y,37.46958,-82.51546,9,3,3,1,5,6,6,6,3,N,N,098-CS-1223-0,2020,O,098-CS-1223  -000,098-CS-1223  -000,0.512,0,0,0,0,0,0,0,0,1,0,0,1,0,1,Non-DAC,0,1,