MasterFile,CollisionDate,CollisionTime,RoadwayName,ParkingLotIndicator,Milepoint,NumberInjured,NumberKilled,ofUnits,ofMotorVehicleUnits,Hit&RunIndicator,OneWayIndicator,SpeedLimitNumber,CountyCode,CityCountyCode,InCityLimitsIndicator,Latitude,Longitude,MannerofCollisionCode,LocationFirstEventCode,RoadwayCharacterCode,RoadwaySurfaceCode,RoadwayConditionCode,WeatherCode,LightConditionCode,LandUseCode,SchoolBusRelatedCode,FirstAidSceneIndicator,PropertyDamageIndicator,RT_UNIQUE,YR,KABCO,WorkingRID,KTC_RT,KTC_MP,Motorcyclist,Commercial Vehicle,Young Driver,Mature Driver,Pedestrian,Bicyclist,Distracted,Aggressive,Impaired,Unrestrained,Intersection,Roadway Departure,Median Cross-over,CityCrash,DACid,Int_Crash,Seg_Crash,Int_ID
72512319,20200617,1413,US23,N,27.476,0,0,2,2,N,N,55,98,9807,Y,37.51145,-82.55053,5,3,6,1,1,2,2,7,3,N,N,098-US-0023-0,2020,O,098-US-0023  -000,098-US-0023  -000,27.476,0,0,0,0,0,0,0,0,1,0,0,0,0,1,Non-DAC,1,0,195-0808
72540713,20200909,1616,MAY HOLLOW,N,0.251,0,0,2,2,N,N,35,98,9801,Y,37.49327,-82.50011,2,3,5,1,1,2,2,6,3,N,N,,2020,O,098-CS-1080  -000,098-CS-1080  -000,0.251,0,0,0,0,0,0,1,0,0,0,0,0,0,1,Non-DAC,0,1,
72517512,20200702,2320,US23,N,18.558,0,0,1,1,N,N,55,98,9801,Y,37.43636,-82.51183,9,3,6,2,1,2,6,7,3,N,N,,2020,O,098-US-0023  -010,098-US-0023  -000,18.558,0,0,0,0,0,0,0,0,0,0,0,0,0,1,Non-DAC,0,1,
72532275,20200803,1750,US23,N,23.96,0,0,1,1,N,N,55,98,9801,Y,37.47527,-82.53799,9,5,6,1,1,2,2,7,3,N,N,098-US-0023-10,2020,O,098-US-0023  -010,098-US-0023  -000,23.96,0,0,0,0,0,0,1,0,0,0,0,1,0,1,DAC,0,1,
72622790,20210509,1020,OWSLEY,N,7.187,0,0,2,2,N,N,45,98,9801,Y,37.4805,-82.53633,4,3,6,1,1,2,2,7,3,N,N,098-KY-1384-0,2021,O,098-KY-1384  -000,098-KY-1384  -000,7.187,0,0,0,1,0,0,0,1,0,0,0,0,0,1,DAC,0,1,
72578909,20201210,1411,US23,N,25.418,0,0,2,2,N,N,55,98,9801,Y,37.49226,-82.53463,8,3,6,1,1,2,2,7,3,N,N,098-US-0023-0,2020,O,098-US-0023  -000,098-US-0023  -000,25.418,0,0,0,0,0,0,1,1,0,0,1,0,0,1,Non-DAC,0,1,
72851515,20230105,2114,HUFFMAN,N,0.117,0,0,2,2,N,N,15,98,9801,Y,37.47788,-82.5188,8,3,6,1,1,2,6,7,3,N,N,098-CS-1123-0,2023,O,098-CS-1123  -000,098-CS-1123  -000,0.117,0,1,0,1,0,0,1,1,0,0,0,1,0,1,DAC,1,0,195-1110
72791590,20220808,1239,US23,N,25.588,0,0,2,2,N,N,55,98,9801,Y,37.4941,-82.53255,5,3,6,1,1,2,2,7,3,N,N,098-US-0023-0,2022,O,098-US-0023  -000,098-US-0023  -000,25.588,0,0,0,0,0,0,1,0,0,0,0,0,0,1,Non-DAC,0,1,
72473795,20200205,1544,US23,N,26.051,0,0,2,2,N,N,55,98,9801,Y,37.50038,-82.53181,1,3,6,1,5,3,2,7,3,N,N,,2020,O,098-US-0023  -010,098-US-0023  -000,26.051,0,1,1,0,0,0,1,0,0,0,0,0,0,1,Non-DAC,0,1,
72616866,20210421,1740,BYPASS,N,6.556,2,0,2,2,N,N,55,98,9801,Y,37.48241,-82.51368,1,3,6,1,1,3,2,7,3,Y,N,098-KY-1426-0,2021,C,098-KY-1426  -000,098-KY-1426  -000,6.556,0,0,1,1,0,0,1,1,0,0,0,0,0,1,DAC,1,0,195-1019
72761804,20220513,745,COLLEGE,N,0.25,0,0,2,2,N,N,15,98,9801,Y,37.47481,-82.52515,7,3,1,1,1,2,2,6,3,N,N,098-CS-1152-0,2022,O,098-CS-1152  -000,098-CS-1152  -000,0.25,0,0,0,0,0,0,1,0,0,0,0,1,0,1,DAC,0,1,
72429709,20191010,1701,MAIN,N,0.173,1,0,1,1,N,N,15,98,9801,Y,37.47995,-82.51713,9,3,6,1,1,2,2,1,3,Y,N,098-CS-1112-0,2019,A,098-CS-1112  -000,098-CS-1112  -000,0.173,0,0,0,0,0,0,0,0,0,1,0,0,0,1,DAC,0,1,
72582720,20201231,101,MAYO,N,25.794,1,0,1,1,N,N,55,98,9801,Y,37.4967,-82.53089,9,5,6,1,1,3,6,7,3,Y,N,098-US-0023-0,2020,C,098-US-0023  -000,098-US-0023  -000,25.794,0,0,0,0,0,0,0,0,1,1,0,1,0,1,Non-DAC,0,1,
72801471,20220904,1229,CASSIDY,N,0.006,3,0,2,2,N,N,55,98,9801,Y,37.50375,-82.53226,1,3,6,1,1,2,2,1,3,N,N,,2022,B,098-CS-1191  -000,098-CS-1191  -000,0.006,0,0,0,0,0,0,1,1,0,0,0,0,0,1,Non-DAC,1,0,195-0861
72832734,20221118,1316,HAMBLEY,N,0.631,0,0,2,2,N,N,25,98,9801,Y,37.48008,-82.51924,2,97,6,1,1,2,2,7,3,N,N,098-CS-1222-0,2022,O,098-CS-1222  -000,098-CS-1222  -000,0.631,0,0,0,0,0,0,1,0,0,0,0,0,0,1,DAC,1,0,195-1083
72686584,20211023,1904,US119,N,0.218,0,0,1,1,N,N,55,98,9801,Y,37.50463,-82.52827,9,3,6,1,1,2,6,1,3,N,N,098-US-0119-0,2021,O,098-US-0119  -000,098-US-0119  -000,0.218,0,0,0,0,0,0,0,0,0,0,0,0,0,1,Non-DAC,0,1,
72737128,20220303,947,US23,N,27.311,0,0,2,2,N,N,55,98,9801,Y,37.51067,-82.54748,5,3,6,1,1,2,2,7,3,N,N,098-US-0023-0,2022,O,098-US-0023  -000,098-US-0023  -000,27.311,0,0,0,1,0,0,1,0,0,0,0,0,0,1,Non-DAC,0,1,
72751205,20220415,1558,US23,N,22.988,0,0,2,2,N,N,55,98,9801,Y,37.46553,-82.52681,5,3,6,1,1,2,2,7,3,N,N,098-US-0023-0,2022,O,098-US-0023  -000,098-US-0023  -000,22.988,0,0,0,0,0,0,1,0,0,0,0,0,0,1,DAC,1,0,195-1219
72585865,20210117,1124,CASSIDY,N,0.053,0,0,2,2,N,N,15,98,9801,Y,37.50368,-82.53301,2,97,6,1,1,2,2,1,3,N,N,098-CS-1191-0,2021,O,098-CS-1191  -000,098-CS-1191  -000,0.053,0,0,0,0,0,0,1,0,0,0,0,0,0,1,Non-DAC,0,1,
72672432,20210917,1223,OWSLEY,N,6.527,0,0,2,2,N,N,35,98,9801,Y,37.47703,-82.54698,5,3,4,1,1,2,2,6,3,N,N,098-KY-1384-0,2021,O,098-KY-1384  -000,098-KY-1384  -000,6.527,0,0,0,0,0,0,1,0,0,0,0,0,0,1,Non-DAC,0,1,
72596033,20210219,1047,BYPASS,N,5.674,0,0,2,2,N,N,10,98,9801,Y,37.4727,-82.52313,3,97,6,1,1,9,2,1,3,N,N,098-KY-1426-0,2021,O,098-KY-1426  -000,098-KY-1426  -000,5.674,0,0,0,1,0,0,1,0,0,0,0,0,0,1,DAC,0,1,
72557789,20201027,1419,US119,N,2.511,0,0,2,2,N,N,55,98,9801,Y,37.51405,-82.49041,1,3,6,1,1,2,2,7,3,N,N,098-US-0119-10,2020,O,098-US-0119  -010,098-US-0119  -000,2.511,0,0,0,0,0,0,0,0,0,0,0,0,0,1,DAC,0,1,
72809742,20220927,1024,2ND,N,0.025,0,0,2,2,N,Y,15,98,9801,Y,37.48321,-82.51585,1,5,6,1,1,2,2,1,3,N,N,098-CS-1117-0,2022,O,098-CS-1117  -000,098-CS-1117  -000,0.025,0,0,0,0,0,0,0,0,0,0,0,0,0,1,DAC,1,0,195-1025
72540787,20200905,2330,US23,N,20.573,1,0,1,1,N,N,55,98,9801,Y,37.44355,-82.5189,9,5,3,1,1,2,5,1,3,N,Y,098-US-0023-0,2020,C,098-US-0023  -000,098-US-0023  -000,20.573,0,0,1,0,0,0,0,0,1,1,0,1,0,1,Non-DAC,0,1,
72538139,20200829,1400,MAYO,N,20.5,0,0,1,1,N,N,55,98,9801,Y,37.44417,-82.51794,9,3,3,1,1,2,2,1,3,N,Y,,2020,O,098-US-0023  -010,098-US-0023  -000,20.5,0,0,0,0,0,0,0,0,0,0,0,1,0,1,Non-DAC,0,1,
72697206,20211110,1507,US23,N,22.288,0,0,2,2,N,N,55,98,9801,Y,37.46136,-82.51698,1,3,1,1,1,2,2,1,3,N,N,098-US-0023-10,2021,O,098-US-0023  -010,098-US-0023  -000,22.288,0,0,1,1,0,0,0,1,0,0,0,0,0,1,Non-DAC,0,1,
72598608,20210222,949,BAIRD,N,5.39,0,0,2,2,N,N,55,98,9801,Y,37.47334,-82.52714,1,3,6,1,1,2,2,1,3,N,N,098-KY-1426-0,2021,O,098-KY-1426  -000,098-KY-1426  -000,5.39,0,0,0,1,0,0,1,0,0,0,0,0,0,1,DAC,1,0,195-1174
72661076,20210820,1755,BAIRD,N,5.389,0,0,2,1,N,N,55,98,9801,Y,37.4731,-82.52714,5,3,6,1,1,2,2,1,3,N,N,,2021,O,098-KY-1426  -000,098-KY-1426  -000,5.389,0,0,0,0,0,0,1,0,0,0,0,0,0,1,DAC,1,0,195-1174
72463187,20200110,200,KEYSER HEIGHTS,N,0.192,0,0,2,2,N,N,15,98,9801,Y,37.49099,-82.53316,2,3,6,1,1,3,5,6,3,N,N,098-CS-1188-0,2020,O,098-CS-1188  -000,098-CS-1188  -000,0.192,0,0,0,0,0,0,1,0,0,0,0,0,0,1,Non-DAC,0,1,
72531858,20200813,756,US23,N,20.157,1,0,3,3,N,N,55,98,9801,Y,37.44791,-82.5143,5,3,6,1,1,3,2,7,3,Y,N,098-US-0023-0,2020,C,098-US-0023  -000,098-US-0023  -000,20.157,0,0,0,0,0,0,0,0,0,0,0,0,0,1,Non-DAC,0,1,
72582260,20201231,1716,US23,N,32.806,3,0,2,2,N,N,55,98,9801,Y,37.53174,-82.61946,1,3,6,1,5,6,3,7,3,Y,N,,2020,A,098-US-0023  -010,098-US-0023  -000,32.806,0,0,1,0,0,0,1,1,1,0,1,0,0,1,Non-DAC,1,0,195-0668
72795149,20220810,835,US23,N,26.259,0,0,2,2,Y,N,55,98,9801,Y,37.5034,-82.53233,5,3,6,1,5,6,2,7,3,N,N,098-US-0023-10,2022,O,098-US-0023  -010,098-US-0023  -000,26.259,0,0,0,0,0,0,0,0,0,0,0,0,0,1,Non-DAC,1,0,195-0861
72736554,20220301,6,TOWN MOUNTAIN,N,8.171,0,0,2,2,N,N,55,98,9801,Y,37.49376,-82.49116,7,3,6,1,1,2,6,1,3,N,N,098-KY-1426-0,2022,O,098-KY-1426  -000,098-KY-1426  -000,8.171,0,0,0,0,0,0,0,0,0,0,0,1,0,1,Non-DAC,0,1,
72579271,20201226,1456,US23,N,26.332,1,0,2,2,N,N,55,98,9801,Y,37.50376,-82.53214,5,3,6,1,5,3,2,7,3,N,N,098-US-0023-10,2020,C,098-US-0023  -010,098-US-0023  -000,26.332,0,0,0,0,0,0,1,0,0,0,1,0,0,1,Non-DAC,0,1,
72578683,20201225,825,,N,0.033,0,0,1,1,N,N,55,98,9801,Y,37.43682,-82.51057,9,5,2,1,4,9,2,7,3,N,N,,2020,O,098-US-0023  -422,098-US-0023  -422,0.033,0,0,0,0,0,0,1,0,0,0,0,1,0,1,Non-DAC,1,0,195-2088
72598150,20210223,846,BAIRD,N,5.389,0,0,2,2,N,N,55,98,9801,Y,37.47313,-82.52712,1,3,6,1,1,2,2,7,3,N,N,098-KY-1426-0,2021,O,098-KY-1426  -000,098-KY-1426  -000,5.389,0,0,0,1,0,0,1,0,0,0,0,0,0,1,DAC,1,0,195-1174
72514604,20200625,930,HAMBLEY,N,0.305,0,0,2,2,N,N,35,98,9801,Y,37.47622,-82.52261,5,3,6,1,5,2,2,1,3,N,N,,2020,O,098-CS-1222  -000,098-CS-1222  -000,0.305,0,0,0,1,0,0,1,0,0,0,0,0,0,1,DAC,1,0,195-1141
72795530,20220814,1950,US23,N,24.948,0,0,1,1,N,N,55,98,9801,Y,37.48779,-82.54105,9,3,3,1,5,6,2,6,3,N,N,098-US-0023-10,2022,O,098-US-0023  -010,098-US-0023  -000,24.948,1,0,0,0,0,0,0,0,0,0,0,1,0,1,Non-DAC,0,1,
72644536,20210706,1352,MAIN,N,0.055,0,0,4,4,N,N,15,98,9801,Y,37.47845,-82.51814,8,5,6,1,1,2,2,1,3,N,N,098-CS-1112-0,2021,O,098-CS-1112  -000,098-CS-1112  -000,0.055,0,0,0,0,0,0,0,0,0,0,0,0,0,1,DAC,1,0,195-1102
72602985,20210313,2030,US23,N,19.342,0,0,2,2,N,N,55,98,9801,Y,37.44516,-82.50481,2,3,1,1,1,3,4,7,3,N,N,098-US-0023-0,2021,O,098-US-0023  -000,098-US-0023  -000,19.342,0,0,0,0,0,0,0,0,1,0,0,0,0,1,Non-DAC,0,1,
72540933,20200910,915,2ND,N,0.042,0,0,2,2,N,N,15,98,9801,Y,37.483,-82.51604,2,97,6,1,1,2,2,6,3,N,N,098-CS-1117-0,2020,O,098-CS-1117  -000,098-CS-1117  -000,0.042,0,0,0,0,0,0,1,0,0,0,0,1,0,1,DAC,1,0,195-1037
72810821,20220928,1353,OWSLEY,N,6.779,0,0,2,2,Y,N,45,98,9801,Y,37.47914,-82.5433,8,3,6,1,1,2,2,7,3,N,N,098-KY-1384-0,2022,O,098-KY-1384  -000,098-KY-1384  -000,6.779,0,0,0,0,0,0,1,0,0,0,0,1,0,1,DAC,1,0,195-1101
72757442,20220503,1612,US23,N,27.312,0,0,2,2,N,N,55,98,9801,Y,37.51067,-82.54749,5,3,6,1,1,2,2,2,3,N,N,,2022,O,098-US-0023  -000,098-US-0023  -000,27.312,0,0,0,0,0,0,1,0,0,0,0,0,0,1,Non-DAC,0,1,
72673858,20210921,1357,US23 TURN LANE,N,0.008,0,0,2,2,N,N,55,98,9801,Y,37.50365,-82.53259,5,3,6,1,5,3,2,7,3,N,N,098-US-0023-20,2021,O,098-US-0023  -020,098-US-0023  -020,0.008,0,0,1,0,0,0,0,0,0,0,0,0,0,1,Non-DAC,1,0,195-0861
72883077,20230328,1704,BAIRD,N,5.392,0,0,2,2,N,N,35,98,9801,Y,37.47321,-82.52708,4,3,6,1,1,2,2,1,3,N,N,098-KY-1426-0,2023,O,098-KY-1426  -000,098-KY-1426  -000,5.4,0,0,0,1,0,0,1,0,0,0,0,0,0,1,DAC,1,0,195-1174
72722860,20220114,1212,US23,N,31.559,0,0,2,2,N,N,55,98,9801,Y,37.53688,-82.60082,5,3,6,1,1,3,2,7,3,N,N,098-US-0023-0,2022,O,098-US-0023  -000,098-US-0023  -000,31.559,0,0,0,0,0,0,0,0,0,0,0,0,0,1,Non-DAC,0,1,
72820357,20221024,1455,SUMMIT,N,0.017,0,0,2,2,N,N,15,98,9801,Y,37.47679,-82.51678,5,3,5,1,1,2,2,1,3,N,N,098-CS-1064-0,2022,O,098-CS-1064  -000,098-CS-1064  -000,0.017,0,0,0,0,0,0,1,0,0,0,0,0,0,1,DAC,1,0,195-1125
72541700,20200830,517,US23,N,30.886,3,1,1,1,N,N,55,98,9801,Y,37.54099,-82.59171,9,6,3,1,1,2,6,7,3,Y,N,098-US-0023-0,2020,K,098-US-0023  -000,098-US-0023  -000,30.886,0,0,0,0,0,0,0,1,1,1,0,1,0,1,Non-DAC,0,1,
72523098,20200720,1843,KY1426,N,8.245,0,0,2,2,N,N,55,98,9801,Y,37.49486,-82.4911,8,3,4,1,1,3,2,6,3,N,N,098-KY-1426-0,2020,O,098-KY-1426  -000,098-KY-1426  -000,8.245,0,0,0,0,0,0,0,0,0,0,0,1,0,1,Non-DAC,0,1,
72663378,20210825,1425,HAMBLEY,N,0.439,0,0,2,2,N,N,15,98,9801,Y,37.47772,-82.52106,8,97,6,2,1,2,2,3,3,N,N,098-CS-1222-0,2021,O,098-CS-1222  -000,098-CS-1222  -000,0.439,0,0,1,0,0,0,0,0,0,0,0,0,0,1,DAC,0,1,
72505085,20200527,841,MAIN,N,0.016,0,0,2,2,N,Y,15,98,9801,Y,37.47792,-82.51841,5,7,6,1,1,3,2,1,3,N,N,098-CS-1112-0,2020,O,098-CS-1112  -000,098-CS-1112  -000,0.016,0,0,0,1,0,0,1,0,0,0,0,0,0,1,DAC,1,0,195-1108
72495199,20200418,1354,HUFFMAN,N,,0,0,1,1,N,N,15,98,9801,Y,37.47839,-82.51975,9,6,6,1,1,3,2,1,3,N,Y,098-CS-1123-0,2020,O,098-CS-1123  -000,098-CS-1123  -000,0.181,0,0,0,1,0,0,0,0,0,0,0,1,0,1,DAC,1,0,195-1105
72576444,20201217,1726,HAMBLEY,N,0.663,0,0,2,2,N,N,25,98,9801,Y,37.48054,-82.51904,8,3,6,1,5,2,5,1,3,N,N,098-CS-1222-0,2020,O,098-CS-1222  -000,098-CS-1222  -000,0.663,0,0,0,1,0,0,0,0,0,0,1,0,0,1,DAC,1,0,195-1079
72658668,20210811,1659,CHLOE,N,5.024,0,0,2,2,N,N,45,98,9801,Y,37.47754,-82.5155,7,3,4,1,1,2,2,7,3,N,N,098-KY-1460-0,2021,O,098-KY-1460  -000,098-KY-1460  -000,5.024,0,0,0,0,0,0,0,0,1,1,0,1,0,1,Non-DAC,0,1,
72532828,20200818,1530,CASSIDY,N,0.266,0,0,2,2,N,N,25,98,9801,Y,37.5047,-82.5362,1,3,6,1,1,2,2,7,3,N,N,,2020,O,098-CS-1191  -000,098-CS-1191  -000,0.266,0,0,0,0,0,0,1,0,0,0,0,0,0,1,Non-DAC,0,1,
72818948,20221018,1153,CHLOE,N,3.859,0,0,1,1,N,N,35,98,9801,Y,37.47717,-82.4953,9,5,3,1,1,2,2,6,3,N,Y,098-KY-1460-0,2022,O,098-KY-1460  -000,098-KY-1460  -000,3.859,0,0,0,0,0,0,0,0,0,0,0,1,0,1,Non-DAC,1,0,195-1113
72819538,20221021,1618,US23,N,27.403,0,0,2,2,N,N,55,98,9807,Y,37.51095,-82.54919,5,3,6,1,1,2,2,1,3,N,N,,2022,O,098-US-0023  -010,098-US-0023  -000,27.403,0,0,1,0,0,0,0,1,0,0,0,0,0,1,Non-DAC,1,0,195-0811
72438213,20191118,1225,KY3496,N,0.148,0,0,2,2,N,N,35,98,9801,Y,37.46624,-82.53032,1,3,3,1,1,2,2,1,3,N,N,,2019,O,098-KY-3496  -000,098-KY-3496  -000,0.148,0,0,0,1,0,0,1,0,0,0,0,0,0,1,DAC,0,1,
72725086,20220128,1518,BAIRD,N,5.415,1,0,1,1,N,N,25,98,9801,Y,37.47299,-82.52704,9,97,6,1,5,9,2,1,3,Y,N,,2022,C,098-KY-1426  -000,098-KY-1426  -000,5.415,0,0,0,1,0,0,1,0,1,0,0,1,0,1,DAC,0,1,
72594961,20210209,47,HAMBLEY,N,,0,0,1,1,N,N,35,98,9801,Y,37.47563,-82.52454,9,97,6,1,1,2,5,1,3,N,Y,,2021,O,098-CS-1153  -000,098-CS-1153  -000,0.191,0,0,0,0,0,0,0,0,1,0,0,1,0,1,DAC,1,0,195-1149
72606835,20210323,1544,US23,N,21.015,0,0,2,2,N,N,55,98,9801,Y,37.44522,-82.5256,8,3,6,1,1,2,2,1,3,N,N,,2021,O,098-US-0023  -000,098-US-0023  -000,21.015,0,0,1,0,0,0,1,0,0,0,0,1,0,1,Non-DAC,0,1,
72518063,20200704,2243,BYPASS,N,5.892,0,0,3,3,N,N,45,98,9801,Y,37.47436,-82.51974,5,3,6,1,1,3,5,7,3,N,N,,2020,O,098-KY-1426  -000,098-KY-1426  -000,5.892,0,0,1,0,0,0,1,0,0,0,0,0,0,1,DAC,0,1,
72708332,20211203,50,HAMBLEY,N,0.168,1,0,3,3,N,N,25,98,9801,Y,37.47491,-82.52447,5,3,6,1,1,2,4,1,3,Y,N,098-CS-1222-0,2021,C,098-CS-1222  -000,098-CS-1222  -000,0.168,0,0,0,0,0,0,0,0,0,0,0,0,0,1,DAC,0,1,
72746034,20220331,1939,CEMETERY,N,0.145,0,0,2,2,N,Y,25,98,9801,Y,37.48031,-82.52086,2,3,6,1,1,2,2,8,3,N,N,,2022,O,098-CS-1167  -000,098-CS-1167  -000,0.145,0,0,1,0,0,0,1,1,0,0,0,0,0,1,DAC,0,1,
72476154,20200211,2254,US119,N,1.385,1,0,1,1,N,N,55,98,9801,Y,37.51122,-82.50962,9,2,1,1,5,10,7,7,3,N,N,098-US-0119-10,2020,B,098-US-0119  -010,098-US-0119  -000,1.385,0,0,1,0,0,0,1,0,0,0,0,1,0,1,Non-DAC,0,1,
72571957,20201201,1133,KY3417,N,0.565,0,0,1,1,N,N,35,98,9801,Y,37.4695,-82.55748,9,4,4,1,2,3,2,1,3,N,Y,,2020,O,098-KY-3417  -000,098-KY-3417  -000,0.565,0,0,0,0,0,0,0,0,0,0,0,1,0,1,Non-DAC,0,1,
72749399,20220404,1728,US23,N,23.055,1,0,2,2,N,N,55,98,9801,Y,37.466,-82.52823,5,3,6,1,1,3,2,1,3,N,N,098-US-0023-0,2022,B,098-US-0023  -000,098-US-0023  -000,23.055,0,0,0,0,0,0,1,0,0,0,0,0,0,1,DAC,0,1,
72791350,20220807,1459,US23,N,26.281,0,0,2,2,N,N,55,98,9801,Y,37.50363,-82.53212,5,3,6,1,1,3,2,7,3,N,N,098-US-0023-0,2022,O,098-US-0023  -000,098-US-0023  -000,26.281,0,0,0,1,0,0,0,1,0,0,0,0,0,1,Non-DAC,0,1,
72545277,20200923,1553,HAROLDS BRANCH,N,0.027,0,0,2,2,N,N,35,98,9801,Y,37.47249,-82.52245,5,3,6,1,1,3,2,7,3,N,N,098-CS-1223-0,2020,O,098-CS-1223  -000,098-CS-1223  -000,0.027,0,0,0,1,0,0,1,0,0,0,0,0,0,1,Non-DAC,0,1,
72723010,20220119,1334,KY1460,N,6.825,0,0,2,2,N,N,45,98,9801,Y,37.48395,-82.54188,5,3,3,1,5,6,2,7,3,N,N,098-KY-1460-0,2022,O,098-KY-1460  -000,098-KY-1460  -000,6.825,0,0,1,0,0,0,0,0,0,0,0,0,0,1,Non-DAC,1,0,195-1013
72487667,20200310,718,US23,N,23.07,0,0,2,2,N,N,55,98,9801,Y,37.46597,-82.52819,5,3,6,1,5,3,2,7,3,N,N,098-US-0023-0,2020,O,098-US-0023  -000,098-US-0023  -000,23.07,0,0,0,1,0,0,0,0,0,0,0,0,0,1,DAC,0,1,
72687365,20211025,1615,US23,N,,1,0,2,2,N,N,55,98,9801,Y,37.50315,-82.53208,1,3,6,1,5,2,2,1,3,N,N,,2021,C,098-US-0023  -000,098-US-0023  -000,26.248,0,0,1,1,0,0,1,1,0,0,0,0,0,1,Non-DAC,1,0,195-0861
72696649,20211110,804,US23,N,18.161,0,0,2,2,N,N,55,98,9801,Y,37.43122,-82.51465,5,3,6,1,1,2,2,7,3,N,N,098-US-0023-0,2021,O,098-US-0023  -000,098-US-0023  -000,18.161,0,0,0,0,0,0,0,1,0,0,0,0,0,1,Non-DAC,0,1,
72582404,20210107,1350,TOWN MTN ROAD,N,,0,0,2,2,N,N,45,98,9801,Y,37.51331,-82.48769,5,3,6,1,1,3,2,7,3,N,N,,2021,O,098-KY-1426  -020,098-KY-1426  -020,0.075,0,0,0,0,0,0,1,0,0,0,0,0,0,1,Non-DAC,1,0,195-0777
72501958,20200516,730,CHLOE,N,3.908,0,0,1,1,N,N,45,98,9801,Y,37.47694,-82.49514,9,3,3,1,1,3,2,6,3,N,N,,2020,O,098-KY-1460  -000,098-KY-1460  -000,3.908,0,0,0,0,0,0,1,0,0,0,0,1,0,1,Non-DAC,1,0,195-1119
72514376,20200623,951,US23,N,22.934,1,0,2,2,N,N,55,98,9801,Y,37.46537,-82.526,5,3,6,1,1,3,2,7,3,Y,N,098-US-0023-0,2020,C,098-US-0023  -000,098-US-0023  -000,22.934,0,1,0,0,0,0,1,0,0,0,0,0,0,1,DAC,0,1,
72573381,20201209,1945,MAYO,N,31.67,0,0,1,1,N,N,55,98,9801,Y,37.53713,-82.60283,9,3,6,1,1,2,7,7,3,N,N,098-US-0023-0,2020,O,098-US-0023  -000,098-US-0023  -000,31.67,0,0,0,0,0,0,0,0,0,0,0,0,0,1,Non-DAC,0,1,
72712816,20211222,1250,KY3496,N,0.57,0,0,2,2,N,N,35,98,9801,Y,37.47108,-82.53339,5,3,3,1,1,2,2,7,3,N,N,,2021,O,098-KY-3496  -000,098-KY-3496  -000,0.57,0,0,0,0,0,0,1,0,0,0,0,0,0,1,DAC,0,1,
72712167,20211214,1746,US23,N,26.165,2,0,3,3,N,N,55,98,9801,Y,37.50198,-82.53213,5,3,6,1,1,2,5,7,3,N,N,,2021,B,098-US-0023  -010,098-US-0023  -000,26.165,0,0,0,1,0,0,1,0,0,0,0,0,0,1,Non-DAC,1,0,195-0861
72565729,20201111,1054,US23,N,26.292,2,0,2,2,N,N,55,98,9801,Y,37.50376,-82.53237,5,3,6,1,5,6,2,7,3,Y,N,,2020,C,098-US-0023  -010,098-US-0023  -000,26.292,0,1,0,0,0,0,0,1,0,0,1,0,0,1,Non-DAC,0,1,
72446574,20191205,1258,CASSIDY,N,0.192,0,0,2,2,Y,N,25,98,9801,Y,37.50395,-82.53512,8,3,3,1,1,2,2,7,3,N,N,098-CS-1191-0,2019,O,098-CS-1191  -000,098-CS-1191  -000,0.192,0,0,0,0,0,0,1,0,0,0,0,1,0,1,Non-DAC,0,1,
72469113,20200127,1223,HAMBLEY,N,0.04,0,0,2,2,N,N,35,98,9801,Y,37.47408,-82.52724,1,3,6,1,5,3,2,7,3,N,N,098-CS-1222-0,2020,O,098-CS-1222  -000,098-CS-1222  -000,0.04,0,0,1,1,0,0,1,0,0,0,0,0,0,1,DAC,1,0,195-1167
72579582,20201223,2232,BYPASS,N,6.027,1,0,1,1,N,N,55,98,9801,Y,37.47586,-82.51809,9,4,6,1,1,3,6,7,3,N,N,098-KY-1426-0,2020,C,098-KY-1426  -000,098-KY-1426  -000,6.027,0,0,0,0,0,0,0,0,0,1,0,1,0,1,DAC,0,1,
72570361,20201130,1127,US23,N,27.442,0,0,2,2,N,N,55,98,9807,Y,37.5111,-82.54993,5,3,6,1,5,2,2,7,3,N,N,,2020,O,098-US-0023  -010,098-US-0023  -000,27.442,0,0,1,0,0,0,0,1,0,0,0,0,0,1,Non-DAC,0,1,
72839795,20221130,938,US23,N,23.06,3,0,2,2,N,N,55,98,9801,Y,37.46594,-82.52803,5,3,6,1,5,6,2,7,3,Y,N,098-US-0023-0,2022,C,098-US-0023  -000,098-US-0023  -000,23.06,0,0,0,0,0,0,1,0,0,0,0,0,0,1,DAC,0,1,
72797371,20220803,1228,US23,N,22.29,1,0,2,2,N,N,55,98,9801,Y,37.46134,-82.51697,5,3,6,1,1,2,2,7,3,Y,N,098-US-0023-10,2022,C,098-US-0023  -010,098-US-0023  -000,22.29,0,0,0,1,0,0,1,0,0,0,1,0,0,1,Non-DAC,0,1,
72799739,20220812,947,US23,N,26.289,0,0,2,2,N,N,55,98,9801,Y,37.50374,-82.53215,1,3,6,1,1,2,2,7,3,N,N,098-US-0023-0,2022,O,098-US-0023  -000,098-US-0023  -000,26.289,0,0,0,1,0,0,1,1,0,0,1,0,0,1,Non-DAC,0,1,