MasterFile,CollisionDate,CollisionTime,RoadwayName,ParkingLotIndicator,Milepoint,NumberInjured,NumberKilled,ofUnits,ofMotorVehicleUnits,Hit&RunIndicator,OneWayIndicator,SpeedLimitNumber,CountyCode,CityCountyCode,InCityLimitsIndicator,Latitude,Longitude,MannerofCollisionCode,LocationFirstEventCode,RoadwayCharacterCode,RoadwaySurfaceCode,RoadwayConditionCode,WeatherCode,LightConditionCode,LandUseCode,SchoolBusRelatedCode,FirstAidSceneIndicator,PropertyDamageIndicator,RT_UNIQUE,YR,KABCO,WorkingRID,KTC_RT,KTC_MP,Motorcyclist,Commercial Vehicle,Young Driver,Mature Driver,Pedestrian,Bicyclist,Distracted,Aggressive,Impaired,Unrestrained,Intersection,Roadway Departure,Median Cross-over,CityCrash,DACid,Int_Crash,Seg_Crash,Int_ID
72803970,20220911,2132,BYPASS,N,5.687,0,0,2,2,N,N,55,98,9801,Y,37.47276,-82.5229,5,3,6,1,5,3,5,7,3,N,N,098-KY-1426-0,2022,O,098-KY-1426  -000,098-KY-1426  -000,5.687,0,0,0,0,0,0,1,0,0,0,0,0,0,1,DAC,1,0,195-1178
72521198,20200715,821,HAROLDS BRANCH,N,0.238,0,0,2,2,N,N,25,98,9801,Y,37.46957,-82.51871,3,3,6,1,1,2,2,7,3,N,N,,2020,O,098-CS-1223  -000,098-CS-1223  -000,0.238,0,0,0,0,0,0,1,0,0,0,0,1,0,1,Non-DAC,0,1,
72655982,20210806,1426,US23,N,27.389,0,0,2,2,N,N,55,98,9807,Y,37.51086,-82.54903,5,3,6,1,1,2,2,7,3,N,N,098-US-0023-10,2021,O,098-US-0023  -010,098-US-0023  -000,27.389,0,0,0,1,0,0,1,0,0,0,0,0,0,1,Non-DAC,1,0,195-0811
72677877,20211002,134,HAROLDS BRANCH,N,0.136,1,0,1,1,N,N,5,98,9801,Y,37.47109,-82.52155,9,97,5,97,11,2,7,4,3,N,N,098-CS-1223-0,2021,B,098-CS-1223  -000,098-CS-1223  -000,0.136,0,0,1,0,0,0,0,0,1,0,0,1,0,1,Non-DAC,0,1,
72533411,20200807,1654,US23,N,23.871,0,0,3,3,N,N,55,98,9801,Y,37.47458,-82.53709,5,3,6,1,1,2,2,7,3,N,N,098-US-0023-0,2020,O,098-US-0023  -000,098-US-0023  -000,23.871,0,0,0,0,0,0,0,0,0,0,0,0,0,1,DAC,0,1,
72653416,20210723,1739,KY3496,N,0.241,1,0,2,2,N,N,35,98,9801,Y,37.46688,-82.53181,5,3,6,1,1,2,2,1,3,Y,N,098-KY-3496-0,2021,B,098-KY-3496  -000,098-KY-3496  -000,0.241,0,0,0,1,0,0,1,0,0,0,0,0,0,1,DAC,0,1,
72720067,20220112,1212,CASSIDY,N,0.242,0,0,2,2,N,N,15,98,9801,Y,37.50449,-82.53583,1,3,6,1,1,2,2,1,3,N,N,098-CS-1191-0,2022,O,098-CS-1191  -000,098-CS-1191  -000,0.242,0,0,0,1,0,0,1,0,0,0,0,0,0,1,Non-DAC,0,1,
72494431,20200411,616,CHLOE,N,3.414,0,0,1,1,N,N,45,98,9801,Y,37.47499,-82.48728,9,3,6,1,1,2,6,6,1,N,N,,2020,O,098-KY-1460  -000,098-KY-1460  -000,3.414,0,0,0,1,0,0,0,0,0,1,0,1,0,1,Non-DAC,0,1,
72699518,20211116,1835,OWSLEY,N,5.402,0,0,1,1,N,N,35,98,9801,Y,37.48179,-82.56426,9,3,4,1,1,2,6,7,3,N,N,098-KY-1384-0,2021,O,098-KY-1384  -000,098-KY-1384  -000,5.402,0,0,0,0,0,0,0,0,0,0,0,1,0,1,Non-DAC,0,1,
72631506,20210528,2015,US23,N,29.564,1,0,2,2,Y,N,55,98,9807,Y,37.53108,-82.57665,5,3,6,1,1,2,2,7,3,N,N,098-US-0023-0,2021,B,098-US-0023  -000,098-US-0023  -000,29.564,0,0,0,0,0,0,1,0,0,0,0,0,0,1,Non-DAC,1,0,195-0664
72700833,20211123,1822,US23,N,26.626,0,0,2,2,Y,N,55,98,9801,Y,37.5078,-82.53523,8,3,3,1,1,2,6,7,3,N,N,098-US-0023-0,2021,O,098-US-0023  -000,098-US-0023  -000,26.626,0,1,0,0,0,0,0,0,0,0,0,1,0,1,Non-DAC,0,1,
72698282,20211110,1445,US23,N,26.282,0,0,2,2,N,N,55,98,9801,Y,37.50364,-82.53214,5,3,6,1,1,2,2,7,3,N,N,098-US-0023-0,2021,O,098-US-0023  -000,098-US-0023  -000,26.282,0,0,1,0,0,0,0,0,0,0,0,0,0,1,Non-DAC,0,1,
72678020,20211001,1633,CASSIDY,N,0.007,0,0,2,2,N,N,55,98,9801,Y,37.50375,-82.53226,5,3,6,1,1,2,2,1,3,N,N,098-CS-1191-0,2021,O,098-CS-1191  -000,098-CS-1191  -000,0.007,0,1,0,0,0,0,1,0,0,0,0,0,0,1,Non-DAC,1,0,195-0861
72511749,20200614,1821,THOMPSON,N,0.424,0,0,2,2,N,N,45,98,9801,Y,37.50639,-82.54498,1,3,3,1,5,3,2,7,3,N,N,,2020,O,098-CS-1215  -000,098-CS-1215  -000,0.424,0,0,0,0,0,0,1,0,0,0,0,0,0,1,Non-DAC,1,0,195-0839
72487091,20200311,756,US23,N,31.568,0,0,2,2,N,N,55,98,9801,Y,37.53688,-82.601,5,3,6,1,1,3,1,7,3,N,N,,2020,O,098-US-0023  -000,098-US-0023  -000,31.568,0,0,0,0,0,0,0,1,0,0,0,0,0,1,Non-DAC,1,0,195-0620
72686390,20211022,1324,US23,N,19.038,0,0,2,2,N,N,55,98,9801,Y,37.44165,-82.50656,8,3,6,1,1,3,2,1,3,N,N,,2021,O,098-US-0023  -010,098-US-0023  -000,19.038,0,0,0,1,0,0,1,1,0,0,0,1,0,1,Non-DAC,0,1,
72555282,20201021,946,HAROLDS BRANCH,N,0.059,0,0,1,1,N,Y,5,98,9801,Y,37.47207,-82.52223,9,97,3,2,1,2,2,1,3,N,Y,098-CS-1223-0,2020,O,098-CS-1223  -000,098-CS-1223  -000,0.059,0,0,0,0,0,0,0,0,0,0,0,1,0,1,Non-DAC,0,1,
72588103,20210122,1326,US23,N,23.055,6,0,3,3,N,N,55,98,9801,Y,37.4659,-82.52794,5,3,6,1,1,2,2,7,3,Y,N,,2021,C,098-US-0023  -000,098-US-0023  -000,23.055,0,0,0,1,0,0,1,0,0,0,0,0,0,1,DAC,0,1,
72544005,20200914,1746,KY3218,N,3.072,0,0,2,2,N,N,55,98,9801,Y,37.56003,-82.55866,5,3,6,1,1,2,2,7,3,N,N,098-KY-3218-0,2020,O,098-KY-3218  -000,098-KY-3218  -000,3.072,0,0,1,0,0,0,0,0,0,0,0,0,0,1,Non-DAC,0,1,
72486292,20200304,740,US23,N,27.358,0,0,2,2,N,N,55,98,9801,Y,37.51086,-82.54839,5,3,6,1,1,2,2,7,1,N,N,,2020,O,098-US-0023  -000,098-US-0023  -000,27.358,0,0,0,0,0,0,1,0,0,0,0,0,0,1,Non-DAC,1,0,195-0811
72545390,20200923,654,BYPASS,N,5.562,0,0,3,3,N,N,55,98,9801,Y,37.47233,-82.52512,5,3,6,1,1,2,5,1,3,N,N,098-KY-1426-0,2020,O,098-KY-1426  -000,098-KY-1426  -000,5.562,0,0,0,0,0,0,1,0,0,0,0,0,0,1,DAC,0,1,
72750975,20220408,1321,CASSIDY,N,0.062,2,0,2,2,N,N,35,98,9801,Y,37.50368,-82.53316,1,3,6,1,5,8,2,1,3,Y,N,098-CS-1191-0,2022,B,098-CS-1191  -000,098-CS-1191  -000,0.062,0,0,0,1,0,0,1,0,0,0,0,0,0,1,Non-DAC,0,1,
72655259,20210805,1455,US23,N,22.392,1,0,2,2,N,N,55,98,9801,Y,37.46267,-82.51748,1,3,6,1,1,2,2,7,3,N,N,098-US-0023-0,2021,B,098-US-0023  -000,098-US-0023  -000,22.392,0,0,0,1,0,0,1,0,0,0,0,0,0,1,Non-DAC,0,1,
72737354,20220304,1300,US119,N,1.198,1,0,1,1,N,N,55,98,9801,N,37.50915,-82.51213,9,3,6,1,1,2,2,6,3,N,N,098-US-0119-10,2022,C,098-US-0119  -010,098-US-0119  -000,1.198,0,0,0,0,0,0,0,0,0,0,0,1,0,1,Non-DAC,0,1,
72709187,20211212,2231,US23,N,27.375,2,0,2,2,N,N,55,98,9801,Y,37.51085,-82.54896,5,3,6,1,1,2,5,1,3,N,N,,2021,C,098-US-0023  -010,098-US-0023  -000,27.375,0,0,0,0,0,0,0,0,0,0,0,1,0,1,Non-DAC,1,0,195-0811
72720066,20220111,1147,CASSIDY,N,0.311,0,0,2,2,N,N,15,98,9801,Y,37.50518,-82.53706,1,3,6,1,1,2,2,1,3,N,N,098-CS-1191-0,2022,O,098-CS-1191  -000,098-CS-1191  -000,0.311,0,0,0,0,0,0,0,0,0,0,0,0,0,1,Non-DAC,0,1,
72474083,20200209,1226,MYRA BARNES,N,0.073,0,0,2,2,Y,N,15,98,9801,Y,37.48373,-82.53085,6,7,6,1,1,3,5,6,3,N,N,,2020,O,098-CS-1150  -000,098-CS-1150  -000,0.073,0,0,0,0,0,0,0,0,0,0,0,0,0,1,DAC,0,1,
72555495,20201002,1430,US119,N,0.671,0,0,2,2,Y,N,55,98,9801,Y,37.50738,-82.5208,2,97,6,1,1,2,2,7,3,N,N,098-US-0119-0,2020,O,098-US-0119  -000,098-US-0119  -000,0.671,0,0,0,0,0,0,0,0,0,0,0,0,0,1,Non-DAC,0,1,
72682366,20211012,1549,US23,N,29.619,1,0,3,3,N,N,55,98,9801,N,37.53127,-82.57684,8,3,6,1,1,2,2,1,3,Y,N,098-US-0023-10,2021,B,098-US-0023  -010,098-US-0023  -000,29.619,0,0,0,1,0,0,1,0,0,0,0,1,0,1,Non-DAC,0,1,
72569024,20201119,1100,CHLOE,N,3.924,1,0,1,1,N,N,35,98,9801,Y,37.47687,-82.49538,9,5,3,1,1,3,2,6,3,Y,N,098-KY-1460-0,2020,A,098-KY-1460  -000,098-KY-1460  -000,3.924,0,0,0,0,0,0,0,0,1,1,0,1,0,1,Non-DAC,1,0,195-1119
72760628,20220512,820,SCOTT,N,0.211,0,0,2,2,N,N,25,98,9801,Y,37.48381,-82.51859,1,3,6,1,1,2,2,6,3,N,N,098-CS-1116-0,2022,O,098-CS-1116  -000,098-CS-1116  -000,0.211,0,0,0,0,0,0,0,0,0,0,0,0,0,1,DAC,1,0,195-1001
72865377,20230214,1946,US23,N,30.396,0,0,2,2,N,N,55,98,9801,Y,37.54176,-82.58347,8,3,3,1,1,2,6,7,3,N,N,098-US-0023-0,2023,O,098-US-0023  -000,098-US-0023  -000,30.376,0,0,0,1,0,0,1,0,0,0,0,1,0,1,Non-DAC,1,0,195-0573
72527628,20200803,1316,BROAD BOTTOM ROAD,N,,0,0,2,2,N,N,25,98,9807,Y,37.53079,-82.57916,1,3,6,1,1,2,2,6,3,Y,N,,2020,O,098-CR-1426G -000,098-CR-1426G -000,0.002,0,0,0,1,0,0,1,0,0,0,0,0,0,1,Non-DAC,1,0,195-0667
72647461,20210712,1738,US23,N,20.967,3,0,3,3,N,N,55,98,9801,Y,37.44453,-82.52535,1,3,3,1,1,3,2,1,3,Y,N,098-US-0023-10,2021,C,098-US-0023  -010,098-US-0023  -000,20.967,0,1,1,0,0,0,1,0,0,0,0,0,0,1,Non-DAC,0,1,
72700449,20211116,1300,HAROLDS BRANCH,N,0.58,0,0,1,1,N,N,15,98,9801,Y,37.46941,-82.51424,9,5,6,1,1,2,2,6,3,N,Y,098-CS-1223-0,2021,O,098-CS-1223  -000,098-CS-1223  -000,0.58,0,0,0,0,0,0,1,0,0,0,0,1,0,1,Non-DAC,0,1,
72810839,20220929,1735,HUFFMAN,N,0.155,0,0,2,2,N,N,25,98,9801,Y,37.47823,-82.51933,4,3,6,1,1,2,2,3,3,N,N,098-CS-1123-0,2022,O,098-CS-1123  -000,098-CS-1123  -000,0.155,0,0,1,0,0,0,1,0,0,0,0,0,0,1,DAC,1,0,195-1106
72552293,20201013,1505,US23,N,26.259,0,0,2,2,N,N,55,98,9801,Y,37.50332,-82.53231,8,3,6,1,1,2,2,7,3,N,N,098-US-0023-10,2020,O,098-US-0023  -010,098-US-0023  -000,26.259,0,0,0,0,0,0,0,0,0,0,0,1,0,1,Non-DAC,1,0,195-0861
72685967,20211015,1229,BAIRD,N,5.386,4,0,2,2,N,N,15,98,9801,Y,37.47281,-82.52699,1,3,6,1,1,2,2,7,3,Y,N,098-KY-1426-0,2021,C,098-KY-1426  -000,098-KY-1426  -000,5.386,0,0,0,0,0,0,1,0,0,0,0,0,0,1,DAC,1,0,195-1174
72546103,20200925,2218,US119,N,0.095,0,0,2,2,N,N,55,98,9801,Y,37.50397,-82.53042,8,3,6,1,1,2,5,1,3,N,N,,2020,O,098-US-0119  -010,098-US-0119  -000,0.095,0,0,0,0,0,0,1,0,0,0,0,1,0,1,Non-DAC,0,1,
72460544,20200106,1554,US23,N,26.914,5,0,2,2,N,N,55,98,9801,Y,37.50996,-82.53954,1,3,6,1,1,2,2,7,3,Y,N,098-US-0023-0,2020,C,098-US-0023  -000,098-US-0023  -000,26.914,0,0,0,0,0,0,1,0,0,0,0,0,0,1,Non-DAC,0,1,
72516841,20200627,1842,US23,N,26.276,0,0,2,2,N,N,55,98,9801,Y,37.50355,-82.53235,8,3,6,1,1,2,2,1,3,N,N,098-US-0023-10,2020,O,098-US-0023  -010,098-US-0023  -000,26.276,0,0,1,0,0,0,1,1,0,0,0,1,0,1,Non-DAC,0,1,
72548954,20201001,1849,GARRED,N,0.183,0,0,2,2,N,N,35,98,9801,Y,37.48397,-82.52843,2,7,5,1,1,2,2,6,3,N,N,098-CS-1174-0,2020,O,098-CS-1174  -000,098-CS-1174  -000,0.183,0,0,0,0,0,0,1,0,0,1,0,0,0,1,DAC,0,1,
72504178,20200524,1621,THOMPSON,N,0.5,0,0,2,2,N,N,10,98,9801,Y,37.50602,-82.54368,1,97,6,1,1,2,2,1,3,N,N,,2020,O,098-CS-1215  -000,098-CS-1215  -000,0.5,0,0,0,0,0,0,1,0,0,0,0,0,0,1,Non-DAC,0,1,
72492163,20200331,2047,CHLOE,N,2.737,1,0,1,1,N,N,35,98,9801,Y,37.46885,-82.47852,9,3,2,1,5,6,6,7,3,Y,N,098-KY-1460-0,2020,C,098-KY-1460  -000,098-KY-1460  -000,2.737,0,0,0,0,0,0,1,1,0,1,0,1,0,1,Non-DAC,0,1,
72799770,20220824,2100,US23,N,26.223,0,0,2,2,N,N,45,98,9801,Y,37.50327,-82.53228,5,3,6,1,1,2,5,7,3,N,N,098-US-0023-0,2022,O,098-US-0023  -000,098-US-0023  -000,26.223,0,0,0,1,0,0,1,0,0,0,0,0,0,1,Non-DAC,1,0,195-0861
72602025,20210226,1640,US23,N,19.547,1,0,3,3,N,N,55,98,9801,Y,37.44808,-82.50529,1,3,3,1,5,6,2,7,3,Y,N,,2021,C,098-US-0023  -010,098-US-0023  -000,19.547,0,1,0,0,0,0,0,0,0,0,0,0,0,1,Non-DAC,0,1,
72811921,20221001,1716,US23,N,23.11,1,0,1,1,N,N,55,98,9801,Y,37.46611,-82.52883,9,3,6,1,5,6,2,7,3,Y,N,098-US-0023-0,2022,C,098-US-0023  -000,098-US-0023  -000,23.11,0,0,0,0,0,0,0,0,0,0,0,1,0,1,DAC,0,1,
72866050,20230214,1620,BROAD BOTTOM,N,0.13,0,0,2,2,N,N,35,98,9801,Y,37.53074,-82.57911,8,3,6,1,1,2,2,6,3,N,N,,2023,O,098-CR-1419  -000,098-CR-1419  -000,0.132,0,0,1,0,0,0,1,0,0,0,1,0,0,1,Non-DAC,1,0,195-0667
72563862,20201110,1331,KY1426,N,8.83,3,0,2,2,N,N,35,98,9801,Y,37.50286,-82.48975,5,3,4,1,1,2,2,7,3,Y,N,,2020,C,098-KY-1426  -000,098-KY-1426  -000,8.83,0,0,0,1,0,0,1,0,0,0,0,0,0,1,Non-DAC,0,1,
72556804,20201024,1523,TOWN MOUNTAIN,N,8.557,1,0,1,1,N,N,45,98,9801,Y,37.49923,-82.49062,9,3,1,1,5,3,2,7,3,Y,N,098-KY-1426-0,2020,C,098-KY-1426  -000,098-KY-1426  -000,8.557,0,0,0,0,0,0,1,1,0,1,0,1,0,1,Non-DAC,0,1,
72574753,20201214,801,BYPASS,N,5.956,0,0,2,2,N,N,35,98,9801,Y,37.47501,-82.51886,5,3,6,1,5,6,2,1,3,N,N,,2020,O,098-KY-1426  -000,098-KY-1426  -000,5.956,0,0,0,1,0,0,1,0,0,0,0,0,0,1,DAC,0,1,
72818696,20221004,1300,3RD,N,0.104,0,0,1,1,N,N,25,98,9801,Y,37.48244,-82.51785,9,3,6,1,1,2,2,6,3,N,Y,098-CS-1118-0,2022,O,098-CS-1118  -000,098-CS-1118  -000,0.104,0,1,0,0,0,0,0,0,0,0,0,0,0,1,DAC,1,0,195-1041
72643091,20210702,1559,US23 TURN LANE,N,0.021,0,0,2,2,N,N,55,98,9801,Y,37.50354,-82.53238,5,3,6,1,1,2,2,7,3,N,N,098-US-0023-21,2021,O,098-US-0023  -021,098-US-0023  -021,0.021,0,0,0,0,0,0,1,0,0,0,0,0,0,1,Non-DAC,1,0,195-0861
72543660,20200916,2340,SUMMIT,N,0.809,0,0,1,1,N,N,45,98,9801,Y,37.47298,-82.50722,9,5,1,1,1,2,6,7,3,N,N,098-CS-1064-0,2020,O,098-CS-1064  -000,098-CS-1064  -000,0.809,0,0,0,0,0,0,1,0,0,0,0,1,0,1,Non-DAC,0,1,
72481964,20200228,1540,BYPASS,N,6.04,0,0,2,2,N,N,45,98,9801,Y,37.47601,-82.51793,1,3,6,1,1,2,2,1,3,N,N,098-KY-1426-0,2020,O,098-KY-1426  -000,098-KY-1426  -000,6.04,0,0,0,1,0,0,1,0,0,0,0,0,0,1,DAC,0,1,
72571324,20201203,650,US23,N,21.538,0,0,2,2,N,N,55,98,9801,Y,37.45185,-82.52351,1,3,6,1,1,3,1,1,3,N,N,098-US-0023-0,2020,O,098-US-0023  -000,098-US-0023  -000,21.538,0,0,0,0,0,0,1,0,0,0,0,0,0,1,Non-DAC,1,0,195-1272
72771388,20220609,1100,OWSLEY,N,7.448,0,0,2,2,N,N,45,98,9801,Y,37.48263,-82.53395,2,3,6,1,1,2,2,7,3,N,N,098-KY-1384-0,2022,O,098-KY-1384  -000,098-KY-1384  -000,7.448,0,0,0,0,0,0,1,0,0,0,0,0,0,1,DAC,1,0,195-1052
72718440,20220104,715,CHLOE,N,3.732,0,0,2,2,N,N,35,98,9801,Y,37.47738,-82.49208,1,3,5,1,2,2,1,7,3,N,N,098-KY-1460-0,2022,O,098-KY-1460  -000,098-KY-1460  -000,3.732,0,0,0,0,0,0,0,0,0,1,0,1,0,1,Non-DAC,0,1,
72740330,20220308,715,KY3417,N,0.469,0,0,2,2,N,N,35,98,9801,Y,37.46805,-82.55755,7,3,2,1,1,2,2,7,3,N,N,098-KY-3417-0,2022,O,098-KY-3417  -000,098-KY-3417  -000,0.469,0,0,0,0,0,0,0,0,0,0,0,1,0,1,Non-DAC,0,1,
72790130,20220623,2257,CHLOE,N,4.598,1,0,3,2,N,N,35,98,9801,Y,37.47744,-82.50742,1,3,6,1,1,2,6,7,3,N,N,098-KY-1460-0,2022,A,098-KY-1460  -000,098-KY-1460  -000,4.598,0,0,1,0,1,0,0,0,0,0,0,0,0,1,Non-DAC,0,1,
72502003,20200511,1000,GRACE,N,0.027,0,0,2,2,Y,N,55,98,9849,Y,37.47927,-82.51819,5,97,6,1,1,2,2,7,3,N,N,098-CS-1128-0,2020,O,098-CS-1128  -000,098-CS-1128  -000,0.027,0,0,0,1,0,0,0,0,0,0,0,0,0,1,DAC,0,1,
72435499,20191107,1254,BAIRD,N,5.392,0,0,2,2,N,N,15,98,9801,Y,37.47322,-82.52715,8,97,6,1,5,6,2,1,3,N,N,098-KY-1426-0,2019,O,098-KY-1426  -000,098-KY-1426  -000,5.392,0,0,0,1,0,0,0,0,0,0,0,1,0,1,DAC,1,0,195-1174
72532729,20200813,1400,REDALE,N,0.103,0,0,3,3,N,N,15,98,9801,Y,37.48727,-82.52597,1,97,6,1,1,2,2,7,3,N,N,098-CS-1244-0,2020,O,098-CS-1244  -000,098-CS-1244  -000,0.103,0,0,0,0,0,0,0,0,0,0,0,0,0,1,DAC,0,1,
72765919,20220526,901,KY1426,N,7.575,0,0,2,2,N,N,45,98,9801,Y,37.49027,-82.49807,5,3,6,1,5,3,2,7,3,N,N,098-KY-1426-0,2022,O,098-KY-1426  -000,098-KY-1426  -000,7.575,0,0,0,0,0,0,0,0,0,0,0,0,0,1,Non-DAC,1,0,195-0929
72771814,20220604,731,HAROLDS BRANCH,N,0.111,0,0,2,2,N,N,15,98,9801,Y,37.47142,-82.52177,8,3,6,2,1,2,2,1,3,N,N,098-CS-1223-0,2022,O,098-CS-1223  -000,098-CS-1223  -000,0.111,0,0,0,0,0,0,1,0,0,0,0,0,0,1,Non-DAC,0,1,
72601303,20210305,1459,US23,N,19.488,0,0,2,2,N,N,55,98,9801,Y,37.44732,-82.50491,5,3,6,1,1,2,2,1,3,N,N,,2021,O,098-US-0023  -010,098-US-0023  -000,19.488,0,0,0,1,0,0,1,0,0,0,0,0,0,1,Non-DAC,0,1,
72449045,20191209,1159,HAROLDS BRANCH,N,0.077,0,0,2,2,N,N,25,98,9801,Y,37.47186,-82.52204,5,3,6,2,1,2,2,1,3,N,N,098-CS-1223-0,2019,O,098-CS-1223  -000,098-CS-1223  -000,0.077,0,0,0,0,0,0,1,0,0,0,0,0,0,1,Non-DAC,0,1,
72656376,20210728,1849,US119 TURN LANE,N,0.018,0,0,2,2,N,N,55,98,9801,Y,37.50385,-82.53217,5,3,6,1,1,2,2,1,3,N,N,098-US-0119-21,2021,O,098-US-0119  -021,098-US-0119  -021,0.018,0,0,0,0,0,0,0,0,0,0,0,0,0,1,Non-DAC,1,0,195-0861
72593572,20210209,1047,HAMBLEY,N,1.68,0,0,2,2,N,N,35,98,9801,Y,37.48198,-82.53281,8,3,6,1,5,3,2,7,3,N,N,098-CS-1222-0,2021,O,098-CS-1222  -000,098-CS-1222  -000,1.68,0,0,0,0,0,0,1,0,0,0,0,1,0,1,DAC,1,0,195-1064
72480944,20200224,1900,TIGER,N,,0,0,2,2,N,N,15,98,9807,N,37.51494,-82.50182,8,3,2,1,6,6,2,7,3,N,N,,2020,O,098-US-0119  -010,098-US-0119  -000,1.823,0,0,1,0,0,0,0,1,0,0,0,1,0,1,Non-DAC,0,1,
72852275,20230105,1521,US23,N,25.398,0,0,2,2,N,N,55,98,9801,Y,37.49262,-82.53446,5,3,6,1,1,2,2,7,3,N,N,098-US-0023-0,2023,O,098-US-0023  -000,098-US-0023  -000,25.381,0,0,1,0,0,0,0,0,0,0,0,0,0,1,Non-DAC,0,1,
72628619,20210523,413,,N,0.359,1,0,1,1,N,N,45,98,9801,Y,37.47375,-82.53154,9,5,6,1,1,2,5,6,3,Y,N,,2021,C,098-US-0023  -131,098-US-0023  -131,0.359,0,0,0,0,0,0,1,0,1,0,0,1,0,1,DAC,0,1,
72782809,20220629,854,DIVISION,N,0.131,0,0,2,2,N,N,15,98,9801,Y,37.47932,-82.5172,8,97,6,1,1,2,2,7,3,N,N,098-CS-1130-0,2022,O,098-CS-1130  -000,098-CS-1130  -000,0.131,0,0,1,0,0,0,1,0,0,0,0,0,0,1,DAC,1,0,195-1087
72787284,20220727,927,OWSLEY,N,5.81,0,0,1,1,N,N,35,98,9801,Y,37.47768,-82.55916,9,3,6,1,5,3,2,7,3,N,N,098-KY-1384-0,2022,O,098-KY-1384  -000,098-KY-1384  -000,5.81,0,0,0,0,0,0,0,0,0,0,0,0,0,1,Non-DAC,0,1,
72797641,20220816,1422,US23,N,22.405,1,0,3,3,N,N,45,98,9801,Y,37.46278,-82.51767,1,3,6,1,1,2,2,7,3,Y,N,098-US-0023-0,2022,C,098-US-0023  -000,098-US-0023  -000,22.405,0,1,0,1,0,0,1,0,0,0,0,0,0,1,Non-DAC,0,1,
72767535,20220523,1446,US460,N,0.033,0,0,2,2,N,N,55,98,9801,Y,37.44152,-82.50688,7,3,6,1,5,6,2,1,3,N,N,098-US-0460-0,2022,O,098-US-0460  -000,098-US-0460  -000,0.033,0,0,0,0,0,0,1,0,0,0,0,1,0,1,Non-DAC,0,1,
72770984,20220608,1713,US23,N,23.011,0,0,3,3,N,N,55,98,9801,Y,37.46575,-82.52717,5,3,6,1,1,2,2,2,3,N,N,098-US-0023-0,2022,O,098-US-0023  -000,098-US-0023  -000,23.011,0,0,0,1,0,0,1,0,0,0,0,0,0,1,DAC,1,0,195-1219
72709931,20211212,1530,US23,N,23.028,2,0,3,3,N,N,55,98,9801,Y,37.4657,-82.52752,3,3,6,1,1,2,2,1,3,N,N,098-US-0023-0,2021,C,098-US-0023  -000,098-US-0023  -000,23.028,0,0,0,0,0,0,1,1,0,0,0,1,0,1,DAC,0,1,
72629180,20210520,1152,US23,N,25.737,1,0,2,2,N,N,55,98,9801,Y,37.4959,-82.53105,1,3,6,1,1,2,2,1,3,N,N,,2021,B,098-US-0023  -000,098-US-0023  -000,25.737,0,0,0,1,0,0,1,0,0,0,0,0,0,1,Non-DAC,0,1,
72618843,20210428,941,US23,N,26.286,0,0,2,2,Y,N,55,98,9801,Y,37.5037,-82.53215,5,3,6,1,1,2,2,7,3,N,N,098-US-0023-0,2021,O,098-US-0023  -000,098-US-0023  -000,26.286,0,0,0,0,0,0,0,0,0,0,0,0,0,1,Non-DAC,0,1,
72691888,20211103,1612,US23,N,30.533,0,0,2,2,N,N,55,98,9801,Y,37.54261,-82.58553,5,3,6,1,1,2,2,1,3,N,N,098-US-0023-0,2021,O,098-US-0023  -000,098-US-0023  -000,30.533,0,0,0,0,0,0,1,0,0,0,0,0,0,1,Non-DAC,0,1,
72559715,20201027,1441,HAMBLEY,N,0.63,0,0,4,4,N,N,35,98,9801,Y,37.48006,-82.51923,8,3,6,1,1,2,2,1,3,N,N,098-CS-1222-0,2020,O,098-CS-1222  -000,098-CS-1222  -000,0.63,0,0,0,0,0,0,1,0,0,0,0,1,0,1,DAC,1,0,195-1083
72521116,20200714,1622,BYPASS,N,5.616,0,0,2,2,N,N,45,98,9801,Y,37.4725,-82.52418,5,3,6,1,1,2,2,7,3,N,N,098-KY-1426-0,2020,O,098-KY-1426  -000,098-KY-1426  -000,5.616,0,0,0,0,0,0,1,0,0,0,0,0,0,1,DAC,0,1,
72601691,20210309,1913,HAMBLEY,N,0.023,0,0,2,2,Y,N,35,98,9801,Y,37.47411,-82.52689,1,3,6,1,1,2,3,1,3,N,N,,2021,O,098-CS-1222  -000,098-CS-1222  -000,0.023,0,0,0,1,0,0,1,1,0,0,0,0,0,1,DAC,1,0,195-1167
72672839,20210920,639,MAYO,N,22.938,0,0,2,2,N,N,55,98,9801,Y,37.46539,-82.52599,4,3,6,1,1,2,5,1,3,N,N,098-US-0023-10,2021,O,098-US-0023  -010,098-US-0023  -000,22.938,0,0,0,0,0,0,1,1,0,0,0,0,0,1,DAC,0,1,
72832732,20221111,713,US23,N,23.057,1,0,3,3,N,N,55,98,9801,Y,37.46586,-82.52803,1,3,6,1,5,6,2,7,3,Y,Y,098-US-0023-0,2022,A,098-US-0023  -000,098-US-0023  -000,23.057,0,1,0,0,0,0,1,0,0,0,0,1,0,1,DAC,0,1,