MasterFile,CollisionDate,CollisionTime,RoadwayName,ParkingLotIndicator,Milepoint,NumberInjured,NumberKilled,ofUnits,ofMotorVehicleUnits,Hit&RunIndicator,OneWayIndicator,SpeedLimitNumber,CountyCode,CityCountyCode,InCityLimitsIndicator,Latitude,Longitude,MannerofCollisionCode,LocationFirstEventCode,RoadwayCharacterCode,RoadwaySurfaceCode,RoadwayConditionCode,WeatherCode,LightConditionCode,LandUseCode,SchoolBusRelatedCode,FirstAidSceneIndicator,PropertyDamageIndicator,RT_UNIQUE,YR,KABCO,WorkingRID,KTC_RT,KTC_MP,Motorcyclist,Commercial Vehicle,Young Driver,Mature Driver,Pedestrian,Bicyclist,Distracted,Aggressive,Impaired,Unrestrained,Intersection,Roadway Departure,Median Cross-over,CityCrash,DACid,Int_Crash,Seg_Crash,Int_ID
72770983,20220609,1616,BAIRD,N,5.394,0,0,2,2,N,N,25,98,9801,Y,37.47328,-82.52709,1,3,6,1,1,2,2,6,3,N,N,,2022,O,098-KY-1426  -000,098-KY-1426  -000,5.394,0,0,0,1,0,0,1,0,0,0,0,0,0,1,DAC,1,0,195-1174
72713286,20211223,1330,KY1426,N,6.92,0,0,2,2,N,N,55,98,9801,Y,37.48628,-82.50907,5,3,6,1,1,2,2,7,3,N,N,098-KY-1426-0,2021,O,098-KY-1426  -000,098-KY-1426  -000,6.92,0,0,0,0,0,0,0,0,0,0,0,0,0,1,Non-DAC,1,0,195-0950
72592387,20210208,1342,CASSIDY,N,0.392,0,0,2,2,N,N,25,98,9801,Y,37.50478,-82.53847,1,3,6,1,1,2,2,1,3,N,N,,2021,O,098-CS-1191  -000,098-CS-1191  -000,0.392,0,0,0,1,0,0,1,0,0,0,0,0,0,1,Non-DAC,0,1,
72478687,20200218,1232,HAMBLEY,N,,0,0,2,2,N,N,35,98,9801,Y,37.47402,-82.5273,4,3,6,1,5,6,2,7,3,N,N,,2020,O,098-CS-1222  -000,098-CS-1222  -000,0,0,0,0,0,0,0,1,1,0,0,1,0,0,1,DAC,1,0,195-1167
72521115,20200713,1656,HIBBARD,N,,0,0,2,2,N,N,15,98,9801,Y,37.47308,-82.52643,5,97,6,1,1,2,2,1,3,N,N,,2020,O,098-CS-1053  -000,098-CS-1053  -000,0.016,0,0,1,1,0,0,1,0,0,0,0,0,0,1,DAC,1,0,195-1172
72819995,20221019,909,CEDAR HILLS,N,4.638,0,0,2,2,N,N,35,98,9801,Y,37.46205,-82.52663,1,3,3,1,1,2,2,7,3,N,N,098-KY-1426-0,2022,O,098-KY-1426  -000,098-KY-1426  -000,4.638,0,0,0,0,0,0,1,0,1,0,0,1,0,1,Non-DAC,0,1,
72659576,20210810,1637,US23,N,25.721,0,0,2,2,N,N,55,98,9801,Y,37.49567,-82.53115,5,3,6,1,1,2,2,1,3,N,N,098-US-0023-0,2021,O,098-US-0023  -000,098-US-0023  -000,25.721,0,0,0,0,0,0,1,0,0,0,0,0,0,1,Non-DAC,0,1,
72547897,20200930,1322,US23,N,23.052,2,0,2,2,N,N,55,98,9801,Y,37.46584,-82.52792,3,3,6,1,1,2,2,1,3,Y,N,098-US-0023-0,2020,B,098-US-0023  -000,098-US-0023  -000,23.052,0,0,0,1,0,0,0,0,0,0,0,1,0,1,DAC,0,1,
72480998,20200226,1900,CHLOE,N,4.908,0,0,2,2,Y,N,45,98,9801,Y,37.47773,-82.5133,7,3,,1,5,6,7,1,3,N,N,,2020,O,098-KY-1460  -000,098-KY-1460  -000,4.908,0,0,0,0,0,0,0,0,0,0,0,1,0,1,Non-DAC,0,1,
72796456,20220807,1531,BILLUPS,N,0.21,0,0,1,1,N,N,15,98,9801,Y,37.50854,-82.55224,9,3,6,1,1,2,2,1,3,N,N,098-CS-1221-0,2022,O,098-CS-1221  -000,098-CS-1221  -000,0.21,0,0,0,1,0,0,0,0,0,0,0,1,0,1,Non-DAC,1,0,195-0826
72800546,20220818,1539,US23,N,25.057,0,0,2,2,N,N,55,98,9801,Y,37.48894,-82.5397,8,3,6,1,1,2,2,7,3,N,N,098-US-0023-10,2022,O,098-US-0023  -010,098-US-0023  -000,25.057,0,0,1,0,0,0,1,1,0,0,0,1,0,1,Non-DAC,0,1,
72546084,20200904,1740,US119,N,0.49,0,0,2,2,Y,N,55,98,9801,Y,37.50861,-82.52576,2,97,6,1,5,2,2,7,3,N,N,098-US-0119-0,2020,O,098-US-0119  -000,098-US-0119  -000,0.49,0,0,0,0,0,0,0,0,0,0,0,0,0,1,Non-DAC,0,1,
72740480,20220313,2056,CEDAR HILLS,N,4.776,0,0,2,1,N,N,35,98,9801,Y,37.46365,-82.52574,9,97,6,3,8,2,5,7,3,N,N,098-KY-1426-0,2022,O,098-KY-1426  -000,098-KY-1426  -000,4.776,0,0,0,0,0,0,0,0,1,0,0,0,0,1,Non-DAC,1,0,195-1236
72481436,20200227,1614,THOMPSON,N,0.502,0,0,2,2,N,N,35,98,9801,Y,37.50612,-82.54359,8,3,6,1,1,2,2,1,3,N,N,098-CS-1215-0,2020,O,098-CS-1215  -000,098-CS-1215  -000,0.502,0,0,0,1,0,0,1,0,0,0,0,1,0,1,Non-DAC,0,1,
72569933,20201121,1627,US23,N,20.567,2,0,2,2,N,N,55,98,9801,Y,37.44358,-82.5188,1,3,3,1,1,2,2,7,3,Y,N,,2020,C,098-US-0023  -000,098-US-0023  -000,20.567,0,0,0,1,0,0,1,0,0,0,0,0,0,1,Non-DAC,0,1,
72495402,20200413,1156,US23,N,20.604,2,0,2,2,N,N,55,98,9801,Y,37.44327,-82.51935,1,3,6,1,5,3,2,7,3,Y,N,098-US-0023-0,2020,C,098-US-0023  -000,098-US-0023  -000,20.604,0,0,0,1,0,0,1,0,0,0,0,0,0,1,Non-DAC,1,0,195-1300
72587137,20210123,1303,US23,N,26.26,0,0,2,2,N,N,55,98,9801,Y,37.50334,-82.5323,8,3,6,1,1,2,2,7,3,N,N,098-US-0023-10,2021,O,098-US-0023  -010,098-US-0023  -000,26.26,0,0,0,1,0,0,0,0,0,0,0,1,0,1,Non-DAC,1,0,195-0861
72635039,20210611,932,HAMBLEY,N,1.632,0,0,2,2,N,N,35,98,9801,Y,37.48185,-82.53268,8,3,6,1,1,3,2,7,3,N,N,098-CS-1222-0,2021,O,098-CS-1222  -000,098-CS-1222  -000,1.632,0,0,0,0,0,0,1,0,0,0,0,1,0,1,DAC,1,0,195-1055
72517863,20200703,1119,OWSLEY,N,6.799,0,0,2,2,N,N,35,98,9801,Y,37.47931,-82.54302,4,3,6,1,1,2,2,6,3,N,N,,2020,O,098-KY-1384  -000,098-KY-1384  -000,6.799,0,0,0,1,0,0,1,0,0,0,0,0,0,1,DAC,1,0,195-1101
72825219,20221105,230,US23,N,27.034,0,0,1,1,N,N,55,98,9801,Y,37.51046,-82.54188,9,3,6,1,1,3,6,1,3,N,N,098-US-0023-0,2022,O,098-US-0023  -000,098-US-0023  -000,27.034,0,0,0,0,0,0,0,0,0,0,0,0,0,1,Non-DAC,0,1,
72610235,20210401,2009,CASSIDY,N,0.087,0,0,2,2,N,N,5,98,9801,Y,37.50362,-82.53354,5,97,6,1,1,3,7,1,3,N,N,098-CS-1191-0,2021,O,098-CS-1191  -000,098-CS-1191  -000,0.087,0,0,0,0,0,0,1,0,1,0,0,0,0,1,Non-DAC,0,1,
72570691,20201130,1740,US23,N,17.681,0,0,2,2,N,N,55,98,9886,N,37.42468,-82.51705,3,3,6,1,5,1,6,7,3,N,N,098-US-0023-10,2020,O,098-US-0023  -010,098-US-0023  -000,17.681,0,0,0,0,0,0,1,1,0,0,0,1,1,1,Non-DAC,1,0,195-1359
72593613,20210204,1828,US23,N,31.096,1,0,1,1,N,N,55,98,9801,Y,37.53857,-82.59393,9,3,3,1,5,3,6,7,3,Y,N,,2021,B,098-US-0023  -000,098-US-0023  -000,31.096,0,0,0,0,0,0,1,0,0,0,0,1,0,1,Non-DAC,0,1,
72590550,20210202,1154,WOODLAND HILL,N,,0,0,1,1,N,N,5,98,9801,Y,37.46904,-82.49283,9,4,4,1,4,3,2,6,3,N,N,098-CS-1223-0,2021,O,098-CS-1223  -000,098-CS-1223  -000,2.006,0,0,0,0,0,0,0,0,0,0,0,1,0,1,Non-DAC,0,1,
72530708,20200810,821,US23,N,22.057,0,0,3,3,N,N,55,98,9801,Y,37.4581,-82.51733,5,3,6,1,1,2,2,2,3,N,N,,2020,O,098-US-0023  -000,098-US-0023  -000,22.057,0,0,0,0,0,0,0,1,0,0,0,0,0,1,Non-DAC,0,1,
72567389,20201119,1554,BYPASS,N,6.544,0,0,2,1,N,N,45,98,9801,Y,37.48228,-82.51382,1,3,6,1,1,2,2,7,3,N,N,,2020,O,098-KY-1426  -000,098-KY-1426  -000,6.544,0,0,0,0,0,0,1,0,0,0,0,0,0,1,DAC,0,1,
72815475,20221008,1703,CEDAR HILLS,N,4.699,1,0,1,1,N,N,55,98,9801,Y,37.46271,-82.52608,9,3,6,1,1,2,2,7,3,N,N,098-KY-1426-0,2022,B,098-KY-1426  -000,098-KY-1426  -000,4.699,0,0,0,1,0,0,0,0,0,0,0,1,0,1,Non-DAC,0,1,
72713697,20211221,1346,US119,N,0.194,0,0,2,2,N,N,55,98,9801,Y,37.50459,-82.52872,5,7,6,1,1,2,2,7,3,N,N,098-US-0119-10,2021,O,098-US-0119  -010,098-US-0119  -000,0.194,0,0,0,1,0,0,1,0,0,0,0,0,0,1,Non-DAC,0,1,
72760516,20220423,306,HAMBLEY,N,0.705,0,0,1,1,N,N,25,98,9801,Y,37.48112,-82.5189,9,3,3,1,1,2,5,7,3,N,Y,098-CS-1222-0,2022,O,098-CS-1222  -000,098-CS-1222  -000,0.705,0,0,0,0,0,0,0,0,1,0,0,0,0,1,DAC,1,0,195-1068
72562583,20201017,2034,BYPASS,N,6.48,1,0,2,2,N,N,45,98,9801,Y,37.48141,-82.51422,5,3,6,1,1,2,5,7,3,Y,N,,2020,C,098-KY-1426  -000,098-KY-1426  -000,6.48,0,0,0,0,0,0,1,0,0,0,0,0,0,1,DAC,1,0,195-1056
72657144,20210806,645,US23,N,32.333,1,0,1,1,N,N,55,98,9801,Y,37.53732,-82.6148,9,2,3,1,1,2,1,1,3,Y,N,098-US-0023-10,2021,C,098-US-0023  -010,098-US-0023  -000,32.333,0,0,0,0,0,0,0,0,1,1,0,1,0,1,Non-DAC,0,1,
72597074,20210223,826,CHLOE,N,4.706,0,0,1,1,N,N,35,98,9801,Y,37.47792,-82.50941,9,97,6,1,2,2,2,1,3,N,N,,2021,O,098-KY-1460  -000,098-KY-1460  -000,4.706,0,0,0,0,0,0,0,0,0,0,0,1,0,1,Non-DAC,0,1,
72503169,20200515,1048,TOWN MOUNTAIN,N,8.372,0,0,2,2,N,N,55,98,9801,Y,37.49667,-82.49096,5,3,4,1,1,2,2,7,3,N,N,,2020,O,098-KY-1426  -000,098-KY-1426  -000,8.372,0,0,0,1,0,0,1,0,0,0,0,0,0,1,Non-DAC,0,1,
72570825,20201201,1227,HAROLDS BRANCH,N,0.902,0,0,2,2,N,N,25,98,9801,Y,37.46746,-82.50822,7,3,3,3,5,2,2,7,3,N,N,098-CS-1223-0,2020,O,098-CS-1223  -000,098-CS-1223  -000,0.902,0,1,0,0,0,0,1,0,0,0,0,1,0,1,Non-DAC,1,0,195-1208
72708907,20211211,619,US23,N,22.289,0,0,1,1,N,N,55,98,9801,Y,37.46135,-82.51684,9,3,6,1,5,3,6,1,3,N,N,098-US-0023-0,2021,O,098-US-0023  -000,098-US-0023  -000,22.289,0,0,0,0,0,0,0,0,0,0,0,0,0,1,Non-DAC,0,1,
72553264,20201011,1930,MAYO,N,22.945,1,0,2,2,N,N,55,98,9801,Y,37.46542,-82.52599,1,3,6,1,1,2,5,1,3,Y,N,,2020,B,098-US-0023  -010,098-US-0023  -000,22.945,0,0,0,0,0,0,1,1,0,0,0,0,0,1,DAC,0,1,
72595381,20210217,1304,US 23 SOUTH,N,,1,0,2,2,N,N,45,98,9807,Y,37.52974,-82.57612,5,3,6,1,1,2,2,7,3,Y,N,,2021,C,098-US-0023  -010,098-US-0023  -000,29.469,0,0,0,1,0,0,1,0,0,1,0,0,0,1,Non-DAC,0,1,
72527310,20200731,52,US119,N,2.729,0,0,2,2,Y,N,55,98,9828,Y,37.51403,-82.48649,5,3,6,1,1,2,5,7,3,N,N,098-US-0119-10,2020,O,098-US-0119  -010,098-US-0119  -000,2.729,0,0,1,0,0,0,0,1,0,0,0,0,0,1,DAC,0,1,
72711938,20211220,921,MAYO,N,0.372,0,0,1,1,N,N,35,98,9801,Y,37.43757,-82.51109,9,5,6,1,1,2,2,1,3,N,Y,098-US-0460-0,2021,O,098-US-0460  -000,098-US-0460  -000,0.372,0,0,1,0,0,0,0,0,0,0,0,1,0,1,Non-DAC,1,0,195-1311
72555085,20201020,1032,BYPASS,N,5.576,0,0,2,2,N,N,55,98,9801,Y,37.47253,-82.52491,8,7,4,1,1,2,2,1,3,N,N,098-KY-1426-0,2020,O,098-KY-1426  -000,098-KY-1426  -000,5.576,0,0,0,1,0,0,0,0,0,0,0,0,0,1,DAC,0,1,
72515590,20200628,900,US119,N,1.99,0,0,1,1,N,N,55,98,9801,Y,37.5126,-82.49963,9,3,2,1,6,5,2,7,3,N,N,098-US-0119-10,2020,O,098-US-0119  -010,098-US-0119  -000,1.99,0,0,0,0,0,0,0,0,0,0,0,1,0,1,Non-DAC,0,1,
72511517,20200616,1142,BYPASS,N,6.105,0,0,2,2,Y,N,35,98,9801,Y,37.47705,-82.51694,5,3,6,1,1,3,2,7,3,N,N,098-KY-1426-0,2020,O,098-KY-1426  -000,098-KY-1426  -000,6.105,0,0,1,0,0,0,0,0,0,0,0,0,0,1,DAC,1,0,195-1125
72552212,20201007,1014,CASSIDY,N,0.261,0,0,2,2,N,N,15,98,9801,Y,37.50463,-82.53612,1,3,6,1,1,3,2,1,3,N,N,,2020,O,098-CS-1191  -000,098-CS-1191  -000,0.261,0,0,0,1,0,0,1,1,0,0,0,0,0,1,Non-DAC,0,1,
72460370,20200107,820,US119,N,2.265,0,0,1,1,N,N,55,98,9801,Y,37.51321,-82.4947,9,5,5,1,4,9,2,7,3,N,N,098-US-0119-10,2020,O,098-US-0119  -010,098-US-0119  -000,2.265,0,0,0,0,0,0,0,0,0,0,0,1,0,1,Non-DAC,0,1,
72657994,20210812,923,US23 TURN LANE,N,0.004,0,0,2,2,N,N,55,98,9801,Y,37.50397,-82.53239,8,3,6,1,1,2,2,7,3,N,N,098-US-0023-20,2021,O,098-US-0023  -020,098-US-0023  -020,0.004,0,0,0,0,0,0,1,0,0,0,0,1,0,1,Non-DAC,1,0,195-0861
72536436,20200821,5,US23,N,29.539,0,0,1,1,N,N,45,98,9807,Y,37.53078,-82.57643,9,3,6,1,1,2,5,7,3,N,N,098-US-0023-0,2020,O,098-US-0023  -000,098-US-0023  -000,29.539,0,0,0,0,0,0,0,0,0,0,0,0,0,1,Non-DAC,0,1,
72667326,20210831,1921,US23,N,23.06,2,0,2,2,N,N,55,98,9801,Y,37.4659,-82.5281,1,3,6,1,1,3,2,7,3,Y,N,098-US-0023-0,2021,B,098-US-0023  -000,098-US-0023  -000,23.06,0,0,0,0,0,0,1,1,1,0,1,0,0,1,DAC,0,1,
72538801,20200903,1041,HAMBLEY,N,,0,0,2,2,N,N,35,98,9801,Y,37.47402,-82.52729,1,3,6,1,1,3,2,7,3,N,N,098-CS-1222-0,2020,O,098-CS-1222  -000,098-CS-1222  -000,0,0,0,0,1,0,0,0,1,0,0,1,0,0,1,DAC,1,0,195-1167
72587787,20210125,1542,BAIRD,N,5.416,0,0,2,2,N,N,25,98,9801,Y,37.47297,-82.52704,5,3,6,1,5,6,2,7,3,N,N,,2021,O,098-KY-1426  -000,098-KY-1426  -000,5.416,0,0,0,0,0,0,1,1,0,0,0,0,0,1,DAC,0,1,
72521984,20200717,1414,TOWN MOUNTAIN,N,6.921,0,0,2,2,N,N,35,98,9801,Y,37.48617,-82.50915,5,3,6,1,5,3,2,1,3,N,N,,2020,O,098-KY-1426  -000,098-KY-1426  -000,6.921,0,0,0,0,0,0,1,0,0,0,0,0,0,1,Non-DAC,1,0,195-0950
72564311,20201113,1129,US23,N,25.417,0,0,2,2,N,N,55,98,9801,Y,37.49226,-82.53461,1,3,6,1,1,2,2,7,3,N,N,,2020,O,098-US-0023  -000,098-US-0023  -000,25.417,0,0,0,0,0,0,1,1,0,0,0,0,0,1,Non-DAC,0,1,
72653890,20210801,1355,CASSIDY,N,0.266,0,0,2,2,N,N,25,98,9801,Y,37.50468,-82.5362,1,3,3,1,1,2,2,7,3,N,N,,2021,O,098-PS-1015  -000,098-PS-1015  -000,0.266,0,0,0,0,0,0,1,0,0,0,0,0,0,1,Non-DAC,0,1,
72625902,20210518,1358,MAYO,N,27.314,0,0,2,2,N,N,55,98,9801,Y,37.51068,-82.54753,5,3,6,1,1,3,2,7,3,N,N,098-US-0023-0,2021,O,098-US-0023  -000,098-US-0023  -000,27.314,0,0,0,0,0,0,1,0,0,0,0,0,0,1,Non-DAC,1,0,195-0812
72552003,20201012,2116,THOMPSON,N,0.249,0,0,1,1,N,Y,25,98,9801,Y,37.50745,-82.54804,9,3,6,1,1,2,6,7,3,N,N,098-CS-1215-0,2020,O,098-CS-1215  -000,098-CS-1215  -000,0.249,0,0,0,0,0,0,0,0,0,0,0,0,0,1,Non-DAC,0,1,
72653107,20210725,1719,CASSIDY,N,0.01,0,0,3,3,N,N,25,98,9801,Y,37.50375,-82.53244,5,3,6,1,1,3,2,1,3,N,N,098-CS-1191-0,2021,O,098-CS-1191  -000,098-CS-1191  -000,0.01,0,0,0,0,0,0,1,0,0,0,0,0,0,1,Non-DAC,1,0,195-0861
72603675,20210312,1642,US23,N,26.235,0,0,2,2,Y,N,55,98,9801,Y,37.50296,-82.53206,5,3,6,1,1,3,2,7,3,N,N,,2021,O,098-US-0023  -000,098-US-0023  -000,26.235,0,0,0,0,0,0,1,0,0,0,0,0,0,1,Non-DAC,1,0,195-0861
72749779,20220408,1701,BAIRD,N,5.398,0,0,2,2,N,N,35,98,9801,Y,37.47322,-82.52709,1,3,6,1,5,3,2,1,3,N,N,,2022,O,098-KY-1426  -000,098-KY-1426  -000,5.398,0,0,1,1,0,0,1,0,0,0,0,0,0,1,DAC,1,0,195-1174
72817368,20221001,51,OWSLEY,N,7.535,0,0,2,2,N,N,45,98,9801,Y,37.48378,-82.53484,7,3,6,1,5,3,4,1,3,N,N,098-KY-1384-0,2022,O,098-KY-1384  -000,098-KY-1384  -000,7.535,0,0,1,1,0,0,0,0,0,0,0,1,0,1,DAC,1,0,195-1009
72748054,20220331,1446,US23,N,19.579,0,0,1,1,N,N,55,98,9801,Y,37.4486,-82.50546,9,5,6,1,1,2,2,7,3,N,N,098-US-0023-0,2022,O,098-US-0023  -000,098-US-0023  -000,19.579,0,0,0,0,0,0,0,0,0,0,0,1,0,1,Non-DAC,0,1,
72515022,20200626,1138,MAYO,N,23.062,0,0,2,2,Y,N,55,98,9801,Y,37.46583,-82.52812,1,3,6,1,1,2,2,7,3,N,N,098-US-0023-10,2020,O,098-US-0023  -010,098-US-0023  -000,23.062,0,0,0,1,0,0,0,0,0,0,0,0,0,1,DAC,0,1,
72720296,20220113,1425,CASSIDY,N,0.311,0,0,2,2,N,N,25,98,9801,Y,37.50518,-82.53706,5,3,6,1,1,2,2,7,3,N,N,,2022,O,098-CS-1191  -000,098-CS-1191  -000,0.311,0,0,0,0,0,0,1,0,0,0,0,0,0,1,Non-DAC,0,1,
72769158,20220527,1746,US23,N,27.314,0,0,2,2,N,N,55,98,9801,Y,37.51056,-82.54758,5,3,6,1,5,6,2,7,3,N,N,098-US-0023-10,2022,O,098-US-0023  -010,098-US-0023  -000,27.314,0,0,0,0,0,0,1,0,0,0,0,0,0,1,Non-DAC,1,0,195-0812
72617780,20210426,1620,US23,N,19.509,0,0,2,2,N,N,55,98,9801,Y,37.44759,-82.50498,1,3,3,1,1,2,2,7,3,N,N,,2021,O,098-US-0023  -010,098-US-0023  -000,19.509,0,0,0,1,0,0,0,0,0,0,0,0,0,1,Non-DAC,0,1,
72517857,20200701,2208,CHLOE,N,3.225,0,0,1,1,N,N,35,98,9801,Y,37.47374,-82.48446,9,6,1,1,1,2,6,1,3,N,N,098-KY-1460-0,2020,O,098-KY-1460  -000,098-KY-1460  -000,3.225,0,0,0,0,0,0,0,0,1,0,0,1,0,1,Non-DAC,0,1,
72661833,20210817,852,HAMBLEY,N,0.34,0,0,2,2,N,N,25,98,9801,Y,37.4766,-82.52217,8,5,6,1,5,3,2,1,3,N,N,098-CS-1222-0,2021,O,098-CS-1222  -000,098-CS-1222  -000,0.34,0,0,0,0,0,0,0,0,1,0,0,1,0,1,DAC,0,1,
72556381,20201024,749,BYPASS,N,5.587,0,0,2,2,N,N,35,98,9801,Y,37.47241,-82.52469,1,3,6,1,5,6,2,1,3,N,N,,2020,O,098-KY-1426  -000,098-KY-1426  -000,5.587,0,0,0,0,0,0,1,0,0,0,0,0,0,1,DAC,0,1,
72711383,20211214,1738,US23,N,26.28,0,0,2,2,N,N,55,98,9801,Y,37.50361,-82.53215,5,3,6,1,1,2,2,7,3,N,N,098-US-0023-0,2021,O,098-US-0023  -000,098-US-0023  -000,26.28,0,0,0,0,0,0,1,0,1,0,0,0,0,1,Non-DAC,0,1,
72420184,20191010,1718,US23,N,26.192,0,0,2,2,N,N,55,98,9801,Y,37.50237,-82.53201,5,3,6,1,1,2,2,7,3,N,N,,2019,O,098-US-0023  -000,098-US-0023  -000,26.192,0,0,1,0,0,0,1,0,0,0,0,1,0,1,Non-DAC,1,0,195-0861
72771669,20220606,2215,HONEYSUCKLE,N,0.075,0,0,1,1,N,N,15,98,9801,Y,37.47501,-82.55244,9,97,6,1,1,2,6,6,3,N,Y,098-CS-1036-0,2022,O,098-CS-1036  -000,098-CS-1036  -000,0.075,0,0,0,1,0,0,1,0,0,0,0,1,0,1,Non-DAC,0,1,
72549579,20201005,1857,CHLOE,N,4.815,0,0,1,1,N,N,45,98,9801,Y,37.47805,-82.51153,9,3,3,1,1,3,2,7,3,N,N,098-KY-1460-0,2020,O,098-KY-1460  -000,098-KY-1460  -000,4.815,0,0,0,1,0,0,0,0,0,0,0,1,0,1,Non-DAC,0,1,
72739512,20220307,1016,CASSIDY,N,0.209,0,0,2,2,N,N,35,98,9801,Y,37.5042,-82.53534,1,3,6,1,1,3,2,1,3,N,N,098-CS-1191-0,2022,O,098-CS-1191  -000,098-CS-1191  -000,0.209,0,0,1,0,0,0,1,1,0,0,0,0,0,1,Non-DAC,0,1,
72427159,20191026,1108,US23,N,25.734,1,0,1,1,N,N,55,98,9801,Y,37.49585,-82.53107,9,3,3,1,5,6,2,1,3,Y,N,098-US-0023-0,2019,C,098-US-0023  -000,098-US-0023  -000,25.734,0,0,0,1,0,0,0,0,0,0,0,1,0,1,Non-DAC,0,1,
72599568,20210224,1655,KY3496 TURN LANE,N,0.013,1,0,3,3,N,N,55,98,9801,Y,37.46583,-82.52814,4,3,6,1,1,2,2,1,3,Y,N,,2021,B,098-KY-3496  -000,098-KY-3496  -000,0.013,0,0,0,0,0,0,1,0,0,0,0,0,0,1,DAC,1,0,195-1219
72651250,20210723,1901,CEDAR HILLS,N,3.116,0,0,2,2,Y,N,10,98,9801,Y,37.45219,-82.5435,2,97,6,1,1,2,2,7,3,N,N,098-KY-1426-0,2021,O,098-KY-1426  -000,098-KY-1426  -000,3.116,0,0,0,0,0,0,1,0,0,0,0,0,0,1,Non-DAC,0,1,
72509948,20200605,1412,KY1460,N,7.105,0,0,2,2,N,N,45,98,9801,Y,37.48608,-82.54227,5,3,6,1,1,3,2,1,3,N,N,098-KY-1460-0,2020,O,098-KY-1460  -000,098-KY-1460  -000,7.105,0,0,0,0,0,0,0,0,0,0,0,0,0,1,Non-DAC,1,0,195-0959
72555340,20201016,1144,CASSIDY,N,0.351,0,0,2,2,N,N,25,98,9801,Y,37.50516,-82.53788,1,3,6,1,1,2,2,1,3,N,N,,2020,O,098-CS-1191  -000,098-CS-1191  -000,0.351,0,0,0,1,0,0,1,1,0,0,0,0,0,1,Non-DAC,0,1,
72583203,20210110,1405,US23,N,24.174,0,0,2,2,Y,N,55,98,9801,Y,37.47738,-82.54062,8,3,6,1,1,2,2,7,3,N,N,,2021,O,098-US-0023  -010,098-US-0023  -000,24.174,0,0,1,0,0,0,1,1,0,0,0,1,0,1,DAC,0,1,
72639401,20210622,940,KY3417,N,0.37,0,0,2,2,N,N,35,98,9801,Y,37.46663,-82.55825,7,3,1,1,5,2,2,7,3,N,N,098-KY-3417-0,2021,O,098-KY-3417  -000,098-KY-3417  -000,0.37,0,0,0,0,0,0,1,0,0,0,0,1,0,1,Non-DAC,0,1,
72690211,20211029,1533,US23,N,26.124,2,0,3,3,N,N,55,98,9801,Y,37.5014,-82.53183,5,3,6,1,1,3,2,7,3,Y,N,,2021,C,098-US-0023  -000,098-US-0023  -000,26.124,0,0,0,0,0,0,1,0,0,1,0,1,0,1,Non-DAC,0,1,
72563501,20201108,1717,BAIRD,N,5.401,0,0,2,2,N,N,55,98,9801,Y,37.47319,-82.52709,8,3,6,1,1,2,2,1,3,N,N,098-KY-1426-0,2020,O,098-KY-1426  -000,098-KY-1426  -000,5.401,0,0,0,1,0,0,1,0,0,0,0,1,0,1,DAC,1,0,195-1174
72751649,20220417,320,CHLOE,N,4.594,2,0,1,1,N,N,35,98,9801,Y,37.47744,-82.50735,9,6,3,1,1,2,5,1,3,Y,Y,098-KY-1460-0,2022,B,098-KY-1460  -000,098-KY-1460  -000,4.594,0,0,0,0,0,0,1,0,0,1,0,1,0,1,Non-DAC,0,1,
72697621,20211107,1629,LORAINE,N,,0,0,1,1,Y,N,35,98,9801,Y,37.48379,-82.53488,9,3,6,1,1,2,2,6,3,N,N,,2021,O,098-KY-1384  -000,098-KY-1384  -000,7.536,0,0,0,0,0,0,0,0,0,0,0,1,0,1,DAC,1,0,195-1009
72535615,20200824,1434,BYPASS,N,6.507,0,0,2,2,N,N,35,98,9801,Y,37.48177,-82.51404,5,3,6,1,1,2,2,1,3,N,N,,2020,O,098-KY-1426  -000,098-KY-1426  -000,6.507,0,0,1,1,0,0,1,0,0,0,0,0,0,1,DAC,1,0,195-1056
72458891,20191223,1510,US23,N,25.981,0,0,2,2,N,N,55,98,9801,Y,37.49936,-82.53155,5,3,6,1,1,2,2,1,3,N,N,098-US-0023-0,2019,O,098-US-0023  -000,098-US-0023  -000,25.981,0,0,1,0,0,0,1,0,0,0,0,0,0,1,Non-DAC,0,1,
72824354,20221026,800,BYPASS,N,5.633,3,0,2,2,N,N,25,98,9801,Y,37.47262,-82.52348,5,3,6,1,1,2,2,7,3,Y,N,098-KY-1426-0,2022,C,098-KY-1426  -000,098-KY-1426  -000,5.633,0,0,0,0,0,0,1,0,1,0,0,0,0,1,DAC,1,0,195-1179
72759565,20220420,1720,2ND,N,0.136,0,0,1,1,N,N,15,98,9801,Y,37.48184,-82.5169,9,5,6,1,1,2,2,1,3,N,Y,098-CS-1117-0,2022,O,098-CS-1117  -000,098-CS-1117  -000,0.136,0,0,0,1,0,0,0,0,0,0,0,1,0,1,DAC,1,0,195-1063
72800903,20220829,1615,US23,N,26.504,1,0,2,2,N,N,55,98,9801,Y,37.50663,-82.53355,1,3,6,1,1,2,2,7,3,Y,N,098-US-0023-10,2022,C,098-US-0023  -010,098-US-0023  -000,26.504,0,1,0,0,0,0,0,0,0,0,0,0,0,1,Non-DAC,0,1,