MasterFile,CollisionDate,CollisionTime,RoadwayName,ParkingLotIndicator,Milepoint,NumberInjured,NumberKilled,ofUnits,ofMotorVehicleUnits,Hit&RunIndicator,OneWayIndicator,SpeedLimitNumber,CountyCode,CityCountyCode,InCityLimitsIndicator,Latitude,Longitude,MannerofCollisionCode,LocationFirstEventCode,RoadwayCharacterCode,RoadwaySurfaceCode,RoadwayConditionCode,WeatherCode,LightConditionCode,LandUseCode,SchoolBusRelatedCode,FirstAidSceneIndicator,PropertyDamageIndicator,RT_UNIQUE,YR,KABCO,WorkingRID,KTC_RT,KTC_MP,Motorcyclist,Commercial Vehicle,Young Driver,Mature Driver,Pedestrian,Bicyclist,Distracted,Aggressive,Impaired,Unrestrained,Intersection,Roadway Departure,Median Cross-over,CityCrash,DACid,Int_Crash,Seg_Crash,Int_ID
72468756,20200123,1930,SUMMIT,N,0.115,0,0,1,1,N,N,15,98,9801,Y,37.4763,-82.51591,9,3,4,1,1,2,5,7,3,N,N,098-CS-1064-0,2020,O,098-CS-1064  -000,098-CS-1064  -000,0.115,0,0,1,0,0,0,0,0,0,0,0,0,0,1,Non-DAC,0,1,
72755064,20220425,1434,PIKE,N,0.057,0,0,2,2,N,N,15,98,9801,Y,37.4802,-82.51644,2,3,5,1,1,2,2,1,3,N,N,,2022,O,098-CS-1113  -000,098-CS-1113  -000,0.057,0,1,0,0,0,0,0,0,0,0,0,0,0,1,DAC,0,1,
72435425,20191106,1115,BAIRD,N,5.389,1,0,2,2,N,N,55,98,9801,Y,37.47334,-82.52718,1,3,5,1,1,2,2,1,3,N,N,098-KY-1426-0,2019,C,098-KY-1426  -000,098-KY-1426  -000,5.389,0,0,0,0,0,0,1,1,0,0,0,0,0,1,DAC,1,0,195-1174
72551193,20201010,1633,US23,N,26.237,0,0,2,2,N,N,55,98,9801,Y,37.50299,-82.53206,5,3,6,1,5,6,2,1,3,N,N,098-US-0023-0,2020,O,098-US-0023  -000,098-US-0023  -000,26.237,0,0,0,0,0,0,0,1,0,0,0,0,0,1,Non-DAC,1,0,195-0861
72494173,20200413,1940,MAYO,N,22.294,0,0,3,3,N,N,55,98,9801,Y,37.46137,-82.51691,5,3,6,1,1,2,3,1,3,N,N,,2020,O,098-US-0023  -010,098-US-0023  -000,22.294,0,0,0,1,0,0,1,0,0,0,0,0,0,1,Non-DAC,0,1,
72710330,20211217,1402,US23,N,23.57,0,0,1,1,N,N,55,98,9801,Y,37.47091,-82.53383,9,3,3,1,5,6,2,1,3,N,N,,2021,O,098-US-0023  -010,098-US-0023  -000,23.57,0,0,0,0,0,0,0,0,0,0,0,1,0,1,DAC,0,1,
72509113,20200608,1445,CHLOE,N,3.426,0,0,2,2,N,N,35,98,9801,Y,37.47517,-82.48742,5,3,6,1,1,2,2,1,3,N,N,098-KY-1460-0,2020,O,098-KY-1460  -000,098-KY-1460  -000,3.426,0,0,0,0,0,0,1,0,0,0,0,0,0,1,Non-DAC,0,1,
72592633,20210209,807,US23 TURN LANE,N,0.016,0,0,2,2,N,N,55,98,9801,Y,37.50366,-82.53236,5,3,6,1,5,6,2,7,3,N,N,098-US-0023-21,2021,O,098-US-0023  -021,098-US-0023  -021,0.016,0,0,0,0,0,0,0,0,0,0,0,0,0,1,Non-DAC,1,0,195-0861
72525786,20200728,1554,CASSIDY,N,,0,0,2,2,N,Y,15,98,9801,Y,37.50654,-82.53915,2,97,4,1,1,2,2,7,3,N,N,,2020,O,098-CS-1191  -000,098-CS-1191  -000,0.366,0,0,0,1,0,0,1,0,0,0,0,0,0,1,Non-DAC,0,1,
72472219,20200130,1124,WILLIAMS HOLLOW,N,0.466,0,0,1,1,N,N,15,98,9801,Y,37.49205,-82.48619,9,3,6,1,1,2,2,6,3,N,N,,2020,O,098-CS-1085  -000,098-CS-1085  -000,0.466,0,0,0,1,0,0,1,0,0,0,0,1,0,1,Non-DAC,0,1,
72708906,20211207,1131,MAIN,N,0.199,0,0,2,2,N,Y,15,98,9801,Y,37.48047,-82.51677,8,3,6,1,1,2,2,1,3,N,N,098-CS-1112-0,2021,O,098-CS-1112  -000,098-CS-1112  -000,0.199,0,0,0,0,0,0,1,0,0,0,0,0,0,1,DAC,1,0,195-1080
72733000,20220220,229,4TH,N,0.005,0,0,2,2,Y,N,25,98,9801,Y,37.48262,-82.51918,1,3,3,1,1,2,5,1,3,N,N,098-CS-1133-0,2022,O,098-CS-1133  -000,098-CS-1133  -000,0.005,0,0,0,0,0,0,0,0,0,0,1,0,1,1,DAC,1,0,195-1031
72457845,20191230,1241,,N,0.027,0,0,1,1,N,N,55,98,9801,Y,37.48,-82.54182,9,3,1,1,1,2,2,7,3,N,N,,2019,O,098-US-0023  -221,098-US-0023  -221,0.027,0,0,1,0,0,0,0,0,0,0,0,1,0,1,DAC,0,1,
72592551,20210208,1718,HAROLDS BRANCH,N,,0,0,2,2,N,N,35,98,9801,Y,37.47281,-82.5227,5,3,6,1,1,2,2,7,3,N,N,,2021,O,098-CS-1223  -000,098-CS-1223  -000,0,0,0,0,1,0,0,1,0,0,0,1,0,0,1,DAC,1,0,195-1178
72660856,20210819,1522,HAMBLEY,N,0.378,0,0,2,2,N,N,25,98,9801,Y,37.47704,-82.52175,5,3,6,1,5,6,2,7,3,N,N,098-CS-1222-0,2021,O,098-CS-1222  -000,098-CS-1222  -000,0.378,0,0,1,0,0,0,0,1,0,0,0,0,0,1,DAC,1,0,195-1126
72611883,20210409,633,US23,N,32.389,0,0,1,1,N,N,55,98,9801,Y,37.53708,-82.61584,9,5,3,1,5,3,6,7,3,N,N,098-US-0023-0,2021,O,098-US-0023  -000,098-US-0023  -000,32.389,0,0,0,0,0,0,0,1,0,0,0,1,0,1,Non-DAC,0,1,
72561619,20201103,1632,HAMBLEY,N,0.307,0,0,2,2,N,N,25,98,9801,Y,37.47624,-82.52258,1,3,6,1,1,2,2,7,3,N,N,,2020,O,098-CS-1222  -000,098-CS-1222  -000,0.307,0,0,0,0,0,0,0,1,0,0,1,0,0,1,DAC,1,0,195-1141
72785390,20220718,1040,CASSIDY,N,0.268,0,0,2,2,N,N,25,98,9801,Y,37.50471,-82.53622,8,3,6,1,5,6,2,1,3,N,N,098-CS-1191-0,2022,O,098-CS-1191  -000,098-CS-1191  -000,0.268,0,0,0,1,0,0,1,1,0,0,0,1,0,1,Non-DAC,0,1,
72695282,20211111,1502,HOLLY,N,0.113,1,0,1,1,N,N,25,98,9801,N,37.50424,-82.54475,9,97,6,1,1,2,2,7,3,Y,Y,098-CR-1374-0,2021,B,098-CR-1374  -000,098-CR-1374  -000,0.113,0,0,0,0,0,0,1,0,0,1,0,0,0,1,Non-DAC,0,1,
72491511,20200329,1855,US23,N,23.475,0,0,2,2,N,N,55,98,9801,Y,37.46969,-82.53326,8,3,3,1,1,2,2,1,3,N,N,,2020,O,098-US-0023  -010,098-US-0023  -000,23.475,0,0,0,1,0,0,1,0,0,0,0,0,0,1,DAC,0,1,
72755955,20220429,2239,US23,N,27.302,0,0,2,2,Y,N,55,98,9801,Y,37.51052,-82.54735,8,3,6,1,1,2,6,7,3,N,N,098-US-0023-10,2022,O,098-US-0023  -010,098-US-0023  -000,27.302,0,0,0,0,0,0,0,0,0,0,0,1,0,1,Non-DAC,0,1,
72635884,20210607,1604,US23,N,20.121,0,0,1,1,N,N,55,98,9801,Y,37.44821,-82.51377,9,3,6,1,6,6,2,1,3,N,N,098-US-0023-0,2021,O,098-US-0023  -000,098-US-0023  -000,20.121,0,0,0,0,0,0,0,1,0,0,0,1,0,1,Non-DAC,0,1,
72651784,20210726,1723,CASSIDY,N,0.02,0,0,2,2,N,N,55,98,9801,Y,37.50373,-82.53249,5,3,6,1,1,2,2,1,3,N,N,098-CS-1191-0,2021,O,098-CS-1191  -000,098-CS-1191  -000,0.02,0,0,0,0,0,0,1,0,0,0,0,0,0,1,Non-DAC,1,0,195-0861
72701155,20211124,1600,US23,N,27.414,0,0,2,2,N,N,55,98,9807,Y,37.51097,-82.54945,5,3,6,1,1,2,2,7,3,N,N,098-US-0023-10,2021,O,098-US-0023  -010,098-US-0023  -000,27.414,0,0,0,0,0,0,1,0,0,0,0,0,0,1,Non-DAC,0,1,
72585900,20210115,847,BYPASS,N,6.445,1,0,2,2,N,N,35,98,9801,Y,37.48224,-82.51395,1,3,6,1,5,6,2,1,3,Y,N,098-KY-1426-0,2021,C,098-KY-1426  -000,098-KY-1426  -000,6.445,0,0,1,0,0,0,1,0,0,0,0,0,0,1,DAC,0,1,
72679146,20211005,500,US23,N,32.79,0,0,1,1,N,N,55,98,9801,Y,37.53168,-82.61981,9,3,6,1,1,2,4,7,3,N,N,098-US-0023-0,2021,O,098-US-0023  -000,098-US-0023  -000,32.79,0,0,0,1,0,0,0,0,0,0,0,0,0,1,Non-DAC,1,0,195-0668
72760566,20220507,1853,BYPASS,N,5.877,0,0,2,2,N,N,35,98,9801,Y,37.47417,-82.51989,1,3,6,1,1,3,2,7,3,N,N,098-KY-1426-0,2022,O,098-KY-1426  -000,098-KY-1426  -000,5.877,0,0,0,0,0,0,0,0,0,0,0,0,0,1,DAC,0,1,
72537535,20200830,1435,US23,N,26.291,0,0,2,2,N,N,55,98,9801,Y,37.50377,-82.53216,5,3,6,1,1,2,2,7,3,N,N,098-US-0023-0,2020,O,098-US-0023  -000,098-US-0023  -000,26.291,0,0,0,1,0,0,1,0,0,0,1,0,0,1,Non-DAC,0,1,
72709930,20211210,1657,US23,N,26.197,1,0,3,3,N,N,55,98,9801,Y,37.50245,-82.53191,5,3,6,1,5,6,2,7,3,N,N,098-US-0023-0,2021,C,098-US-0023  -000,098-US-0023  -000,26.197,0,0,0,0,0,0,0,0,0,0,0,0,0,1,Non-DAC,1,0,195-0861
72561863,20201106,1544,CASSIDY,N,0.201,0,0,2,2,N,N,25,98,9801,Y,37.50403,-82.53524,3,3,3,1,1,2,2,1,3,N,N,098-CS-1191-0,2020,O,098-CS-1191  -000,098-CS-1191  -000,0.201,0,0,0,1,0,0,1,0,0,0,0,1,0,1,Non-DAC,0,1,
72815915,20221013,1032,US23,N,21.588,0,0,1,1,N,N,55,98,9801,Y,37.45285,-82.52251,9,5,6,1,5,6,2,1,3,N,N,,2022,O,098-US-0023  -000,098-US-0023  -000,21.588,0,0,1,0,0,0,0,0,0,0,0,1,0,1,Non-DAC,0,1,
72528183,20200731,1540,MAYO,N,26.042,3,0,2,2,N,N,55,98,9801,Y,37.50023,-82.53162,5,3,6,1,1,3,2,7,3,Y,N,098-US-0023-0,2020,C,098-US-0023  -000,098-US-0023  -000,26.042,0,0,0,0,0,0,1,0,0,0,0,0,0,1,Non-DAC,0,1,
72732908,20220214,1452,BYPASS,N,5.643,0,0,2,2,N,N,45,98,9801,Y,37.48674,-82.5219,1,3,5,1,1,2,2,1,3,N,N,098-KY-1460-0,2022,O,098-KY-1460  -000,098-KY-1460  -000,5.643,0,0,0,1,0,0,1,1,0,0,0,0,0,1,DAC,0,1,
72632443,20210604,1738,KY3496,N,0.931,0,0,2,2,N,N,35,98,9801,Y,37.47223,-82.52709,1,3,6,2,1,2,2,1,3,N,N,,2021,O,098-KY-3496  -000,098-KY-3496  -000,0.931,0,0,0,0,0,0,1,1,0,0,0,0,0,1,DAC,1,0,195-1180
72666489,20210813,1336,HUFFMAN,N,0.086,0,0,2,2,N,N,15,98,9801,Y,37.47759,-82.51835,1,3,6,1,1,3,2,7,3,N,N,,2021,O,098-CS-1123  -000,098-CS-1123  -000,0.086,0,0,0,0,0,0,1,0,0,0,0,0,0,1,DAC,1,0,195-1117
72815220,20221010,1226,PIKE,N,,0,0,2,2,N,N,25,98,9801,Y,37.48085,-82.51766,2,3,6,1,1,2,2,1,3,N,N,,2022,O,098-CS-1113  -000,098-CS-1113  -000,0.138,0,0,0,0,0,0,1,0,0,0,0,0,0,1,DAC,1,0,195-1073
72779079,20220624,1328,HAMBLEY,N,0.036,0,0,2,2,N,N,25,98,9801,Y,37.47411,-82.52711,1,3,6,1,1,2,2,7,3,N,N,098-CS-1222-0,2022,O,098-CS-1222  -000,098-CS-1222  -000,0.036,0,0,1,0,0,0,1,0,0,0,0,0,0,1,DAC,1,0,195-1167
72569019,20201125,1749,US23,N,30.535,0,0,2,2,N,N,55,98,9801,Y,37.54256,-82.58564,5,3,3,1,1,3,6,7,3,N,N,,2020,O,098-US-0023  -010,098-US-0023  -000,30.535,0,0,0,1,0,0,1,0,0,0,0,0,0,1,Non-DAC,0,1,
72795150,20220810,1603,US23,N,25.396,0,0,2,2,N,N,55,98,9801,Y,37.49213,-82.535,5,3,6,1,1,2,2,7,3,N,N,098-US-0023-0,2022,O,098-US-0023  -000,098-US-0023  -000,25.396,0,0,1,0,0,0,0,0,0,0,0,0,0,1,Non-DAC,0,1,
72575524,20201216,1153,US23,N,20.512,0,0,1,1,N,N,55,98,9801,Y,37.44395,-82.51853,9,3,6,1,5,6,2,7,3,N,N,098-US-0023-0,2020,O,098-US-0023  -000,098-US-0023  -000,20.512,0,0,0,0,0,0,0,0,0,0,0,0,0,1,Non-DAC,0,1,
72581205,20210102,2145,US23,N,25.336,0,0,1,1,N,N,55,98,9801,Y,37.49137,-82.53562,9,3,6,1,1,2,5,7,3,N,N,,2021,O,098-US-0023  -000,098-US-0023  -000,25.336,0,0,0,0,0,0,0,0,0,0,0,0,0,1,Non-DAC,0,1,
72600153,20210303,1935,CEDAR HILLS,N,1.093,0,0,1,1,N,N,35,98,9801,Y,37.47609,-82.5554,9,6,6,1,1,2,6,6,3,N,N,098-KY-3417-0,2021,O,098-KY-3417  -000,098-KY-3417  -000,1.093,0,0,0,0,0,0,1,0,1,1,0,1,0,1,Non-DAC,1,0,195-1153
72515936,20200629,946,SYCAMORE,N,0.228,0,0,1,1,N,N,15,98,9801,Y,37.48012,-82.52096,9,5,6,1,1,2,2,6,3,N,N,098-CS-1168-0,2020,O,098-CS-1168  -000,098-CS-1168  -000,0.228,0,0,0,0,0,0,0,0,0,0,0,1,0,1,DAC,1,0,195-1045
72653961,20210801,1036,US23,N,20.959,1,0,2,2,N,N,55,98,9801,Y,37.44444,-82.52527,1,3,1,1,1,2,2,7,3,Y,N,,2021,C,098-US-0023  -010,098-US-0023  -000,20.959,0,0,1,0,0,0,1,0,0,0,0,0,0,1,Non-DAC,0,1,
72785823,20220722,1538,MAYO,N,27.321,0,0,2,2,N,N,55,98,9801,Y,37.51072,-82.54767,5,3,6,1,1,2,2,1,3,N,N,,2022,O,098-US-0023  -000,098-US-0023  -000,27.321,0,0,0,0,0,0,1,0,0,0,0,0,0,1,Non-DAC,1,0,195-0812
72860106,20230130,1303,BYPASS,N,6.56,0,0,2,2,N,N,35,98,9801,Y,37.48246,-82.51365,5,3,6,1,5,2,2,7,3,N,N,098-KY-1426-0,2023,O,098-KY-1426  -000,098-KY-1426  -000,6.559,0,0,0,0,0,0,0,0,0,0,0,0,0,1,DAC,1,0,195-1019
72703877,20211201,1454,CASSIDY,N,,0,0,2,2,N,N,15,98,9801,Y,37.5053,-82.53633,2,97,6,1,1,2,2,1,3,N,N,098-CS-1191-0,2021,O,098-CS-1191  -000,098-CS-1191  -000,0.281,0,0,0,1,0,0,1,0,0,0,0,0,0,1,Non-DAC,0,1,
72500083,20200508,1409,US119 TURN LANE,N,0.024,0,0,2,2,N,N,55,98,9801,Y,37.50399,-82.53213,5,3,6,1,5,6,2,7,3,N,N,098-US-0119-21,2020,O,098-US-0119  -021,098-US-0119  -021,0.024,0,0,0,0,0,0,1,1,0,0,0,0,0,1,Non-DAC,1,0,195-0861
72509947,20200531,1447,US23,N,22.561,0,0,1,1,N,N,55,98,9801,Y,37.46437,-82.51945,9,3,6,1,1,2,2,1,3,N,N,098-US-0023-0,2020,O,098-US-0023  -000,098-US-0023  -000,22.561,0,0,0,0,0,0,0,0,0,0,0,0,0,1,Non-DAC,0,1,
72472223,20200205,705,BYPASS,N,5.641,0,0,2,2,N,N,55,98,9801,Y,37.4726,-82.5237,2,3,6,1,5,6,6,1,3,N,N,098-KY-1426-0,2020,O,098-KY-1426  -000,098-KY-1426  -000,5.641,0,0,0,0,0,0,1,0,0,0,0,0,0,1,DAC,1,0,195-1179
72530783,20200812,1005,CASSIDY,N,0.036,0,0,2,2,N,N,55,98,9801,Y,37.5037,-82.53276,1,3,6,1,1,2,2,7,3,N,N,098-CS-1191-0,2020,O,098-CS-1191  -000,098-CS-1191  -000,0.036,0,0,1,1,0,0,0,1,0,0,0,0,0,1,Non-DAC,1,0,195-0861
72539483,20200902,1801,US23,N,26.28,0,0,2,2,N,N,55,98,9801,Y,37.50362,-82.53214,1,2,4,1,5,3,2,7,3,N,N,098-US-0023-0,2020,O,098-US-0023  -000,098-US-0023  -000,26.28,0,0,0,0,0,0,1,0,0,0,0,0,0,1,Non-DAC,0,1,
72679039,20211001,948,ELM,N,0.004,0,0,2,2,N,N,15,98,9801,Y,37.47709,-82.5218,5,3,4,1,1,2,2,7,3,N,N,098-CS-1169-0,2021,O,098-CS-1169  -000,098-CS-1169  -000,0.004,0,0,1,1,0,0,0,0,0,0,0,0,0,1,DAC,1,0,195-1126
72468123,20200126,1241,POPLAR,N,0.361,0,0,2,2,Y,N,15,98,9801,Y,37.48347,-82.52245,7,3,,1,1,2,2,7,3,N,N,098-CS-1160-0,2020,O,098-CS-1160  -000,098-CS-1160  -000,0.361,0,0,0,0,0,0,0,0,0,0,0,0,0,1,DAC,0,1,
72661577,20210821,1518,KY3496,N,0.016,0,0,2,2,N,N,35,98,9801,Y,37.46574,-82.52818,5,3,6,1,1,2,2,7,3,N,N,098-KY-3496-0,2021,O,098-KY-3496  -000,098-KY-3496  -000,0.016,0,0,0,1,0,0,1,0,0,0,0,0,0,1,DAC,1,0,195-1219
72459458,20200103,1550,2ND,N,0.276,0,0,2,2,N,N,15,98,9801,Y,37.48011,-82.51826,8,3,6,1,5,6,2,1,3,N,N,098-CS-1117-0,2020,O,098-CS-1117  -000,098-CS-1117  -000,0.276,0,0,0,0,0,0,1,0,0,0,0,0,0,1,DAC,1,0,195-1082
72628836,20210526,1205,US23,N,23.051,0,0,2,2,N,N,55,98,9801,Y,37.46579,-82.52795,1,3,6,1,1,2,2,7,3,N,N,098-US-0023-10,2021,O,098-US-0023  -010,098-US-0023  -000,23.051,0,0,0,1,0,0,0,0,0,0,0,0,0,1,DAC,0,1,
72585693,20210114,1842,US23,N,18.869,2,0,2,2,N,N,55,98,9801,Y,37.43974,-82.50823,8,3,6,1,1,2,6,1,3,Y,N,,2021,B,098-US-0023  -000,098-US-0023  -000,18.869,0,0,0,1,0,0,1,0,0,0,0,1,0,1,Non-DAC,0,1,
72864105,20230210,1804,CHLOE,N,2.758,1,0,1,1,N,N,35,98,9801,Y,37.46911,-82.47862,9,5,2,1,1,2,3,6,3,Y,N,098-KY-1460-0,2023,B,098-KY-1460  -000,098-KY-1460  -000,2.731,0,0,0,1,0,0,1,0,0,0,0,1,0,1,Non-DAC,0,1,
72606747,20210324,1623,COLLEGE,N,0.157,0,0,2,2,Y,N,25,98,9801,Y,37.47738,-82.52003,2,3,6,1,1,2,2,6,3,N,N,098-CS-1108-0,2021,O,098-CS-1108  -000,098-CS-1108  -000,0.157,0,0,0,0,0,0,1,0,0,0,0,0,0,1,DAC,1,0,195-1120
72622300,20210507,1502,US23,N,23.499,0,0,2,2,N,N,55,98,9801,Y,37.46996,-82.53361,8,3,6,1,1,2,2,7,3,N,N,098-US-0023-10,2021,O,098-US-0023  -010,098-US-0023  -000,23.499,0,0,0,0,0,0,1,0,0,0,0,1,0,1,DAC,1,0,195-1195
72677644,20211001,750,US23,N,31.584,0,0,2,2,N,N,55,98,9801,Y,37.5368,-82.60133,8,3,6,1,1,2,2,7,3,N,N,098-US-0023-10,2021,O,098-US-0023  -010,098-US-0023  -000,31.584,0,0,1,0,0,0,1,0,0,0,0,1,0,1,Non-DAC,1,0,195-0620
72750359,20220413,2154,BYPASS,N,5.19,0,0,2,2,N,N,45,98,9801,Y,37.48427,-82.51467,7,97,6,1,1,2,5,1,3,N,N,,2022,O,098-KY-1460  -000,098-KY-1460  -000,5.19,0,0,1,0,0,0,1,0,0,0,0,1,0,1,DAC,0,1,
72612694,20210411,409,US23,N,24.903,0,0,1,1,N,N,55,98,9801,Y,37.48719,-82.54146,9,3,3,1,1,3,5,7,3,N,N,098-US-0023-0,2021,O,098-US-0023  -000,098-US-0023  -000,24.903,0,0,0,0,0,0,1,0,0,0,0,0,0,1,Non-DAC,0,1,
72672111,20210918,843,HAROLDS BRANCH,N,1.478,0,0,1,1,N,Y,35,98,9801,Y,37.4649,-82.49936,9,3,6,1,1,2,2,6,3,N,N,098-CS-1223-0,2021,O,098-CS-1223  -000,098-CS-1223  -000,1.478,0,0,0,0,0,0,1,0,0,0,0,1,0,1,Non-DAC,0,1,
72781589,20220710,1406,US460,N,0.222,2,0,2,2,N,N,55,98,9801,Y,37.43933,-82.50941,4,3,6,1,5,6,2,7,3,Y,Y,098-US-0460-0,2022,C,098-US-0460  -000,098-US-0460  -000,0.222,0,0,1,0,0,0,1,1,0,0,0,0,0,1,Non-DAC,1,0,195-1307
72588562,20210118,1800,US119 CROSSOVER,N,0.006,0,0,2,2,N,N,55,98,9801,Y,37.51239,-82.49973,8,3,6,1,1,2,6,7,3,N,N,098-US-0119-33,2021,O,098-US-0119  -033,098-US-0119  -033,0.006,0,0,1,0,0,0,0,0,0,0,0,1,0,1,Non-DAC,0,1,
72776474,20220625,1454,KY1426,N,8.063,0,0,1,1,N,N,55,98,9801,Y,37.49194,-82.49116,9,3,1,1,5,6,2,7,3,N,N,098-KY-1426-0,2022,O,098-KY-1426  -000,098-KY-1426  -000,8.063,0,0,0,0,0,0,0,0,0,0,0,0,0,1,Non-DAC,0,1,
72498716,20200430,1730,KY1460,N,7.02,0,0,2,2,N,N,35,98,9801,Y,37.48573,-82.54362,4,3,4,1,5,6,2,7,3,N,N,,2020,O,098-KY-1460  -000,098-KY-1460  -000,7.02,0,0,1,1,0,0,1,1,0,0,0,0,0,1,Non-DAC,0,1,
72590548,20210129,1241,US23,N,21.447,0,0,2,2,N,N,55,98,9801,Y,37.45113,-82.52385,8,3,6,1,1,2,2,7,3,N,N,098-US-0023-0,2021,O,098-US-0023  -000,098-US-0023  -000,21.447,0,0,0,0,0,0,1,0,0,0,0,1,0,1,Non-DAC,1,0,195-1275
72567788,20201122,1838,US23,N,30.19,0,0,1,1,N,N,55,98,9801,Y,37.53932,-82.58137,9,3,6,1,5,6,7,1,3,N,N,,2020,O,098-US-0023  -000,098-US-0023  -000,30.19,0,0,0,0,0,0,0,0,0,0,0,0,0,1,Non-DAC,0,1,
72588715,20210122,708,BYPASS,N,6.498,0,0,2,2,N,N,45,98,9801,Y,37.48164,-82.51412,5,3,6,1,1,2,2,7,3,N,N,,2021,O,098-KY-1426  -000,098-KY-1426  -000,6.498,0,0,0,1,0,0,1,0,0,0,0,0,0,1,DAC,1,0,195-1056
72773278,20220609,1146,US23,N,30.439,0,0,2,2,N,N,55,98,9801,Y,37.54203,-82.58414,1,3,3,1,1,2,2,7,3,N,N,098-US-0023-10,2022,O,098-US-0023  -010,098-US-0023  -000,30.439,0,0,0,0,0,0,1,0,0,0,0,0,0,1,Non-DAC,0,1,
72585896,20210118,1251,US23,N,19.183,0,0,2,2,N,N,15,98,9801,Y,37.44302,-82.50583,2,97,6,1,5,3,2,7,3,N,N,098-US-0023-0,2021,O,098-US-0023  -000,098-US-0023  -000,19.183,0,0,0,1,0,0,1,0,0,0,0,0,0,1,Non-DAC,0,1,
72616612,20210410,2245,US23,N,19.406,1,0,1,1,N,N,55,98,9801,Y,37.44612,-82.50465,9,5,6,1,5,3,5,7,3,Y,N,098-US-0023-0,2021,A,098-US-0023  -000,098-US-0023  -000,19.406,0,0,0,0,0,0,0,0,1,0,0,1,0,1,Non-DAC,0,1,
72667758,20210907,646,MAYO,N,21.418,0,0,1,1,N,N,55,98,9801,Y,37.45075,-82.52404,9,3,6,1,1,2,1,1,3,N,Y,098-US-0023-10,2021,O,098-US-0023  -010,098-US-0023  -000,21.418,0,0,0,0,0,0,0,0,0,0,0,1,0,1,Non-DAC,0,1,
72800408,20220827,1937,US23,N,32.352,0,0,1,1,N,N,55,98,9801,Y,37.53695,-82.615,9,3,6,1,1,3,2,7,3,N,N,098-US-0023-10,2022,O,098-US-0023  -010,098-US-0023  -000,32.352,0,0,0,0,0,0,0,0,0,0,0,0,0,1,Non-DAC,0,1,
72519158,20200708,1432,KATI,N,0.809,0,0,1,1,N,N,35,98,9801,Y,37.46883,-82.56466,9,4,1,1,1,2,2,6,3,N,N,098-CS-1041-0,2020,O,098-CS-1041  -000,098-CS-1041  -000,0.809,0,0,1,0,0,0,0,0,0,0,0,1,0,1,Non-DAC,0,1,
72738303,20220307,1734,STONE COAL CREEK,N,0.008,0,0,2,2,N,N,55,98,9801,Y,37.51106,-82.54871,5,3,6,1,1,3,2,7,3,N,N,098-KY-3227-0,2022,O,098-KY-3227  -000,098-KY-3227  -000,0.008,0,0,1,0,0,0,1,0,0,0,0,0,0,1,Non-DAC,1,0,195-0811
72667757,20210906,823,WELLS,N,0.022,0,0,2,2,N,N,15,98,9801,Y,37.48154,-82.51632,3,3,6,1,1,3,2,6,3,N,N,,2021,O,098-CS-1122  -000,098-CS-1122  -000,0.022,0,0,0,0,0,0,0,0,0,0,0,1,0,1,DAC,0,1,
72590572,20210201,755,BYPASS,N,5.192,0,0,2,2,N,N,45,98,9801,Y,37.48427,-82.51471,1,97,6,1,5,9,2,1,3,N,N,098-KY-1460-0,2021,O,098-KY-1460  -000,098-KY-1460  -000,5.192,0,0,1,0,0,0,1,0,0,0,0,0,0,1,DAC,0,1,
72809590,20220919,419,US23,N,,0,0,1,1,N,N,55,98,9801,Y,37.44407,-82.51824,9,3,6,1,1,2,6,7,3,N,N,,2022,O,098-US-0023  -000,098-US-0023  -000,20.441,0,0,0,0,0,0,0,1,1,1,0,1,0,1,Non-DAC,1,0,195-1292
72665119,20210831,1133,KY3496,N,0.808,0,0,2,2,N,N,35,98,9801,Y,37.47206,-82.52938,1,3,6,1,5,6,2,7,3,N,N,098-KY-3496-0,2021,O,098-KY-3496  -000,098-KY-3496  -000,0.808,0,0,0,1,0,0,1,1,0,0,0,0,0,1,DAC,1,0,195-1184
72424396,20191022,1157,BYPASS,N,6.116,0,0,2,2,N,N,45,98,9801,Y,37.47689,-82.51708,5,3,6,1,1,2,2,1,3,N,N,,2019,O,098-KY-1426  -000,098-KY-1426  -000,6.116,0,0,0,0,0,0,1,0,0,0,1,0,0,1,DAC,1,0,195-1125
72687124,20211020,1105,US119,N,0.013,0,0,2,1,N,N,55,98,9801,Y,37.50389,-82.53166,5,3,6,1,1,2,2,1,3,N,N,098-US-0119-10,2021,O,098-US-0119  -010,098-US-0119  -000,0.013,0,0,0,0,0,0,1,0,0,0,0,0,0,1,Non-DAC,1,0,195-0861
72505385,20200528,1246,US23,N,27.313,0,0,2,2,N,N,55,98,9801,Y,37.51068,-82.54751,5,3,6,1,1,3,2,7,3,N,N,,2020,O,098-US-0023  -000,098-US-0023  -000,27.313,0,0,0,0,0,0,1,0,0,0,0,0,0,1,Non-DAC,1,0,195-0812
72537665,20200831,1432,MAIN,N,0.015,0,0,2,2,N,N,15,98,9801,Y,37.47791,-82.5184,8,3,6,1,1,2,2,1,3,N,N,098-CS-1112-0,2020,O,098-CS-1112  -000,098-CS-1112  -000,0.015,0,0,0,0,0,0,0,0,0,1,0,0,0,1,DAC,1,0,195-1108