MasterFile,CollisionDate,CollisionTime,RoadwayName,ParkingLotIndicator,Milepoint,NumberInjured,NumberKilled,ofUnits,ofMotorVehicleUnits,Hit&RunIndicator,OneWayIndicator,SpeedLimitNumber,CountyCode,CityCountyCode,InCityLimitsIndicator,Latitude,Longitude,MannerofCollisionCode,LocationFirstEventCode,RoadwayCharacterCode,RoadwaySurfaceCode,RoadwayConditionCode,WeatherCode,LightConditionCode,LandUseCode,SchoolBusRelatedCode,FirstAidSceneIndicator,PropertyDamageIndicator,RT_UNIQUE,YR,KABCO,WorkingRID,KTC_RT,KTC_MP,Motorcyclist,Commercial Vehicle,Young Driver,Mature Driver,Pedestrian,Bicyclist,Distracted,Aggressive,Impaired,Unrestrained,Intersection,Roadway Departure,Median Cross-over,CityCrash,DACid,Int_Crash,Seg_Crash,Int_ID
72650176,20210518,613,US23,N,20.932,1,1,2,2,N,N,55,98,9801,Y,37.44416,-82.52486,3,3,6,1,5,6,2,7,3,N,N,098-US-0023-0,2021,K,098-US-0023  -000,098-US-0023  -000,20.932,0,0,0,0,0,0,0,0,1,1,0,1,0,1,Non-DAC,0,1,
72509495,20200607,703,US23,N,26.158,0,0,2,2,N,N,55,98,9801,Y,37.50187,-82.53194,5,3,6,1,1,2,2,1,3,N,N,,2020,O,098-US-0023  -000,098-US-0023  -000,26.158,0,0,0,0,0,0,1,0,0,0,0,0,0,1,Non-DAC,0,1,
72519084,20200702,1921,FIFE FORK,N,0.056,0,0,1,1,N,N,15,98,9801,Y,37.4743,-82.48414,9,97,1,1,1,2,2,6,3,N,Y,098-CS-1077-0,2020,O,098-CS-1077  -000,098-CS-1077  -000,0.056,0,0,0,0,0,0,0,0,0,0,0,1,0,1,Non-DAC,1,0,195-1151
72534631,20200821,1411,HAMBLEY,N,1.707,0,0,2,2,N,N,35,98,9801,Y,37.48174,-82.53349,5,3,6,1,1,2,2,1,3,N,N,098-CS-1222-0,2020,O,098-CS-1222  -000,098-CS-1222  -000,1.707,0,0,0,0,0,0,1,0,0,0,0,0,0,1,DAC,1,0,195-1064
72713169,20211220,1536,BYPASS,N,5.171,0,0,2,2,N,N,45,98,9801,Y,37.48407,-82.51443,5,3,6,1,1,2,2,7,3,N,N,098-KY-1460-0,2021,O,098-KY-1460  -000,098-KY-1460  -000,5.171,0,0,0,1,0,0,0,0,0,0,0,0,0,1,DAC,0,1,
72838211,20221205,759,US23,N,26.314,0,0,2,2,N,N,55,98,9801,Y,37.50409,-82.5324,5,3,6,1,1,2,2,1,3,N,N,098-US-0023-10,2022,O,098-US-0023  -010,098-US-0023  -000,26.314,0,0,1,1,0,0,1,0,0,0,0,0,0,1,Non-DAC,0,1,
72738703,20220222,830,IVY,N,0.041,0,0,3,3,N,N,35,98,9801,Y,37.47637,-82.54686,1,97,6,1,5,6,2,6,3,N,Y,098-CS-1033-0,2022,O,098-CS-1033  -000,098-CS-1033  -000,0.041,1,0,0,0,0,0,0,0,0,0,0,1,0,1,Non-DAC,0,1,
72499369,20200506,1952,CASSIDY,N,0.18,0,0,2,2,N,N,25,98,9801,Y,37.50383,-82.53496,8,3,3,1,1,3,2,1,3,N,N,,2020,O,098-CS-1191  -000,098-CS-1191  -000,0.18,0,0,0,0,0,0,1,1,0,0,0,1,0,1,Non-DAC,0,1,
72748474,20220407,1535,US119,N,1.989,0,0,2,2,N,N,55,98,9801,Y,37.51252,-82.49989,5,3,1,1,1,3,2,7,3,N,N,098-US-0119-10,2022,O,098-US-0119  -010,098-US-0119  -000,1.989,0,0,1,0,0,0,1,1,0,0,0,0,0,1,Non-DAC,0,1,
72751204,20220414,1646,US23,N,26.365,0,0,1,1,N,N,55,98,9801,Y,37.50478,-82.53254,9,3,6,1,1,2,2,7,3,N,N,098-US-0023-10,2022,O,098-US-0023  -010,098-US-0023  -000,26.365,1,0,0,0,0,0,0,0,0,0,0,1,0,1,Non-DAC,0,1,
72728608,20220207,2109,KY3495,N,0.141,0,0,2,2,Y,N,45,98,9801,Y,37.48795,-82.54122,1,97,6,1,1,2,7,7,3,N,N,098-KY-3495-0,2022,O,098-KY-3495  -000,098-KY-3495  -000,0.141,0,0,0,0,0,0,0,0,0,0,0,0,0,1,Non-DAC,0,1,
72776558,20220625,157,US23,N,27.002,0,0,1,1,N,N,55,98,9801,Y,37.5104,-82.54124,9,3,6,1,1,2,7,7,3,N,N,098-US-0023-0,2022,O,098-US-0023  -000,098-US-0023  -000,27.002,0,0,0,0,0,0,0,0,0,0,0,0,0,1,Non-DAC,0,1,
72591038,20210202,1411,US23,N,26.32,0,0,2,2,N,N,55,98,9801,Y,37.50418,-82.53242,5,3,6,1,5,2,2,7,3,N,N,,2021,O,098-US-0023  -010,098-US-0023  -000,26.32,0,0,1,0,0,0,1,1,0,0,0,0,0,1,Non-DAC,0,1,
72560149,20201102,1455,MAYO,N,21.312,0,0,2,2,N,N,55,98,9801,Y,37.44934,-82.52478,8,3,6,1,1,2,2,7,3,N,N,098-US-0023-10,2020,O,098-US-0023  -010,098-US-0023  -000,21.312,0,0,0,0,0,0,0,0,0,0,0,1,0,1,Non-DAC,1,0,195-1278
72707042,20211208,1750,US23,N,27.379,0,0,3,3,N,N,55,98,9801,Y,37.51096,-82.54878,5,3,6,1,1,2,4,7,3,N,N,,2021,O,098-US-0023  -000,098-US-0023  -000,27.379,0,0,0,0,0,0,1,1,0,0,1,0,0,1,Non-DAC,1,0,195-0811
72584654,20210109,1751,HAMBLEY,N,0.001,3,0,2,2,N,N,35,98,9801,Y,37.47404,-82.5273,1,3,6,1,1,2,3,7,3,Y,N,098-CS-1222-0,2021,A,098-CS-1222  -000,098-CS-1222  -000,0.001,0,0,0,0,0,0,1,0,1,1,0,1,0,1,DAC,1,0,195-1167
72737996,20220306,1758,US23,N,26.277,0,0,2,2,N,N,55,98,9801,Y,37.50357,-82.53212,5,3,6,1,1,3,2,2,3,N,N,098-US-0023-0,2022,O,098-US-0023  -000,098-US-0023  -000,26.277,0,0,0,0,0,0,1,0,0,0,0,0,0,1,Non-DAC,0,1,
72739458,20220304,1831,US23,N,22.223,0,0,1,1,N,N,55,98,9801,Y,37.46108,-82.51694,9,3,6,1,1,2,2,1,3,N,N,098-US-0023-0,2022,O,098-US-0023  -000,098-US-0023  -000,22.223,0,0,0,0,0,0,0,0,0,0,0,1,0,1,Non-DAC,1,0,195-1243
72880195,20230326,1553,US23,N,20.679,0,0,2,2,N,N,55,98,9801,Y,37.44286,-82.52061,7,3,3,1,1,2,2,7,3,N,N,098-US-0023-10,2023,O,098-US-0023  -010,098-US-0023  -000,20.6,0,0,0,0,0,0,1,1,0,0,0,1,0,1,Non-DAC,0,1,
72581119,20210102,2055,US23,N,29.494,2,0,2,2,N,N,45,98,9807,Y,37.53019,-82.57612,5,3,6,1,1,2,6,1,3,Y,N,098-US-0023-0,2021,C,098-US-0023  -000,098-US-0023  -000,29.494,0,0,0,0,0,0,1,0,0,1,0,0,0,1,Non-DAC,0,1,
72736227,20220228,2218,CASSIDY,N,0.351,0,0,1,1,N,N,35,98,9801,Y,37.50517,-82.53788,9,3,6,1,1,2,6,1,3,N,N,,2022,O,098-CS-1191  -000,098-CS-1191  -000,0.351,0,0,1,0,0,0,0,0,0,0,0,1,0,1,Non-DAC,0,1,
72732114,20220215,1824,RAINBOW,N,0.022,0,0,1,1,N,N,35,98,9801,Y,37.4426,-82.5221,9,97,6,1,1,2,5,6,3,N,Y,098-CS-1006-0,2022,O,098-CS-1006  -000,098-CS-1006  -000,0.022,0,0,0,1,0,0,1,0,0,0,0,1,0,1,Non-DAC,1,0,195-1301
72556015,20201023,1121,HUFFMAN,N,0.012,0,0,1,1,N,Y,15,98,9801,Y,37.47699,-82.51725,9,97,6,1,1,3,2,6,3,N,Y,098-CS-1123-0,2020,O,098-CS-1123  -000,098-CS-1123  -000,0.012,0,1,0,0,0,0,0,0,0,0,0,1,0,1,DAC,1,0,195-1125
72655143,20210805,1715,,N,0.018,0,0,2,2,N,N,45,98,9801,Y,37.48,-82.5416,5,3,3,1,1,2,2,7,3,N,N,,2021,O,098-US-0023  -221,098-US-0023  -221,0.018,0,0,0,0,0,0,1,0,0,0,0,0,0,1,DAC,1,0,195-1091
72599453,20210224,1637,COMBS,N,0.003,2,0,2,2,N,N,35,98,9801,Y,37.48167,-82.51417,3,3,6,1,1,2,2,1,3,Y,N,,2021,B,098-CS-1115  -000,098-CS-1115  -000,0.003,0,0,0,1,0,0,1,0,0,0,0,1,0,1,DAC,1,0,195-1056
72498540,20200503,1630,CHLOE,N,4.81,1,0,1,1,N,N,45,98,9801,Y,37.47802,-82.51142,9,3,6,1,1,2,2,7,3,Y,N,098-KY-1460-0,2020,C,098-KY-1460  -000,098-KY-1460  -000,4.81,0,0,0,0,0,0,0,0,0,0,0,0,0,1,Non-DAC,0,1,
72745744,20220324,1951,THOMPSON,N,0.673,0,0,2,2,N,N,15,98,9801,Y,37.50509,-82.54076,2,97,6,1,1,2,3,1,3,N,N,098-CS-1215-0,2022,O,098-CS-1215  -000,098-CS-1215  -000,0.673,0,0,1,0,0,0,1,0,0,0,0,0,0,1,Non-DAC,0,1,
72767412,20220531,401,US23,N,29.666,0,0,1,1,N,N,55,98,9801,Y,37.53242,-82.57742,9,3,6,1,1,2,6,7,3,N,N,098-US-0023-10,2022,O,098-US-0023  -010,098-US-0023  -000,29.666,0,0,0,0,0,0,0,0,0,0,0,0,0,1,Non-DAC,0,1,
72532149,20200816,1538,HAMBLEY,N,1.09,0,0,2,2,N,N,35,98,9801,Y,37.48492,-82.52329,8,5,6,1,1,2,2,1,3,N,N,098-CS-1222-0,2020,O,098-CS-1222  -000,098-CS-1222  -000,1.09,0,0,0,0,0,0,0,0,0,0,0,0,0,1,DAC,0,1,
72750063,20220413,748,US23,N,26.562,0,0,3,3,N,N,55,98,9801,Y,37.50715,-82.53448,5,3,6,1,1,3,2,1,3,N,N,098-US-0023-10,2022,O,098-US-0023  -010,098-US-0023  -000,26.562,0,0,1,0,0,0,1,0,0,0,0,0,0,1,Non-DAC,0,1,
72693902,20211105,1714,KEYSER HEIGHTS,N,0.03,0,0,2,2,N,N,55,98,9801,Y,37.49192,-82.53506,5,3,6,1,1,2,2,1,3,N,N,098-CS-1187-0,2021,O,098-CS-1187  -000,098-CS-1187  -000,0.03,0,0,1,1,0,0,1,0,0,0,0,0,0,1,Non-DAC,0,1,
72735172,20220224,1649,US23,N,26.225,0,0,2,2,N,N,55,98,9801,Y,37.50285,-82.53218,5,3,6,1,5,6,2,1,3,N,N,098-US-0023-0,2022,O,098-US-0023  -000,098-US-0023  -000,26.225,0,0,0,0,0,0,1,0,0,0,0,0,0,1,Non-DAC,1,0,195-0861
72688833,20211028,1148,MAIN,N,0.201,0,0,2,2,N,N,15,98,9801,Y,37.48028,-82.51686,8,5,6,1,1,2,2,1,3,N,N,098-CS-1112-0,2021,O,098-CS-1112  -000,098-CS-1112  -000,0.201,0,0,0,0,0,0,0,0,0,0,0,0,0,1,DAC,1,0,195-1080
72750636,20220407,1544,CASSIDY,N,0.316,0,0,2,2,N,N,15,98,9801,Y,37.5052,-82.53717,2,97,6,1,1,3,2,1,3,N,N,098-CS-1191-0,2022,O,098-CS-1191  -000,098-CS-1191  -000,0.316,0,0,0,0,0,0,1,0,0,0,0,0,0,1,Non-DAC,0,1,
72610571,20210330,1601,CASSIDY,N,0.227,0,0,2,2,N,N,35,98,9801,Y,37.50429,-82.53561,8,3,6,1,1,2,2,1,3,N,N,,2021,O,098-CS-1191  -000,098-CS-1191  -000,0.227,0,0,0,0,0,0,1,0,0,0,0,1,0,1,Non-DAC,0,1,
72665212,20210831,1249,CASSIDY,N,0.311,0,0,2,2,N,N,15,98,9801,Y,37.50518,-82.53706,1,3,3,1,5,6,2,1,3,N,N,098-CS-1191-0,2021,O,098-CS-1191  -000,098-CS-1191  -000,0.311,0,0,0,0,0,0,1,0,0,0,0,0,0,1,Non-DAC,0,1,
72817740,20221011,1302,US23,N,27.34,1,0,2,2,N,N,55,98,9801,Y,37.51082,-82.54809,1,3,6,1,1,2,2,7,3,Y,N,098-US-0023-0,2022,C,098-US-0023  -000,098-US-0023  -000,27.34,0,0,0,1,0,0,1,1,0,0,0,0,0,1,Non-DAC,1,0,195-0812
72826147,20221104,939,US23,N,31.582,0,0,2,2,N,N,55,98,9801,Y,37.53682,-82.60129,5,3,6,1,1,2,2,7,3,N,N,098-US-0023-0,2022,O,098-US-0023  -000,098-US-0023  -000,31.582,0,0,0,0,0,0,0,0,0,0,0,0,0,1,Non-DAC,1,0,195-0620
72816585,20221014,2037,CASSIDY,N,0.25,0,0,2,2,N,N,35,98,9801,Y,37.50452,-82.53596,1,3,6,1,1,2,5,1,3,N,N,098-CS-1191-0,2022,O,098-CS-1191  -000,098-CS-1191  -000,0.25,0,0,0,0,0,0,1,1,0,0,0,0,0,1,Non-DAC,0,1,
72735123,20220225,1537,US23,N,26.222,0,0,2,2,N,N,55,98,9801,Y,37.50279,-82.53203,5,3,6,1,1,3,2,7,3,N,N,098-US-0023-0,2022,O,098-US-0023  -000,098-US-0023  -000,26.222,0,0,0,1,0,0,1,0,0,0,0,0,0,1,Non-DAC,1,0,195-0861
72699460,20211119,1532,KY1426,N,7.208,0,0,2,2,N,N,35,98,9801,Y,37.48893,-82.50521,5,3,6,1,1,2,2,1,3,N,N,098-KY-1426-0,2021,O,098-KY-1426  -000,098-KY-1426  -000,7.208,0,0,1,0,0,0,1,1,0,0,0,0,0,1,Non-DAC,0,1,
72634672,20210610,1430,MYRA BARNES,N,0.094,0,0,2,2,N,N,15,98,9801,Y,37.48362,-82.53123,8,3,6,1,5,3,2,7,3,N,N,,2021,O,098-CS-1150  -000,098-CS-1150  -000,0.094,0,0,0,1,0,0,1,0,0,0,0,0,0,1,DAC,0,1,
72447610,20191207,1830,HAMBLEY,N,0.039,0,0,2,2,N,N,35,98,9801,Y,37.47404,-82.52721,5,3,6,1,1,2,5,1,3,N,N,098-CS-1222-0,2019,O,098-CS-1222  -000,098-CS-1222  -000,0.039,0,0,1,0,0,0,1,0,0,0,0,0,0,1,DAC,1,0,195-1167
72670685,20210913,1716,US119,N,0.052,0,0,2,2,N,N,55,98,9801,Y,37.50397,-82.53111,5,3,3,1,1,2,2,7,3,N,N,,2021,O,098-US-0119  -010,098-US-0119  -000,0.052,0,0,1,0,0,0,0,0,0,0,0,0,0,1,Non-DAC,1,0,195-0861
72795770,20220809,1631,US23,N,27.016,0,0,2,2,Y,N,55,98,9801,Y,37.51031,-82.5416,8,3,6,1,1,2,2,7,3,N,N,098-US-0023-10,2022,O,098-US-0023  -010,098-US-0023  -000,27.016,0,0,0,1,0,0,0,1,0,0,0,1,0,1,Non-DAC,0,1,
72692062,20211014,2331,BYPASS,N,5.61,0,0,2,2,N,N,35,98,9801,Y,37.47303,-82.52279,1,3,6,1,1,2,5,1,3,N,N,098-KY-1426-0,2021,O,098-KY-1426  -000,098-KY-1426  -000,5.61,0,0,0,0,0,0,1,1,0,0,0,0,0,1,DAC,0,1,
72508578,20200606,1618,US119,N,2.732,0,0,1,1,N,N,55,98,9801,Y,37.51415,-82.48643,9,3,6,1,1,2,2,7,3,N,N,098-US-0119-10,2020,O,098-US-0119  -010,098-US-0119  -000,2.732,0,0,0,0,0,0,0,0,0,0,0,0,0,1,DAC,0,1,
72513388,20200619,2001,US23,N,24.868,0,0,1,1,N,N,55,98,9801,Y,37.48672,-82.54173,9,3,6,1,1,3,2,7,3,N,N,,2020,O,098-US-0023  -000,098-US-0023  -000,24.868,0,0,0,0,0,0,0,0,0,0,0,1,0,1,Non-DAC,0,1,
72772153,20220613,933,US23,N,24.057,0,0,1,1,N,N,55,98,9801,Y,37.47623,-82.53918,9,3,6,1,6,6,2,7,3,N,N,098-US-0023-10,2022,O,098-US-0023  -010,098-US-0023  -000,24.057,0,0,0,0,0,0,0,0,0,0,0,1,0,1,DAC,0,1,
72603182,20210312,1629,US23,N,26.878,0,0,2,2,N,N,55,98,9801,Y,37.50974,-82.53897,5,3,6,1,1,3,2,7,3,N,N,098-US-0023-10,2021,O,098-US-0023  -010,098-US-0023  -000,26.878,0,0,0,0,0,0,1,0,0,0,0,0,0,1,Non-DAC,0,1,
72634632,20210610,859,CASSIDY,N,0.038,0,0,2,2,N,N,15,98,9801,Y,37.5037,-82.53279,5,3,6,2,1,3,2,7,3,N,N,098-CS-1191-0,2021,O,098-CS-1191  -000,098-CS-1191  -000,0.038,0,0,0,0,0,0,0,0,0,0,0,0,0,1,Non-DAC,1,0,195-0861
72755954,20220429,2143,US23,N,25.73,0,0,1,1,N,N,55,98,9801,Y,37.4958,-82.53109,9,3,6,1,1,2,6,7,3,N,N,,2022,O,098-US-0023  -000,098-US-0023  -000,25.73,0,0,0,1,0,0,0,0,0,0,0,0,0,1,Non-DAC,0,1,
72678556,20211003,2040,CASSIDY,N,0.232,0,0,2,2,N,N,55,98,9801,Y,37.50437,-82.53568,7,3,2,1,5,6,6,1,3,N,N,098-CS-1191-0,2021,O,098-CS-1191  -000,098-CS-1191  -000,0.232,0,0,0,0,0,0,0,0,0,0,0,1,0,1,Non-DAC,0,1,
72645736,20210710,915,BILL KING,N,0.173,0,0,1,1,N,N,25,98,9801,Y,37.48782,-82.50439,9,3,4,1,1,2,2,6,3,N,Y,098-CS-1051-0,2021,O,098-CS-1051  -000,098-CS-1051  -000,0.173,0,0,0,1,0,0,0,0,0,1,0,1,0,1,Non-DAC,0,1,
72711939,20211221,530,BOB AMOS,N,0.553,0,0,1,1,N,N,35,98,9801,Y,37.47202,-82.54093,9,3,1,1,1,2,5,7,3,N,N,098-CS-1025-0,2021,O,098-CS-1025  -000,098-CS-1025  -000,0.553,0,0,0,1,0,0,0,0,0,0,0,0,0,1,Non-DAC,0,1,
72691731,20211103,709,US23,N,27.031,0,0,1,1,N,N,55,98,9801,Y,37.51051,-82.54179,9,3,6,1,1,2,6,7,2,N,N,098-US-0023-0,2021,O,098-US-0023  -000,098-US-0023  -000,27.031,0,0,1,0,0,0,0,0,0,0,0,0,0,1,Non-DAC,0,1,
72739457,20220303,2243,KY1426 TURN LANE,N,0.024,0,0,2,2,N,N,55,98,9801,Y,37.47397,-82.52733,1,3,6,1,1,2,4,1,3,N,N,098-KY-1426-28,2022,O,098-KY-1426  -028,098-KY-1426  -028,0.024,0,0,1,0,0,0,1,0,0,0,0,0,0,1,DAC,1,0,195-1167
72740779,20220120,753,US23,N,23.062,1,2,2,2,N,N,55,98,9801,Y,37.46583,-82.52811,1,3,6,1,5,8,2,7,3,Y,N,098-US-0023-0,2022,K,098-US-0023  -000,098-US-0023  -000,23.062,0,1,0,0,0,0,1,0,0,1,0,0,0,1,DAC,0,1,
72532354,20200802,1600,BYPASS,N,5.676,0,0,2,2,Y,N,15,98,9801,Y,37.47205,-82.52248,2,97,4,1,1,2,2,1,3,N,N,098-KY-1426-0,2020,O,098-KY-1426  -000,098-KY-1426  -000,5.676,0,0,0,0,0,0,1,0,0,0,0,0,0,1,DAC,0,1,
72753221,20220421,700,US23,N,20.457,0,0,1,1,N,N,55,98,9801,Y,37.44348,-82.51953,9,3,6,1,1,3,2,7,3,N,N,098-US-0023-0,2022,O,098-US-0023  -000,098-US-0023  -000,20.457,0,0,0,0,0,0,0,0,0,0,0,0,0,1,Non-DAC,1,0,195-1292
72560723,20201029,1205,US23,N,22.939,2,0,2,2,N,N,55,98,9801,Y,37.4655,-82.52596,5,3,6,1,1,2,2,1,3,Y,N,098-US-0023-0,2020,C,098-US-0023  -000,098-US-0023  -000,22.939,0,0,0,1,0,0,1,0,0,0,0,0,0,1,DAC,0,1,
72677919,20211001,857,CASSIDY,N,0.125,1,0,2,2,N,N,35,98,9801,Y,37.5036,-82.53412,1,3,3,1,1,2,2,1,3,Y,N,098-CS-1191-0,2021,C,098-CS-1191  -000,098-CS-1191  -000,0.125,0,0,0,0,0,0,1,0,0,1,0,1,0,1,Non-DAC,0,1,
72723337,20220116,225,CEDAR HILLS,N,3.623,0,0,1,1,N,N,35,98,9801,Y,37.45204,-82.53629,9,5,1,1,5,2,6,7,3,N,N,098-KY-1426-0,2022,O,098-KY-1426  -000,098-KY-1426  -000,3.623,0,0,0,0,0,0,1,0,1,0,0,1,0,1,Non-DAC,0,1,
72510463,20200612,1610,POPLAR,N,0.111,1,0,2,1,Y,N,15,98,9801,Y,37.48396,-82.52416,9,3,3,1,1,2,2,6,3,N,N,098-CS-1178-0,2020,C,098-CS-1160  -000,098-CS-1160  -000,0.111,0,0,0,0,1,0,0,0,0,0,0,0,0,1,DAC,0,1,
72667048,20210901,1934,KY1426,N,8.023,0,0,1,1,N,N,45,98,9801,Y,37.49155,-82.4917,9,3,1,1,1,2,2,6,3,N,N,098-KY-1426-0,2021,O,098-KY-1426  -000,098-KY-1426  -000,8.023,0,0,0,0,0,0,0,0,1,1,0,1,0,1,Non-DAC,0,1,
72764675,20220507,724,KY1426,N,8.016,0,0,1,1,N,N,55,98,9801,Y,37.49131,-82.49161,9,3,2,1,5,6,2,1,3,N,N,098-KY-1426-0,2022,O,098-KY-1426  -000,098-KY-1426  -000,8.016,0,0,0,0,0,0,0,0,0,0,0,1,0,1,Non-DAC,0,1,
72555349,20201016,1257,KY3417,N,0.244,0,0,1,1,N,N,35,98,9801,Y,37.46503,-82.55932,9,5,4,1,1,3,2,6,3,N,N,,2020,O,098-KY-3417  -000,098-KY-3417  -000,0.244,0,0,1,0,0,0,0,0,0,0,0,1,0,1,Non-DAC,0,1,
72632425,20210530,1501,HAMBLEY,N,,1,0,2,2,N,N,35,98,9801,Y,37.47402,-82.5273,3,3,6,1,1,3,2,7,3,N,N,098-CS-1222-0,2021,B,098-CS-1222  -000,098-CS-1222  -000,0,0,0,0,0,0,0,0,0,0,0,0,1,0,1,DAC,1,0,195-1167
72782819,20220713,1333,HAMBLEY,N,0.514,0,0,2,2,N,N,25,98,9801,Y,37.47859,-82.52023,5,3,6,1,1,2,2,1,3,N,N,098-CS-1222-0,2022,O,098-CS-1222  -000,098-CS-1222  -000,0.514,0,0,0,1,0,0,0,0,0,0,0,0,0,1,DAC,1,0,195-1100
72447586,20191206,1644,US23,N,27.378,0,0,2,2,N,N,55,98,9801,Y,37.51096,-82.54877,5,3,6,1,1,2,2,1,3,N,N,,2019,O,098-US-0023  -000,098-US-0023  -000,27.378,0,1,0,0,0,0,1,0,0,0,1,0,0,1,Non-DAC,1,0,195-0811
72606211,20210322,2353,THOMPSON,N,0.702,0,0,1,1,N,N,35,98,9801,Y,37.50494,-82.54045,9,4,6,1,1,2,5,1,3,N,N,098-CS-1215-0,2021,O,098-CS-1215  -000,098-CS-1215  -000,0.702,0,0,0,0,0,0,0,0,1,1,0,1,0,1,Non-DAC,0,1,
72593122,20210203,1244,CASSIDY,N,0.297,0,0,2,2,N,N,55,98,9801,Y,37.50507,-82.53677,8,3,6,1,1,2,2,7,3,N,N,,2021,O,098-CS-1191  -000,098-CS-1191  -000,0.297,0,0,0,1,0,0,1,0,0,0,0,1,0,1,Non-DAC,0,1,
72613700,20210413,1707,3RD,N,0.106,0,0,2,2,N,N,35,98,9801,Y,37.48236,-82.51788,4,3,6,1,1,2,2,7,3,N,N,098-CS-1118-0,2021,O,098-CS-1118  -000,098-CS-1118  -000,0.106,0,0,0,0,0,0,1,0,0,0,1,0,0,1,DAC,1,0,195-1041
72852081,20230108,1713,US119,N,2.673,3,0,2,2,N,N,55,98,9801,Y,37.51402,-82.48752,4,3,4,1,1,3,3,7,3,N,N,098-US-0119-0,2023,C,098-US-0119  -000,098-US-0119  -000,2.672,0,0,0,0,0,0,0,1,0,0,0,0,0,1,DAC,1,0,195-0777
72539005,20200903,1402,MAYO,N,21.66,0,0,1,1,N,N,55,98,9801,Y,37.45376,-82.52193,9,6,6,1,1,3,2,7,3,N,N,098-US-0023-10,2020,O,098-US-0023  -010,098-US-0023  -000,21.66,0,0,0,0,0,0,0,0,1,1,0,1,0,1,Non-DAC,0,1,
72588354,20210126,352,US23,N,,0,0,1,1,N,N,55,98,9801,Y,37.48595,-82.54218,9,3,3,1,5,3,5,7,3,N,N,,2021,O,098-US-0023  -000,098-US-0023  -000,24.809,0,0,0,0,0,0,0,0,0,0,0,0,0,1,Non-DAC,0,1,
72597474,20210224,632,BYPASS,N,5.108,0,0,2,2,N,N,45,98,9801,Y,37.483,-82.51331,1,3,6,1,1,2,5,7,3,N,N,098-KY-1460-0,2021,O,098-KY-1460  -000,098-KY-1460  -000,5.108,0,0,0,1,0,0,0,1,0,0,0,1,0,1,DAC,1,0,195-1019
72568326,20201122,1623,HAMBLEY,N,0.347,1,0,4,4,N,N,35,98,9801,Y,37.47679,-82.52225,8,3,6,1,1,3,2,1,3,Y,N,098-CS-1222-0,2020,C,098-CS-1222  -000,098-CS-1222  -000,0.347,0,0,0,0,0,0,0,0,1,0,0,0,0,1,DAC,0,1,
72585130,20210107,543,US23,N,18.799,0,0,1,1,N,N,55,98,9801,Y,37.43892,-82.50895,9,3,6,1,1,2,7,7,3,N,N,,2021,O,098-US-0023  -000,098-US-0023  -000,18.799,0,0,0,0,0,0,0,0,0,0,0,0,0,1,Non-DAC,0,1,
72539457,20200906,150,US119,N,0.114,0,0,1,1,N,N,55,98,9801,Y,37.5042,-82.53005,9,3,1,1,1,2,6,7,3,N,N,,2020,O,098-US-0119  -010,098-US-0119  -000,0.114,0,0,0,0,0,0,0,0,0,0,0,0,0,1,Non-DAC,0,1,
72499532,20200507,1501,MAYO,N,22.28,0,0,2,2,N,N,55,98,9801,Y,37.4612,-82.51693,8,3,6,1,1,2,2,7,3,N,N,098-US-0023-10,2020,O,098-US-0023  -010,098-US-0023  -000,22.28,0,1,0,0,0,0,1,0,0,0,0,1,0,1,Non-DAC,0,1,
72727433,20220203,2004,US23,N,24.815,0,0,2,2,N,N,55,98,9801,Y,37.48602,-82.54214,8,3,6,1,5,6,6,7,3,N,N,098-US-0023-0,2022,O,098-US-0023  -000,098-US-0023  -000,24.815,0,0,0,0,0,0,1,0,0,0,0,1,0,1,Non-DAC,0,1,
72577865,20201221,2057,US23,N,26.291,3,0,2,2,N,N,55,98,9801,Y,37.50377,-82.53215,1,3,6,1,1,2,5,7,3,N,N,098-US-0023-0,2020,B,098-US-0023  -000,098-US-0023  -000,26.291,0,0,0,1,0,0,0,1,0,0,0,0,0,1,Non-DAC,0,1,
72760567,20220506,1929,US23,N,26.389,0,0,2,2,N,N,55,98,9801,Y,37.50508,-82.53278,5,3,6,1,5,6,2,7,3,N,N,098-US-0023-10,2022,O,098-US-0023  -010,098-US-0023  -000,26.389,0,0,0,0,0,0,0,0,1,0,0,0,0,1,Non-DAC,0,1,
72592093,20210125,1258,HAMBLEY,N,0.094,0,0,2,2,N,N,25,98,9801,Y,37.47449,-82.5257,4,3,6,1,5,2,2,1,3,N,N,098-CS-1222-0,2021,O,098-CS-1222  -000,098-CS-1222  -000,0.094,0,0,0,1,0,0,1,0,0,0,0,0,0,1,DAC,0,1,
72758020,20220504,1743,CASSIDY,N,0.285,0,0,2,2,N,N,25,98,9801,Y,37.50499,-82.53653,8,3,6,1,1,2,2,1,3,N,N,098-CS-1191-0,2022,O,098-CS-1191  -000,098-CS-1191  -000,0.285,0,0,0,0,0,0,0,0,0,0,0,1,0,1,Non-DAC,0,1,
72552292,20201013,1438,US23,N,26.722,0,0,2,2,N,N,55,98,9801,Y,37.50847,-82.5368,5,3,6,1,1,2,2,7,3,N,N,098-US-0023-10,2020,O,098-US-0023  -010,098-US-0023  -000,26.722,0,0,0,1,0,0,0,0,0,0,0,0,0,1,Non-DAC,0,1,