MasterFile,CollisionDate,CollisionTime,RoadwayName,ParkingLotIndicator,Milepoint,NumberInjured,NumberKilled,ofUnits,ofMotorVehicleUnits,Hit&RunIndicator,OneWayIndicator,SpeedLimitNumber,CountyCode,CityCountyCode,InCityLimitsIndicator,Latitude,Longitude,MannerofCollisionCode,LocationFirstEventCode,RoadwayCharacterCode,RoadwaySurfaceCode,RoadwayConditionCode,WeatherCode,LightConditionCode,LandUseCode,SchoolBusRelatedCode,FirstAidSceneIndicator,PropertyDamageIndicator,RT_UNIQUE,YR,KABCO,WorkingRID,KTC_RT,KTC_MP,Motorcyclist,Commercial Vehicle,Young Driver,Mature Driver,Pedestrian,Bicyclist,Distracted,Aggressive,Impaired,Unrestrained,Intersection,Roadway Departure,Median Cross-over,CityCrash,DACid,Int_Crash,Seg_Crash,Int_ID
72631812,20210602,1414,US23 TURN LANE,N,0.017,0,0,2,2,N,N,55,98,9801,Y,37.50358,-82.53235,5,3,6,1,1,2,2,7,3,N,N,098-US-0023-21,2021,O,098-US-0023  -021,098-US-0023  -021,0.017,0,0,0,0,0,0,0,0,1,0,0,0,0,1,Non-DAC,1,0,195-0861
72626375,20210519,1613,US23,N,26.27,0,0,2,2,N,N,55,98,9801,Y,37.50347,-82.53213,5,3,6,2,1,2,2,1,3,N,N,,2021,O,098-US-0023  -000,098-US-0023  -000,26.27,0,0,0,0,0,0,1,0,0,0,0,0,0,1,Non-DAC,0,1,
72513393,20200621,405,CASSIDY,N,0.16,0,0,2,2,N,N,35,98,9801,Y,37.50369,-82.53465,1,3,3,1,1,2,6,7,3,N,N,,2020,O,098-CS-1191  -000,098-CS-1191  -000,0.16,0,0,0,0,0,0,1,1,0,0,0,0,0,1,Non-DAC,0,1,
72833889,20221125,652,CASSIDY,N,0.008,0,0,2,2,N,N,25,98,9801,Y,37.50369,-82.53275,8,3,6,2,5,6,5,1,3,N,N,,2022,O,098-US-0023  -021,098-US-0023  -021,0.008,0,0,0,1,0,0,1,0,0,0,0,1,0,1,Non-DAC,1,0,195-0861
72461633,20200103,1617,US23,N,31.082,0,0,2,2,N,N,55,98,9801,Y,37.53868,-82.59374,8,3,6,1,5,3,2,7,3,N,N,,2020,O,098-US-0023  -000,098-US-0023  -000,31.082,0,0,0,0,0,0,1,0,0,0,0,1,0,1,Non-DAC,0,1,
72700418,20211122,1450,LYKINS,N,,0,0,2,2,N,N,25,98,9801,Y,37.50779,-82.54859,1,3,3,1,1,2,2,7,3,N,N,,2021,O,098-CS-1215  -000,098-CS-1215  -000,0.211,0,0,1,0,0,0,1,0,0,0,1,0,0,1,Non-DAC,1,0,195-2104
72532151,20200814,2317,US23,N,20.009,0,0,2,2,N,N,55,98,9801,Y,37.44933,-82.51221,1,3,6,1,1,2,4,1,3,N,N,098-US-0023-0,2020,O,098-US-0023  -000,098-US-0023  -000,20.009,0,0,0,0,0,0,1,0,0,0,0,0,0,1,Non-DAC,0,1,
72724300,20220121,959,US23,N,27.36,1,0,2,2,N,N,55,98,9801,Y,37.51087,-82.54843,5,3,6,1,1,2,2,7,3,Y,N,098-US-0023-0,2022,C,098-US-0023  -000,098-US-0023  -000,27.36,0,0,0,0,0,0,1,0,1,0,0,0,0,1,Non-DAC,1,0,195-0811
72576120,20201216,1752,HAROLDS BRANCH,N,0.412,0,0,2,2,Y,N,55,98,9801,Y,37.46959,-82.51728,7,3,1,1,5,6,6,6,3,N,N,,2020,O,098-CS-1223  -000,098-CS-1223  -000,0.412,0,0,0,0,0,0,0,1,0,0,0,1,0,1,Non-DAC,0,1,
72626851,20210514,724,HAMBLEY,N,1.368,1,0,2,2,N,N,35,98,9801,Y,37.48442,-82.52801,5,3,6,1,1,2,2,6,3,Y,N,,2021,C,098-CS-1222  -000,098-CS-1222  -000,1.368,0,0,0,0,0,0,1,0,0,0,0,0,0,1,DAC,1,0,195-0986
72737103,20220225,1041,HAMBLEY,N,,0,0,2,2,N,N,35,98,9801,Y,37.47402,-82.5273,4,3,6,1,1,2,2,1,3,N,N,098-CS-1222-0,2022,O,098-CS-1222  -000,098-CS-1222  -000,0,0,0,0,0,0,0,1,0,0,0,0,0,0,1,DAC,1,0,195-1167
72666158,20210816,1030,KY3218,N,3.153,1,1,2,2,N,N,55,98,9807,Y,37.56092,-82.55774,7,3,4,1,5,2,2,7,3,N,N,098-KY-3218-0,2021,K,098-KY-3218  -000,098-KY-3218  -000,3.153,0,0,0,0,0,0,0,0,0,0,0,1,0,1,Non-DAC,0,1,
72827805,20221105,1644,CASSIDY,N,0.176,0,0,2,2,N,N,25,98,9801,Y,37.5038,-82.53489,4,3,6,1,1,2,2,1,3,N,N,098-CS-1191-0,2022,O,098-CS-1191  -000,098-CS-1191  -000,0.176,0,0,0,0,0,0,1,0,0,0,0,0,0,1,Non-DAC,0,1,
72504901,20200526,1658,KY3496,N,0.868,0,0,2,2,Y,N,35,98,9801,Y,37.47209,-82.52827,6,3,6,1,1,2,2,1,3,N,N,,2020,O,098-KY-3496  -000,098-KY-3496  -000,0.868,0,0,0,1,0,0,0,0,0,0,0,0,0,1,DAC,0,1,
72685447,20211019,726,BAIRD,N,5.387,1,0,2,2,Y,N,15,98,9801,Y,37.47295,-82.52708,1,3,6,1,1,2,2,7,3,N,N,098-KY-1426-0,2021,C,098-KY-1426  -000,098-KY-1426  -000,5.387,0,0,0,0,0,0,0,0,0,0,0,0,0,1,DAC,1,0,195-1174
72685004,20211013,1219,CASSIDY,N,0.258,1,0,2,2,N,N,35,98,9801,Y,37.50459,-82.53607,1,3,6,1,1,2,2,1,3,Y,N,098-CS-1191-0,2021,C,098-CS-1191  -000,098-CS-1191  -000,0.258,0,0,0,1,0,0,1,0,0,0,0,0,0,1,Non-DAC,0,1,
72783183,20220714,1718,US119,N,2.705,0,0,2,2,N,N,55,98,9801,Y,37.51419,-82.48693,5,3,5,1,1,2,2,7,3,N,N,098-US-0119-10,2022,O,098-US-0119  -010,098-US-0119  -000,2.705,0,0,0,0,0,0,0,0,0,0,0,0,0,1,DAC,1,0,195-0777
72558634,20201029,2036,KY3495,N,0.6,0,0,1,1,N,N,45,98,9801,Y,37.4924,-82.53487,9,3,6,1,5,6,9,7,3,N,N,098-KY-3495-0,2020,O,098-KY-3495  -000,098-KY-3495  -000,0.6,0,0,0,0,0,0,0,0,0,0,0,0,0,1,Non-DAC,0,1,
72721795,20210111,1802,PARK,N,0.048,0,0,2,2,N,N,5,98,9801,Y,37.47499,-82.52245,2,3,6,1,1,2,2,6,3,N,N,098-CS-1058-0,2021,O,098-CS-1058  -000,098-CS-1058  -000,0.048,0,0,0,0,0,0,0,0,0,0,0,0,0,1,DAC,0,1,
72438653,20191115,753,US23,N,19.973,0,0,2,1,N,N,55,98,9801,Y,37.44948,-82.51158,5,3,2,1,1,3,2,7,3,N,N,,2019,O,098-US-0023  -000,098-US-0023  -000,19.973,0,0,0,1,0,0,1,0,0,0,0,0,0,1,Non-DAC,0,1,
72558287,20201028,1330,CASSIDY,N,0.17,1,0,2,2,N,N,35,98,9801,Y,37.50375,-82.5348,8,3,6,1,1,3,2,7,3,Y,N,098-CS-1191-0,2020,C,098-CS-1191  -000,098-CS-1191  -000,0.17,0,0,0,1,0,0,1,0,0,0,0,1,0,1,Non-DAC,0,1,
72732839,20220214,1449,US23,N,31.602,0,0,2,2,N,N,55,98,9801,Y,37.53698,-82.60163,5,3,6,1,1,2,2,7,3,N,N,098-US-0023-0,2022,O,098-US-0023  -000,098-US-0023  -000,31.602,0,0,1,0,0,0,1,0,0,0,1,0,0,1,Non-DAC,1,0,195-0620
72825585,20221106,342,CHLOE,N,4.775,0,0,1,1,N,N,45,98,9801,Y,37.47806,-82.51073,9,6,6,1,1,2,6,7,3,N,Y,098-KY-1460-0,2022,O,098-KY-1460  -000,098-KY-1460  -000,4.775,0,0,0,0,0,0,1,0,1,0,0,1,0,1,Non-DAC,0,1,
72610972,20210405,2052,HAMBLEY,N,,3,0,2,2,N,N,45,98,9801,Y,37.47929,-82.54307,3,3,6,1,1,2,1,1,3,Y,N,,2021,B,098-KY-1384  -000,098-KY-1384  -000,6.795,0,0,1,0,0,0,0,1,0,0,0,1,0,1,DAC,1,0,195-1101
72509777,20200605,2037,KY3496,N,0.453,2,0,2,2,N,N,35,98,9801,Y,37.46946,-82.5338,1,3,6,1,1,2,2,1,3,Y,N,098-KY-3496-0,2020,C,098-KY-3496  -000,098-KY-3496  -000,0.453,0,0,1,1,0,0,0,1,0,0,0,0,0,1,DAC,0,1,
72574466,20201212,1515,KY3496,N,0.106,3,0,2,2,N,N,35,98,9801,Y,37.46598,-82.52962,1,3,6,1,5,6,2,1,3,N,Y,,2020,B,098-KY-3496  -000,098-KY-3496  -000,0.106,0,0,0,1,0,0,1,1,0,0,0,1,0,1,DAC,0,1,
72511254,20200615,840,US23,N,21.404,0,0,2,2,N,N,55,98,9801,Y,37.45056,-82.52413,5,3,6,1,1,2,2,1,3,N,N,098-US-0023-0,2020,O,098-US-0023  -000,098-US-0023  -000,21.404,0,0,0,0,0,0,1,0,0,0,0,0,0,1,Non-DAC,0,1,
72543771,20200917,944,US119,N,,0,0,2,2,N,N,55,98,9801,Y,37.50378,-82.53212,8,3,3,1,5,3,2,1,3,N,N,,2020,O,098-US-0119  -010,098-US-0119  -000,0.002,0,1,0,0,0,0,0,0,0,0,0,1,0,1,Non-DAC,1,0,195-0861
72571961,20201204,1531,US23,N,26.21,1,0,1,1,N,N,55,98,9801,Y,37.50262,-82.53222,9,5,6,1,5,6,2,7,3,N,Y,,2020,C,098-US-0023  -000,098-US-0023  -000,26.21,0,0,0,0,0,0,0,0,0,0,0,1,0,1,Non-DAC,1,0,195-0861
72741576,20220316,2220,US23,N,31.345,0,0,1,1,N,N,55,98,9801,Y,37.53633,-82.59692,9,6,3,1,1,2,6,7,3,N,N,098-US-0023-10,2022,O,098-US-0023  -010,098-US-0023  -000,31.345,0,0,0,0,0,0,0,0,0,0,0,1,0,1,Non-DAC,0,1,
72458607,20191227,1253,KY1426,N,6.19,2,0,2,2,N,N,45,98,9801,Y,37.47765,-82.51628,8,3,6,1,5,3,2,7,3,Y,N,,2019,C,098-KY-1426  -000,098-KY-1426  -000,6.19,0,0,0,0,0,0,1,0,1,0,1,0,0,1,DAC,1,0,195-1116
72772713,20220613,1550,CHERRY,N,0.028,0,0,1,1,N,N,10,98,9801,Y,37.48392,-82.54407,9,3,6,1,1,2,2,6,3,N,Y,098-CS-1184-0,2022,O,098-CS-1184  -000,098-CS-1184  -000,0.028,0,0,0,0,0,0,1,0,0,0,0,1,0,1,Non-DAC,0,1,
72700761,20211122,1901,US23,N,29.756,0,0,1,1,N,N,55,98,9801,Y,37.53366,-82.57799,9,3,6,1,1,2,5,2,3,N,N,098-US-0023-0,2021,O,098-US-0023  -000,098-US-0023  -000,29.756,0,0,0,0,0,0,0,0,0,0,0,0,0,1,Non-DAC,0,1,
72592436,20210208,834,US23,N,23.378,0,0,2,2,N,N,55,98,9801,Y,37.4683,-82.53283,5,3,6,1,1,2,2,7,3,N,N,098-US-0023-0,2021,O,098-US-0023  -000,098-US-0023  -000,23.378,0,0,0,0,0,0,1,0,0,0,0,0,0,1,DAC,0,1,
72731525,20220208,1741,US23,N,21.672,0,0,2,2,N,N,55,98,9801,Y,37.45388,-82.52173,5,3,6,1,1,2,2,1,3,N,N,098-US-0023-0,2022,O,098-US-0023  -000,098-US-0023  -000,21.672,0,1,0,1,0,0,1,0,0,0,0,0,0,1,Non-DAC,0,1,
72778539,20220701,1220,MAYO TRAIL,N,,0,0,2,2,N,N,45,98,9807,Y,37.53157,-82.5771,5,3,6,1,1,2,2,7,3,N,N,,2022,O,098-US-0023  -010,098-US-0023  -000,29.585,0,0,1,0,0,0,0,0,0,0,0,0,0,1,Non-DAC,1,0,195-0664
72643700,20210628,1215,US23,N,20.977,0,0,2,2,N,N,55,98,9801,Y,37.44466,-82.52543,1,3,3,1,1,2,2,7,3,N,N,,2021,O,098-US-0023  -010,098-US-0023  -000,20.977,0,0,0,0,0,0,1,0,0,0,0,0,0,1,Non-DAC,0,1,
72757619,20220502,1833,KY1426,N,9.119,0,0,1,1,N,N,45,98,9801,Y,37.50686,-82.48898,9,5,1,1,1,2,2,7,3,N,N,,2022,O,098-KY-1426  -000,098-KY-1426  -000,9.119,0,0,0,0,0,0,0,0,0,0,0,1,0,1,Non-DAC,0,1,
72628665,20210523,2005,BYPASS,N,6.547,1,0,2,1,N,N,45,98,9801,Y,37.4823,-82.51377,9,3,6,1,1,2,2,1,3,Y,N,098-KY-1426-0,2021,B,098-KY-1426  -000,098-KY-1426  -000,6.547,0,0,0,0,0,1,0,1,0,0,0,0,0,1,DAC,0,1,
72480363,20200224,915,BOB AMOS,N,0.77,0,0,2,2,N,N,15,98,9801,Y,37.4693,-82.54323,7,97,6,1,5,2,2,7,3,N,N,098-CS-1025-0,2020,O,098-CS-1025  -000,098-CS-1025  -000,0.77,0,0,0,1,0,0,1,0,0,0,0,0,0,1,Non-DAC,0,1,
72685969,20211021,838,CEDAR CREEK,N,,0,0,2,2,N,N,35,98,9801,Y,37.47917,-82.558,2,97,6,2,1,2,2,6,3,N,N,098-CS-1038-0,2021,O,098-CS-1038  -000,098-CS-1038  -000,0.116,0,0,0,0,0,0,1,0,0,0,0,0,0,1,Non-DAC,0,1,
72828860,20221111,1434,US119,N,2.699,0,0,1,1,N,N,55,98,9801,Y,37.51418,-82.48703,9,3,6,1,5,6,2,7,3,N,N,098-US-0119-10,2022,O,098-US-0119  -010,098-US-0119  -000,2.699,0,0,0,0,0,0,0,0,0,0,0,1,0,1,DAC,1,0,195-0777
72661329,20210819,1519,US23,N,18.313,0,0,1,1,N,N,55,98,9801,Y,37.43338,-82.51427,9,3,3,1,5,6,2,7,3,N,N,098-US-0023-10,2021,O,098-US-0023  -010,098-US-0023  -000,18.313,0,0,1,0,0,0,0,0,0,0,0,1,0,1,Non-DAC,0,1,
72500368,20200509,2023,US23,N,25.083,0,0,1,1,N,N,55,98,9801,Y,37.48911,-82.53921,9,6,6,1,1,2,2,7,3,N,N,,2020,O,098-US-0023  -000,098-US-0023  -000,25.083,0,0,0,0,0,0,0,0,0,0,0,1,0,1,Non-DAC,0,1,
72506855,20200531,1346,US23,N,29.875,0,0,2,2,N,N,55,98,9801,Y,37.53521,-82.57896,5,3,6,1,1,2,2,3,3,N,N,098-US-0023-10,2020,O,098-US-0023  -010,098-US-0023  -000,29.875,0,0,1,0,0,0,1,0,0,0,0,0,0,1,Non-DAC,0,1,
72695772,20211112,1232,US23,N,,0,0,2,2,N,N,55,98,9807,Y,37.5336,-82.57809,8,3,6,1,1,2,2,7,3,N,N,098-US-0023-10,2021,O,098-US-0023  -010,098-US-0023  -000,29.754,0,0,0,0,0,0,1,0,0,0,0,1,0,1,Non-DAC,0,1,
72693614,20211103,1526,US23,N,22.282,2,0,2,2,N,N,55,98,9801,Y,37.46141,-82.51699,1,3,4,1,1,2,2,7,3,N,N,098-US-0023-0,2021,C,098-US-0023  -000,098-US-0023  -000,22.282,0,0,0,1,0,0,1,1,0,0,1,0,1,1,Non-DAC,0,1,
72661299,20210821,1425,US23,N,23.062,0,0,2,2,N,N,55,98,9801,Y,37.46592,-82.52806,5,3,6,1,1,2,2,7,3,N,N,,2021,O,098-US-0023  -000,098-US-0023  -000,23.062,0,0,0,0,0,0,0,0,0,0,0,0,0,1,DAC,0,1,
72622218,20210507,1715,US23,N,26.233,0,0,2,2,N,N,55,98,9801,Y,37.50294,-82.53205,5,3,6,1,1,2,2,1,3,N,N,098-US-0023-0,2021,O,098-US-0023  -000,098-US-0023  -000,26.233,0,0,0,0,0,0,1,0,0,0,0,0,0,1,Non-DAC,1,0,195-0861
72659316,20210812,1757,US23,N,25.418,0,0,2,2,N,N,55,98,9801,Y,37.49234,-82.53472,1,3,6,1,1,2,2,7,3,N,N,098-US-0023-10,2021,O,098-US-0023  -010,098-US-0023  -000,25.418,0,0,0,0,0,0,1,0,0,0,0,0,0,1,Non-DAC,0,1,
72651783,20210720,1906,THOMPSON,N,0.547,1,0,2,2,N,N,35,98,9801,Y,37.50583,-82.54285,4,3,6,1,1,2,2,7,3,N,N,098-CS-1215-0,2021,B,098-CS-1215  -000,098-CS-1215  -000,0.547,0,0,1,0,0,0,1,0,0,0,0,0,0,1,Non-DAC,0,1,
72544909,20200922,1118,US23,N,21.372,1,0,2,2,N,N,55,98,9801,Y,37.45013,-82.52436,3,3,6,1,1,2,2,6,3,N,Y,098-US-0023-10,2020,C,098-US-0023  -010,098-US-0023  -000,21.372,0,0,0,1,0,0,1,0,0,0,0,1,0,1,Non-DAC,0,1,
72591215,20210204,901,DIVISION,N,0.051,0,0,2,2,N,N,15,98,9801,Y,37.48005,-82.51831,5,3,6,1,1,3,2,1,3,N,N,098-CS-1130-0,2021,O,098-CS-1130  -000,098-CS-1130  -000,0.051,0,0,0,0,0,0,1,0,0,0,1,0,0,1,DAC,1,0,195-1082
72818697,20221018,1510,US23,N,22.941,3,0,2,2,N,N,55,98,9801,Y,37.46535,-82.52597,5,3,6,1,1,3,2,1,3,N,N,098-US-0023-10,2022,B,098-US-0023  -010,098-US-0023  -000,22.941,0,0,0,0,0,0,1,0,0,0,1,0,0,1,DAC,0,1,
72466643,20200121,1608,HAMBLEY BOULEVARD,N,,4,0,2,2,N,N,45,98,9801,Y,37.47948,-82.54266,1,3,6,1,1,3,2,1,3,Y,N,,2020,A,098-KY-1384  -000,098-KY-1384  -000,6.822,0,0,0,1,0,0,1,1,0,0,0,1,0,1,DAC,0,1,
72690467,20211029,1447,US23,N,24.125,2,0,1,1,N,N,55,98,9801,Y,37.47698,-82.54012,9,6,1,1,1,3,2,7,3,N,N,098-US-0023-0,2021,C,098-US-0023  -000,098-US-0023  -000,24.125,0,0,0,0,0,0,0,0,0,0,0,1,0,1,DAC,0,1,
72855829,20230113,1133,ISLAND CREEK,N,,0,0,1,1,N,N,35,98,9801,Y,37.45238,-82.53516,9,5,3,1,5,6,2,7,3,N,N,098-KY-1426-0,2023,O,098-KY-1426  -000,098-KY-1426  -000,3.662,0,0,0,0,0,0,0,0,1,0,0,1,0,1,Non-DAC,0,1,
72775291,20220615,928,MAIN,N,0.12,0,0,2,2,N,Y,15,98,9801,Y,37.47929,-82.51762,2,97,6,1,1,2,2,7,3,N,N,098-CS-1112-0,2022,O,098-CS-1112  -000,098-CS-1112  -000,0.12,0,0,0,0,0,0,1,0,0,0,0,0,0,1,DAC,1,0,195-1087
72520552,20200713,1415,BAIRD,N,5.392,0,0,2,2,N,N,25,98,9801,Y,37.47322,-82.52712,8,3,6,1,1,2,2,7,3,N,N,098-KY-1426-0,2020,O,098-KY-1426  -000,098-KY-1426  -000,5.392,0,0,0,1,0,0,1,0,0,0,0,1,0,1,DAC,1,0,195-1174
72635883,20210601,1635,2ND,N,0.051,0,0,2,2,N,N,15,98,9801,Y,37.48289,-82.51608,8,3,6,1,1,2,2,1,3,N,N,098-CS-1117-0,2021,O,098-CS-1117  -000,098-CS-1117  -000,0.051,0,0,0,0,0,0,1,0,0,0,0,1,0,1,DAC,1,0,195-1037
72572895,20201207,1238,US23,N,30.937,0,0,1,1,N,N,55,98,9801,Y,37.54042,-82.59234,9,2,3,1,1,3,2,1,3,N,N,,2020,O,098-US-0023  -000,098-US-0023  -000,30.937,0,0,0,0,0,0,0,0,0,0,0,1,0,1,Non-DAC,0,1,
72770334,20220607,1720,US23,N,26.486,0,0,3,3,N,N,55,98,9801,Y,37.50635,-82.5335,5,3,6,1,1,3,2,7,2,N,N,098-US-0023-10,2022,O,098-US-0023  -010,098-US-0023  -000,26.486,0,0,0,0,0,0,1,0,0,0,0,0,0,1,Non-DAC,0,1,
72617432,20210419,1734,SCOTT,N,0.222,0,0,2,2,N,Y,15,98,9801,Y,37.48389,-82.51876,2,3,6,1,1,2,2,6,3,N,N,,2021,O,098-CS-1116  -000,098-CS-1116  -000,0.222,0,0,0,0,0,0,1,0,0,0,0,0,0,1,DAC,1,0,195-0991
72723538,20220119,2056,BYPASS,N,6.237,0,0,1,1,N,N,45,98,9801,Y,37.48544,-82.53165,9,3,6,1,5,6,5,6,3,N,N,098-KY-1460-0,2022,O,098-KY-1460  -000,098-KY-1460  -000,6.237,0,0,0,0,0,0,0,0,0,0,0,0,0,1,DAC,0,1,
72594242,20210209,830,CEDAR HILLS,N,3.692,0,0,1,1,N,N,55,98,9801,Y,37.45241,-82.53528,9,3,1,1,2,2,2,7,3,N,N,098-KY-1426-0,2021,O,098-KY-1426  -000,098-KY-1426  -000,3.692,0,0,0,0,0,0,0,0,0,0,0,1,0,1,Non-DAC,0,1,
72845339,20221219,1241,US119,N,2.663,1,0,3,3,N,N,55,98,9801,Y,37.51406,-82.48768,1,3,6,1,1,2,2,7,3,Y,N,098-US-0119-0,2022,B,098-US-0119  -000,098-US-0119  -000,2.663,0,0,0,1,0,0,0,1,0,0,0,0,0,1,DAC,1,0,195-0777
72539646,20200906,1610,OWSLEY,N,6.122,0,0,2,2,N,N,35,98,9801,Y,37.47591,-82.55405,5,3,4,1,1,2,2,6,3,N,N,,2020,O,098-KY-1384  -000,098-KY-1384  -000,6.122,0,0,1,0,0,0,1,0,0,0,0,0,0,1,Non-DAC,0,1,
72642857,20210701,2257,JULIUS,N,0.211,0,0,2,2,N,N,15,98,9801,Y,37.47887,-82.52423,5,97,6,3,8,5,5,6,3,N,N,098-CS-1156-0,2021,O,098-CS-1156  -000,098-CS-1156  -000,0.211,0,0,0,0,0,0,1,0,0,0,0,0,0,1,DAC,0,1,
72644785,20210701,2044,KENTUCKY,N,0.056,0,0,2,2,Y,N,15,98,9801,Y,37.48314,-82.52132,2,3,,1,5,6,3,6,3,N,Y,098-CS-1162-0,2021,O,098-CS-1162  -000,098-CS-1162  -000,0.056,0,0,0,0,0,0,1,0,0,1,1,0,0,1,DAC,1,0,195-1022
72792147,20220809,1642,US23,N,26.22,0,0,2,2,N,N,55,98,9801,Y,37.50277,-82.53203,5,3,6,1,1,3,2,7,3,N,N,098-US-0023-0,2022,O,098-US-0023  -000,098-US-0023  -000,26.22,0,0,1,0,0,0,0,1,0,0,0,0,0,1,Non-DAC,1,0,195-0861
72527308,20200723,2032,BYPASS,N,6.551,1,0,1,1,N,N,55,98,9801,Y,37.48233,-82.5137,9,3,6,1,5,3,2,7,3,N,N,098-KY-1426-0,2020,C,098-KY-1426  -000,098-KY-1426  -000,6.551,0,0,1,0,0,0,0,0,0,1,0,1,0,1,DAC,1,0,195-1019
72705516,20211129,1403,US23,N,26.292,0,0,2,2,Y,N,55,98,9801,Y,37.50377,-82.53236,5,3,6,1,1,2,2,7,3,N,N,098-US-0023-0,2021,O,098-US-0023  -000,098-US-0023  -000,26.292,0,0,0,0,0,0,1,0,0,0,1,0,0,1,Non-DAC,0,1,
72795148,20220811,1134,US23,N,24.9,0,0,2,2,N,N,55,98,9801,Y,37.4872,-82.54158,5,3,6,1,5,3,2,7,3,N,N,098-US-0023-10,2022,O,098-US-0023  -010,098-US-0023  -000,24.9,0,0,0,1,0,0,0,0,0,0,0,0,0,1,Non-DAC,0,1,
72494296,20200413,807,REDALE,N,0.179,1,0,2,1,Y,N,15,98,9801,Y,37.48714,-82.52739,9,3,6,1,5,3,2,1,3,Y,N,098-CS-1244-0,2020,C,098-CS-1244  -000,098-CS-1244  -000,0.179,0,0,0,0,1,0,0,0,0,0,0,0,0,1,DAC,1,0,195-0943
72518791,20200706,1800,US23,N,24.895,0,0,2,2,N,N,55,98,9801,Y,37.48705,-82.54144,8,3,6,1,1,2,2,7,3,N,N,,2020,O,098-US-0023  -000,098-US-0023  -000,24.895,0,0,0,0,0,0,0,0,0,0,0,1,0,1,Non-DAC,0,1,
72644232,20210706,1042,BYPASS,N,6.199,1,0,2,2,N,N,55,98,9801,Y,37.47776,-82.51617,1,3,6,1,1,2,2,7,3,N,N,098-KY-1426-0,2021,C,098-KY-1426  -000,098-KY-1426  -000,6.199,0,0,1,1,0,0,0,1,0,0,0,1,0,1,DAC,1,0,195-1116
72552297,20201011,1042,US23,N,26.261,0,0,3,3,N,N,55,98,9801,Y,37.50338,-82.53232,5,3,6,1,5,3,2,1,3,N,N,,2020,O,098-US-0023  -010,098-US-0023  -000,26.261,0,0,0,1,0,0,1,0,0,0,0,0,0,1,Non-DAC,1,0,195-0861
72742313,20220319,2319,US23,N,27.337,0,0,2,2,N,N,55,98,9801,Y,37.51077,-82.54799,5,3,6,1,5,6,7,7,3,N,N,098-US-0023-0,2022,O,098-US-0023  -000,098-US-0023  -000,27.337,0,0,0,1,0,0,1,0,0,0,0,0,0,1,Non-DAC,1,0,195-0812
72478363,20200214,1706,KY1426,N,6.76,0,0,2,2,N,N,55,98,9801,Y,37.48471,-82.51141,2,97,6,1,1,2,2,1,3,N,N,098-KY-1426-0,2020,O,098-KY-1426  -000,098-KY-1426  -000,6.76,0,0,0,0,0,0,1,0,0,0,0,0,0,1,Non-DAC,0,1,
72438196,20191111,1505,HAROLDS BRANCH,N,,0,0,2,1,N,N,15,98,9801,Y,37.47128,-82.52117,1,97,1,2,1,2,2,5,3,N,N,098-CS-1223-0,2019,O,098-CS-1223  -000,098-CS-1223  -000,0.135,0,0,0,0,0,0,1,0,0,0,0,0,0,1,Non-DAC,0,1,
72573964,20201204,1815,US23,N,,0,0,2,2,Y,N,55,98,9801,Y,37.50376,-82.53216,5,3,6,1,5,6,5,1,3,N,N,,2020,O,098-US-0023  -000,098-US-0023  -000,26.291,0,0,0,0,0,0,1,0,0,0,0,0,0,1,Non-DAC,0,1,
72471770,20200204,1350,MAYO,N,29.603,0,0,2,2,N,N,55,98,9801,Y,37.5315,-82.57714,5,3,6,1,6,3,2,7,3,N,N,098-US-0023-10,2020,O,098-US-0023  -010,098-US-0023  -000,29.603,0,0,0,0,0,0,1,0,0,0,0,0,0,1,Non-DAC,0,1,
72585866,20210117,1141,KY3496,N,0.206,0,0,2,2,N,N,35,98,9801,Y,37.46659,-82.53128,8,97,6,1,1,2,2,1,3,N,N,098-KY-3496-0,2021,O,098-KY-3496  -000,098-KY-3496  -000,0.206,0,0,0,0,0,0,1,0,0,0,0,0,0,1,DAC,0,1,
72645998,20210710,1236,MAYO,N,22.941,0,0,2,2,N,N,55,98,9801,Y,37.46535,-82.52596,1,3,6,1,1,3,2,7,3,N,N,098-US-0023-10,2021,O,098-US-0023  -010,098-US-0023  -000,22.941,0,0,0,1,0,0,1,1,0,0,0,0,0,1,DAC,0,1,
72430700,20191101,1722,US23,N,25.116,0,0,2,2,N,N,55,98,9801,Y,37.48948,-82.53882,5,3,6,1,1,2,2,1,3,N,N,098-US-0023-0,2019,O,098-US-0023  -000,098-US-0023  -000,25.116,0,0,1,0,0,0,1,0,0,0,0,0,0,1,Non-DAC,0,1,
72428925,20191029,1627,US23,N,31.603,0,0,2,2,N,N,55,98,9801,Y,37.53687,-82.60168,1,3,6,1,1,2,2,7,3,N,N,,2019,O,098-US-0023  -010,098-US-0023  -000,31.603,0,0,0,0,0,0,1,1,0,0,1,0,0,1,Non-DAC,1,0,195-0620
72615082,20210416,1405,MAYO,N,,3,0,2,2,N,N,45,98,9807,Y,37.52984,-82.57599,4,3,6,1,1,2,2,7,3,Y,N,098-US-0023-0,2021,C,098-US-0023  -000,098-US-0023  -000,29.469,0,0,0,0,0,0,1,1,0,0,0,0,0,1,Non-DAC,0,1,