MasterFile,CollisionDate,CollisionTime,RoadwayName,ParkingLotIndicator,Milepoint,NumberInjured,NumberKilled,ofUnits,ofMotorVehicleUnits,Hit&RunIndicator,OneWayIndicator,SpeedLimitNumber,CountyCode,CityCountyCode,InCityLimitsIndicator,Latitude,Longitude,MannerofCollisionCode,LocationFirstEventCode,RoadwayCharacterCode,RoadwaySurfaceCode,RoadwayConditionCode,WeatherCode,LightConditionCode,LandUseCode,SchoolBusRelatedCode,FirstAidSceneIndicator,PropertyDamageIndicator,RT_UNIQUE,YR,KABCO,WorkingRID,KTC_RT,KTC_MP,Motorcyclist,Commercial Vehicle,Young Driver,Mature Driver,Pedestrian,Bicyclist,Distracted,Aggressive,Impaired,Unrestrained,Intersection,Roadway Departure,Median Cross-over,CityCrash,DACid,Int_Crash,Seg_Crash,Int_ID
72481965,20200228,1750,THOMPSON,N,0.529,0,0,2,2,N,N,35,98,9801,Y,37.50591,-82.54317,1,3,6,1,1,2,2,1,3,N,N,098-CS-1215-0,2020,O,098-CS-1215  -000,098-CS-1215  -000,0.529,0,0,1,0,0,0,0,1,0,0,0,0,0,1,Non-DAC,0,1,
72780724,20220623,936,US23,N,19.813,0,0,1,1,N,N,55,98,9801,Y,37.44999,-82.50878,9,2,3,1,1,2,2,7,3,N,N,098-US-0023-0,2022,O,098-US-0023  -000,098-US-0023  -000,19.813,0,0,0,1,0,0,0,0,0,0,0,1,0,1,Non-DAC,0,1,
72728614,20220202,1803,US119,N,0.124,0,0,2,2,N,N,55,98,9801,N,37.50412,-82.52982,7,3,6,1,5,6,6,7,3,N,N,098-US-0119-0,2022,O,098-US-0119  -000,098-US-0119  -000,0.124,0,0,0,0,0,0,0,0,0,0,0,1,0,1,Non-DAC,0,1,
72528547,20200731,234,US23,N,27.31,0,0,1,1,N,N,55,98,9801,Y,37.51098,-82.54749,9,3,6,1,1,2,6,1,3,N,N,098-US-0023-0,2020,O,098-US-0023  -000,098-US-0023  -000,27.31,0,0,1,0,0,0,0,0,0,0,0,0,0,1,Non-DAC,0,1,
72661465,20210821,1538,US23,N,26.876,0,0,2,2,N,N,55,98,9801,Y,37.50972,-82.53894,5,3,6,1,1,2,2,1,3,Y,N,098-US-0023-10,2021,O,098-US-0023  -010,098-US-0023  -000,26.876,0,0,0,0,0,0,1,0,1,0,0,0,0,1,Non-DAC,0,1,
72768762,20220603,1315,HAMBLEY,N,,0,0,2,2,N,N,25,98,9801,Y,37.48137,-82.51886,1,3,3,1,1,3,2,1,3,N,N,,2022,O,098-CS-1222  -000,098-CS-1222  -000,0.72,0,0,1,0,0,0,1,0,0,0,0,0,0,1,DAC,1,0,195-1068
72730606,20220213,1823,KY3496,N,0.78,0,0,2,2,N,N,35,98,9801,Y,37.47206,-82.52989,1,3,6,1,1,3,3,7,3,N,N,098-KY-3496-0,2022,O,098-KY-3496  -000,098-KY-3496  -000,0.78,0,0,1,0,0,0,0,1,0,0,0,0,0,1,DAC,1,0,195-1185
72563366,20201110,707,OWSLEY,N,7.018,1,0,2,2,N,N,45,98,9801,Y,37.48013,-82.53933,1,3,6,1,1,2,2,1,3,Y,N,098-KY-1384-0,2020,C,098-KY-1384  -000,098-KY-1384  -000,7.018,0,0,1,0,0,0,1,0,0,0,0,0,0,1,DAC,0,1,
72563573,20201111,1434,KY1426,N,7.498,1,0,1,1,N,N,45,98,9801,Y,37.49044,-82.50043,9,3,3,1,5,6,2,1,3,N,N,098-KY-1426-0,2020,B,098-KY-1426  -000,098-KY-1426  -000,7.498,0,0,0,0,0,0,0,0,0,0,0,1,0,1,Non-DAC,0,1,
72657860,20210808,1741,CASSIDY,N,0.24,0,0,2,2,N,N,15,98,9801,Y,37.50444,-82.5358,5,3,6,1,1,2,2,1,3,N,N,,2021,O,098-CS-1191  -000,098-CS-1191  -000,0.24,0,0,0,0,0,0,1,0,0,0,0,0,0,1,Non-DAC,0,1,
72696679,20211113,1759,LYKINS,N,0.24,0,0,1,1,N,N,25,98,9801,Y,37.50481,-82.54839,9,97,3,1,1,2,6,6,3,N,Y,,2021,O,098-CS-1249  -000,098-CS-1249  -000,0.24,0,0,0,0,0,0,0,0,0,0,0,1,0,1,Non-DAC,0,1,
72776620,20220621,1642,US23 TURN LANE,N,0.01,0,0,1,1,N,N,55,98,9801,Y,37.50364,-82.53255,9,3,6,1,1,2,2,7,3,N,N,098-US-0023-21,2022,O,098-US-0023  -021,098-US-0023  -021,0.01,0,0,0,0,0,0,0,0,0,0,0,1,0,1,Non-DAC,1,0,195-0861
72746872,20220325,1927,US23,N,23.062,4,0,2,2,N,N,55,98,9801,Y,37.46593,-82.52807,1,3,6,1,1,2,2,1,3,N,N,098-US-0023-0,2022,B,098-US-0023  -000,098-US-0023  -000,23.062,0,0,0,1,0,0,1,1,0,1,1,0,0,1,DAC,0,1,
72757878,20220504,1601,US23,N,18.456,0,0,2,2,Y,N,55,98,9801,Y,37.4352,-82.51292,8,3,5,1,1,2,2,7,3,N,N,098-US-0023-10,2022,O,098-US-0023  -010,098-US-0023  -000,18.456,0,1,0,0,0,0,0,0,0,0,0,1,0,1,Non-DAC,0,1,
72528128,20200714,1955,US119,N,2.705,3,0,2,2,N,N,55,98,9801,Y,37.51402,-82.48693,1,3,4,1,1,2,2,7,3,Y,N,098-US-0119-0,2020,C,098-US-0119  -000,098-US-0119  -000,2.705,0,0,0,0,0,0,1,0,0,0,0,0,0,1,DAC,1,0,195-0777
72797041,20220822,1309,CASSIDY,N,0.157,0,0,2,2,Y,N,35,98,9801,Y,37.50368,-82.53461,1,3,3,1,1,3,2,7,3,N,N,098-CS-1191-0,2022,O,098-CS-1191  -000,098-CS-1191  -000,0.157,0,0,1,0,0,0,0,1,0,0,0,0,0,1,Non-DAC,0,1,
72696280,20211112,1530,US23,N,31.99,0,0,1,1,N,N,55,98,9801,Y,37.53747,-82.6086,9,4,6,1,1,2,2,7,3,N,N,098-US-0023-10,2021,O,098-US-0023  -010,098-US-0023  -000,31.99,0,0,0,1,0,0,1,1,0,0,0,1,0,1,Non-DAC,0,1,
72477167,20200216,1844,US23,N,22.961,0,0,2,2,N,N,55,98,9801,Y,37.46554,-82.52631,8,3,6,1,1,2,7,1,3,N,N,098-US-0023-0,2020,O,098-US-0023  -000,098-US-0023  -000,22.961,0,0,1,0,0,0,0,1,0,0,0,1,0,1,DAC,0,1,
72704180,20211201,,HAMBLEY,N,0.565,0,0,2,2,Y,N,35,98,9801,Y,37.47923,-82.51977,8,7,6,1,1,2,3,1,3,N,N,098-CS-1222-0,2021,O,098-CS-1222  -000,098-CS-1222  -000,0.565,0,0,0,0,0,0,1,0,0,0,0,0,0,1,DAC,1,0,195-2107
72594989,20210216,758,US23,N,23.704,0,0,2,1,N,N,55,98,9801,Y,37.47272,-82.53463,5,5,6,1,2,3,2,7,3,N,N,098-US-0023-0,2021,O,098-US-0023  -000,098-US-0023  -000,23.704,0,0,0,0,0,0,0,0,0,0,0,1,0,1,DAC,0,1,
72673968,20210922,1614,BAIRD,N,5.393,0,0,2,2,N,N,35,98,9801,Y,37.4733,-82.52711,4,3,6,1,1,3,2,7,3,N,N,098-KY-1426-0,2021,O,098-KY-1426  -000,098-KY-1426  -000,5.393,0,0,0,0,0,0,0,1,0,0,0,0,0,1,DAC,1,0,195-1174
72588626,20210127,1900,SMITH,N,0.031,0,0,2,2,N,N,5,98,9801,Y,37.4833,-82.52187,2,3,6,1,5,9,5,6,3,N,N,,2021,O,098-CS-1163  -000,098-CS-1163  -000,0.031,0,0,0,0,0,0,0,0,0,0,0,0,0,1,DAC,0,1,
72563647,20201028,1730,JULIUS,N,0.158,0,0,2,2,Y,N,15,98,9801,Y,37.4783,-82.52367,3,3,4,1,1,2,2,6,3,N,N,,2020,O,098-CS-1156  -000,098-CS-1156  -000,0.158,0,0,1,0,0,0,1,0,0,0,0,0,0,1,DAC,0,1,
72719723,20220110,503,CLEVENGER,N,0.018,0,0,2,2,N,N,15,98,9801,Y,37.47576,-82.52415,3,3,5,1,2,3,5,6,3,N,N,098-CS-1154-0,2022,O,098-CS-1154  -000,098-CS-1154  -000,0.018,0,0,0,0,0,0,0,0,0,0,0,0,0,1,DAC,1,0,195-1149
72686339,20211022,1143,HAMBLEY,N,0.029,0,0,2,2,N,N,35,98,9801,Y,37.47417,-82.52684,1,3,6,1,1,2,2,7,3,N,N,098-CS-1222-0,2021,O,098-CS-1222  -000,098-CS-1222  -000,0.029,0,0,0,0,0,0,1,0,0,0,0,0,0,1,DAC,1,0,195-1167
72503647,20200522,1336,US23,N,22.935,0,0,2,2,N,N,55,98,9801,Y,37.46545,-82.52586,5,3,6,1,5,3,2,7,3,N,N,098-US-0023-0,2020,O,098-US-0023  -000,098-US-0023  -000,22.935,0,0,0,0,0,0,1,0,0,0,0,0,0,1,DAC,0,1,
72747991,20220406,1945,KY3417,N,0.376,1,0,1,1,N,N,35,98,9801,Y,37.46671,-82.5582,9,3,1,1,5,6,6,7,3,N,N,,2022,C,098-KY-3417  -000,098-KY-3417  -000,0.376,0,0,1,0,0,0,0,1,0,0,0,1,0,1,Non-DAC,0,1,
72587774,20210125,1009,DESKINS,N,0.01,0,0,2,2,N,N,15,98,9801,N,37.53725,-82.60505,5,3,6,1,5,6,2,7,3,N,N,098-PR-1331-0,2021,O,098-PR-1331  -000,098-PR-1331  -000,0.01,0,0,0,0,0,0,1,1,0,0,0,0,0,1,Non-DAC,1,0,195-0615
72472582,20200123,123,KY1460,N,7.075,0,0,1,1,N,N,45,98,9801,Y,37.48635,-82.54296,9,3,6,1,1,2,4,1,3,N,N,098-KY-1460-0,2020,O,098-KY-1460  -000,098-KY-1460  -000,7.075,0,0,0,0,0,0,0,0,0,0,0,0,0,1,Non-DAC,1,0,195-0957
72633922,20210607,1853,US23 TURN LANE,N,0.031,0,0,1,1,N,N,55,98,9801,Y,37.50339,-82.53235,9,3,6,1,5,3,2,7,3,N,Y,098-US-0023-21,2021,O,098-US-0023  -021,098-US-0023  -021,0.031,0,0,0,0,0,0,0,0,0,0,1,0,0,1,Non-DAC,1,0,195-0861
72475639,20200206,1833,KY1460,N,6.699,0,0,2,2,N,N,45,98,9801,Y,37.48363,-82.53923,1,3,6,1,5,3,4,1,3,N,N,098-KY-1460-0,2020,O,098-KY-1460  -000,098-KY-1460  -000,6.699,0,0,0,0,0,0,1,0,0,0,0,0,0,1,Non-DAC,0,1,
72687351,20211025,1239,US23,N,23.054,0,0,3,3,N,N,55,98,9801,Y,37.46593,-82.52791,5,3,6,1,5,6,2,1,3,N,N,098-US-0023-0,2021,O,098-US-0023  -000,098-US-0023  -000,23.054,0,0,1,0,0,0,1,0,0,0,0,0,0,1,DAC,0,1,
72613448,20210405,1545,KY1426,N,6.925,2,0,2,2,N,N,45,98,9801,Y,37.48621,-82.50909,4,3,4,1,1,2,2,1,3,Y,N,098-KY-1426-0,2021,C,098-KY-1426  -000,098-KY-1426  -000,6.925,0,0,0,1,0,0,0,1,0,0,1,0,0,1,Non-DAC,1,0,195-0950
72602222,20210305,1359,BYPASS ROAD,N,,0,0,2,2,Y,N,15,98,9801,Y,37.47215,-82.52272,2,97,6,2,1,2,2,1,3,N,N,,2021,O,098-CS-1223  -000,098-CS-1223  -000,0.041,0,0,0,0,0,0,1,0,0,0,0,0,0,1,Non-DAC,0,1,
72673859,20210922,1341,CHLOE,N,3.413,0,0,1,1,N,N,35,98,9801,Y,37.47503,-82.48726,9,5,2,1,5,6,2,7,3,N,N,098-KY-1460-0,2021,O,098-KY-1460  -000,098-KY-1460  -000,3.413,0,0,0,0,0,0,0,0,0,0,0,1,0,1,Non-DAC,0,1,
72693091,20211105,936,CEDAR HILLS,N,0.648,0,0,1,1,N,N,35,98,9801,Y,37.47072,-82.55771,9,4,4,1,1,2,2,6,3,N,Y,098-KY-3417-0,2021,O,098-KY-3417  -000,098-KY-3417  -000,0.648,0,0,0,0,0,0,1,0,1,1,0,1,0,1,Non-DAC,1,0,195-1199
72607172,20210325,2046,CASSIDY,N,0.235,0,0,2,2,Y,N,25,98,9801,Y,37.50438,-82.53573,1,3,6,1,5,3,5,1,3,N,N,,2021,O,098-CS-1191  -000,098-CS-1191  -000,0.235,0,0,0,0,0,0,1,1,0,0,0,0,0,1,Non-DAC,0,1,
72726666,20220118,1559,US23,N,21.475,0,0,2,2,N,N,55,98,9801,Y,37.45152,-82.52367,5,3,6,1,1,2,2,1,3,N,N,098-US-0023-0,2022,O,098-US-0023  -000,098-US-0023  -000,21.475,0,0,0,0,0,0,1,0,0,0,0,0,0,1,Non-DAC,1,0,195-1274
72744590,20220325,1737,THOMPSON,N,0.646,0,0,2,2,N,N,35,98,9801,Y,37.50528,-82.5412,1,3,6,1,1,3,2,7,3,N,N,098-CS-1215-0,2022,O,098-CS-1215  -000,098-CS-1215  -000,0.646,0,0,0,1,0,0,1,1,0,0,0,0,0,1,Non-DAC,0,1,
72810386,20220924,1910,KY1426,N,8.124,0,0,1,1,N,N,55,98,9801,Y,37.49295,-82.49094,9,3,1,1,5,3,1,7,3,Y,N,098-KY-1426-0,2022,O,098-KY-1426  -000,098-KY-1426  -000,8.124,0,0,1,0,0,0,1,0,0,0,0,1,0,1,Non-DAC,0,1,
72470412,20200131,1757,US23,N,23.057,0,0,2,2,N,N,55,98,9801,Y,37.46585,-82.52814,1,3,6,1,5,3,5,1,3,N,N,098-US-0023-0,2020,O,098-US-0023  -000,098-US-0023  -000,23.057,0,0,0,1,0,0,0,1,0,0,0,0,0,1,DAC,0,1,
72686859,20211020,1028,KY3218,N,3.035,0,0,1,1,N,N,55,98,9801,Y,37.5597,-82.55919,9,3,2,1,1,2,2,7,3,N,N,098-KY-3218-0,2021,O,098-KY-3218  -000,098-KY-3218  -000,3.035,0,0,0,0,0,0,0,0,0,0,0,1,0,1,Non-DAC,0,1,
72713365,20211224,1817,US23,N,0.181,0,0,2,2,N,N,55,98,9801,Y,37.48003,-82.54353,8,3,6,1,1,2,5,7,3,N,N,,2021,O,098-US-0023  -231,098-US-0023  -231,0.181,0,0,0,0,0,0,0,0,0,0,0,1,0,1,Non-DAC,0,1,
72731054,20220214,903,US23,N,31.592,0,0,3,3,N,N,55,98,9801,Y,37.53695,-82.60141,5,3,6,1,1,3,2,7,3,N,N,098-US-0023-0,2022,O,098-US-0023  -000,098-US-0023  -000,31.592,0,0,0,1,0,0,0,0,0,0,0,0,0,1,Non-DAC,1,0,195-0620
72756547,20220426,1405,US23,N,30.256,0,0,2,2,N,N,55,98,9801,Y,37.54016,-82.58202,8,3,6,1,1,3,2,7,3,N,N,098-US-0023-10,2022,O,098-US-0023  -010,098-US-0023  -000,30.256,0,0,0,1,0,0,1,0,0,0,0,1,0,1,Non-DAC,0,1,
72657769,20210809,1534,CASSIDY,N,0.293,0,0,2,2,N,N,15,98,9801,Y,37.50641,-82.53716,1,97,6,1,1,2,2,1,3,N,N,098-CS-1191-0,2021,O,098-CS-1191  -000,098-CS-1191  -000,0.293,0,0,1,0,0,0,1,0,0,0,0,0,0,1,Non-DAC,0,1,
72665445,20210824,1754,CHLOE,N,3.122,1,0,1,1,N,N,35,98,9801,Y,37.47277,-82.48302,9,3,6,1,1,2,2,7,3,N,N,098-KY-1460-0,2021,B,098-KY-1460  -000,098-KY-1460  -000,3.122,0,0,0,0,0,0,0,0,0,0,0,1,0,1,Non-DAC,0,1,
72773708,20220616,1556,US119,N,0.055,0,0,2,2,N,N,55,98,9801,Y,37.50398,-82.53107,5,3,6,1,1,2,2,7,3,N,N,098-US-0119-10,2022,O,098-US-0119  -010,098-US-0119  -000,0.055,0,0,1,0,0,0,0,0,0,0,0,1,0,1,Non-DAC,1,0,195-0861
72665009,20210831,530,US23,N,32.774,0,0,1,1,N,N,55,98,9801,Y,37.5314,-82.6199,9,3,6,1,1,2,4,7,3,N,N,098-US-0023-0,2021,O,098-US-0023  -000,098-US-0023  -000,32.774,0,0,0,0,0,0,0,0,0,0,0,0,0,1,Non-DAC,1,0,195-0668
72710520,20211217,1521,US23,N,29.827,0,0,2,2,N,N,55,98,9801,Y,37.53458,-82.5786,8,3,6,1,5,6,2,7,3,N,Y,098-US-0023-10,2021,O,098-US-0023  -010,098-US-0023  -000,29.827,0,0,0,1,0,0,0,0,0,0,0,1,0,1,Non-DAC,0,1,
72538163,20200901,159,KY1426,N,7.856,0,0,2,2,N,N,55,98,9801,Y,37.49032,-82.49413,1,97,1,1,5,3,4,6,3,N,N,098-KY-1426-0,2020,O,098-KY-1426  -000,098-KY-1426  -000,7.856,0,0,0,1,0,0,0,0,0,0,0,1,0,1,Non-DAC,1,0,195-0927
72851141,20230105,1702,US23,N,26.343,0,0,2,2,N,N,55,98,9801,Y,37.50448,-82.53245,5,3,6,1,1,2,2,7,3,N,N,098-US-0023-10,2023,O,098-US-0023  -010,098-US-0023  -000,26.279,0,0,1,1,0,0,0,0,0,0,0,0,0,1,Non-DAC,0,1,
72508394,20200604,2016,HAROLDS BRANCH,N,0.177,0,0,2,2,N,N,35,98,9801,Y,37.4706,-82.5211,7,3,3,1,1,2,2,6,3,N,N,098-CS-1223-0,2020,O,098-CS-1223  -000,098-CS-1223  -000,0.177,0,0,0,1,0,0,0,0,0,0,0,1,0,1,Non-DAC,0,1,
72634890,20210610,18,US23,N,23.555,1,0,1,1,N,N,55,98,9801,Y,37.47074,-82.53362,9,3,3,1,5,6,5,3,3,Y,N,098-US-0023-0,2021,C,098-US-0023  -000,098-US-0023  -000,23.555,0,0,0,0,0,0,0,1,0,1,0,1,0,1,DAC,0,1,
72507536,20200604,1443,KY3496,N,0.605,0,0,2,2,N,N,35,98,9801,Y,37.47143,-82.53298,5,3,6,1,1,2,2,1,3,N,N,,2020,O,098-KY-3496  -000,098-KY-3496  -000,0.605,0,0,1,0,0,0,0,1,0,0,0,0,0,1,DAC,1,0,195-1191
72654720,20210803,1518,US23,N,25.595,0,0,2,2,N,N,55,98,9801,Y,37.49426,-82.53258,8,3,6,1,1,2,2,7,3,N,N,098-US-0023-10,2021,O,098-US-0023  -010,098-US-0023  -000,25.595,0,1,0,1,0,0,1,0,0,0,0,1,0,1,Non-DAC,0,1,
72530884,20200809,1819,US23,N,27.324,0,0,2,2,N,N,55,98,9801,Y,37.51072,-82.54772,5,3,6,1,1,2,2,1,3,N,N,098-US-0023-0,2020,O,098-US-0023  -000,098-US-0023  -000,27.324,0,0,1,0,0,0,0,0,0,0,0,0,0,1,Non-DAC,1,0,195-0812
72707044,20211209,1104,US23,N,26.28,0,0,2,2,N,N,55,98,9801,Y,37.50362,-82.53214,5,3,6,1,1,2,2,7,3,N,N,098-US-0023-0,2021,O,098-US-0023  -000,098-US-0023  -000,26.28,0,0,0,1,0,0,0,0,0,0,0,0,0,1,Non-DAC,0,1,
72675691,20210922,2029,US23,N,23.06,0,0,2,2,N,N,55,98,9801,Y,37.46582,-82.52808,4,3,6,1,5,3,6,1,3,N,N,,2021,O,098-US-0023  -010,098-US-0023  -000,23.06,0,0,0,0,0,0,1,0,0,0,0,0,0,1,DAC,0,1,
72786660,20220725,1637,MAYO,N,23.063,1,0,2,2,N,N,55,98,9801,Y,37.46583,-82.52814,4,3,6,1,1,3,2,1,3,Y,N,098-US-0023-10,2022,B,098-US-0023  -010,098-US-0023  -000,23.063,0,0,0,0,0,0,1,1,0,1,0,0,0,1,DAC,0,1,
72771390,20220610,1454,CASSIDY,N,0.195,1,0,1,1,N,N,25,98,9801,Y,37.50397,-82.53516,9,3,6,1,1,2,2,1,3,N,N,098-CS-1191-0,2022,B,098-CS-1191  -000,098-CS-1191  -000,0.195,1,0,0,0,0,0,0,0,0,0,0,0,0,1,Non-DAC,0,1,
72756281,20220422,1728,CHLOE,N,2.732,0,0,2,2,N,N,15,98,9801,Y,37.46878,-82.47836,2,97,6,1,1,2,2,6,3,N,N,098-KY-1460-0,2022,O,098-KY-1460  -000,098-KY-1460  -000,2.732,0,0,0,0,0,0,1,0,0,0,0,0,0,1,Non-DAC,0,1,
72708405,20211206,1204,BYPASS,N,6.602,0,0,2,2,N,N,45,98,9801,Y,37.483,-82.51329,5,3,6,1,5,3,2,7,3,N,N,098-KY-1426-0,2021,O,098-KY-1426  -000,098-KY-1426  -000,6.602,0,0,0,1,0,0,1,1,0,0,1,0,0,1,DAC,1,0,195-1019
72863906,20230209,825,HAMBLEY,N,0.383,0,0,2,2,N,N,25,98,9801,Y,37.4771,-82.5217,5,3,6,1,1,2,2,7,3,N,N,098-CS-1222-0,2023,O,098-CS-1222  -000,098-CS-1222  -000,0.383,0,0,0,0,0,0,1,0,0,0,0,0,0,1,DAC,1,0,195-1126
72624650,20210514,1315,HUFFMAN,N,0.019,0,0,2,2,N,N,15,98,9801,Y,37.47703,-82.51736,1,3,6,1,1,2,2,7,3,N,N,098-CS-1123-0,2021,O,098-CS-1123  -000,098-CS-1123  -000,0.019,0,0,0,1,0,0,1,0,0,0,0,0,0,1,DAC,1,0,195-1123
72794819,20220810,1614,US23,N,25.545,0,0,2,2,N,N,45,98,9801,Y,37.49363,-82.53308,5,3,6,1,5,3,2,7,3,N,N,,2022,O,098-US-0023  -000,098-US-0023  -000,25.545,0,0,0,1,0,0,1,1,0,0,0,0,0,1,Non-DAC,1,0,195-0912
72597775,20210223,747,US23,N,26.533,0,0,2,2,N,N,55,98,9801,Y,37.50689,-82.53403,5,3,6,1,1,3,2,7,3,N,N,,2021,O,098-US-0023  -010,098-US-0023  -000,26.533,0,0,0,0,0,0,0,0,0,0,0,0,0,1,Non-DAC,0,1,
72663641,20210826,1526,CASSIDY,N,0.192,0,0,2,2,N,N,25,98,9801,Y,37.50402,-82.53511,5,3,3,1,1,2,2,1,3,N,N,,2021,O,098-CS-1191  -000,098-CS-1191  -000,0.192,0,0,0,0,0,0,1,0,0,0,0,0,0,1,Non-DAC,0,1,
72502676,20200519,756,KY1426,N,7.529,0,0,1,1,N,N,45,98,9801,Y,37.49048,-82.49986,9,4,4,1,5,6,2,7,3,N,Y,098-KY-1426-0,2020,O,098-KY-1426  -000,098-KY-1426  -000,7.529,0,0,0,0,0,0,0,0,0,0,0,1,0,1,Non-DAC,1,0,195-0928
72798043,20220811,1206,US23,N,25.439,0,0,2,2,N,N,55,98,9801,Y,37.49249,-82.53436,5,3,6,1,1,2,2,7,3,N,N,098-US-0023-0,2022,O,098-US-0023  -000,098-US-0023  -000,25.439,0,0,0,1,0,0,1,0,0,0,0,0,0,1,Non-DAC,0,1,
72571783,20201204,1821,ZIEGLER,N,0.001,0,0,2,2,N,N,55,98,9801,Y,37.5374,-82.60503,1,3,6,1,5,6,6,6,3,N,N,098-CR-1408-0,2020,O,098-CR-1408  -000,098-CR-1408  -000,0.001,0,0,0,0,0,0,1,0,0,0,1,0,0,1,Non-DAC,1,0,195-0615
72741840,20220317,1424,US23,N,20.762,0,0,2,2,N,N,55,98,9801,Y,37.44283,-82.52219,3,3,3,1,1,2,2,1,3,N,N,098-US-0023-10,2022,O,098-US-0023  -010,098-US-0023  -000,20.762,0,0,0,1,0,0,0,0,0,0,0,1,0,1,Non-DAC,0,1,
72529080,20200803,1600,US460,N,0.214,0,0,2,2,N,N,55,98,9801,Y,37.43943,-82.50932,8,3,6,1,1,2,2,7,3,N,N,098-US-0460-0,2020,O,098-US-0460  -000,098-US-0460  -000,0.214,0,0,0,1,0,0,1,0,0,0,0,1,0,1,Non-DAC,0,1,
72676968,20210929,1938,KY1426,N,9.554,0,0,2,2,N,N,45,98,9801,Y,37.51276,-82.48763,5,3,4,1,1,2,6,1,3,N,N,098-KY-1426-0,2021,O,098-KY-1426  -000,098-KY-1426  -000,9.554,0,0,0,1,0,0,0,1,0,0,0,0,0,1,Non-DAC,0,1,
72711788,20211129,1510,HAMBLEY,N,,0,0,2,2,N,N,25,98,9801,Y,37.47873,-82.52012,5,3,6,1,1,2,2,1,3,N,N,,2021,O,098-CS-1222  -000,098-CS-1222  -000,0.526,0,0,1,0,0,0,1,0,0,0,0,0,0,1,DAC,1,0,195-1100
72620282,20210412,1349,KY3496,N,0.201,0,0,2,2,N,N,35,98,9801,Y,37.46654,-82.53121,7,3,6,1,1,2,2,1,3,N,N,098-KY-3496-0,2021,O,098-KY-3496  -000,098-KY-3496  -000,0.201,0,0,0,0,0,0,0,0,0,0,0,1,0,1,DAC,0,1,
72666500,20210825,1514,US119 CROSSOVER,N,0.008,0,0,2,2,N,N,20,98,9801,Y,37.51249,-82.49979,2,97,5,1,1,3,2,8,3,N,N,098-US-0119-33,2021,O,098-US-0119  -033,098-US-0119  -033,0.008,0,0,0,0,0,0,0,0,0,0,0,0,0,1,Non-DAC,0,1,
72508890,20200608,905,NORTHGATE,N,0.019,0,0,2,2,N,N,15,98,9801,Y,37.48642,-82.50928,1,3,5,1,1,2,2,6,3,N,N,,2020,O,098-CS-1021  -000,098-CS-1021  -000,0.019,0,0,1,1,0,0,1,0,0,0,0,0,0,1,Non-DAC,1,0,195-0950
72493770,20200407,2144,NORTHGATE,N,0.04,0,0,1,1,N,N,15,98,9801,Y,37.48668,-82.50948,9,5,4,1,1,2,5,6,3,N,Y,098-CS-1021-0,2020,O,098-CS-1021  -000,098-CS-1021  -000,0.04,0,0,0,0,0,0,1,0,1,1,0,1,0,1,Non-DAC,0,1,
72796849,20220809,928,KY1426,N,7.07,0,0,2,2,N,N,55,98,9801,Y,37.48777,-82.50712,5,3,6,1,1,2,2,1,3,N,N,098-KY-1426-0,2022,O,098-KY-1426  -000,098-KY-1426  -000,7.07,0,0,0,0,0,0,1,0,0,0,0,0,0,1,Non-DAC,1,0,195-0939
72543226,20200917,1600,MAYO TRAIL,N,,0,0,2,2,N,N,55,98,9807,Y,37.51154,-82.55064,5,3,6,1,5,3,2,7,3,N,N,098-US-0023-0,2020,O,098-US-0023  -000,098-US-0023  -000,27.49,0,0,0,0,0,0,1,0,0,0,0,0,0,1,Non-DAC,1,0,195-0808
72551018,20201009,1403,US23,N,32.023,3,0,2,2,N,N,55,98,9801,Y,37.53752,-82.60925,4,3,6,1,1,2,2,7,3,Y,N,098-US-0023-0,2020,C,098-US-0023  -000,098-US-0023  -000,32.023,0,0,0,1,0,0,1,1,0,0,0,0,0,1,Non-DAC,0,1,
72554836,20201020,627,US119,N,2.689,0,0,2,2,N,N,55,98,9801,Y,37.51406,-82.48727,5,3,6,1,1,2,5,1,3,N,N,,2020,O,098-US-0119  -010,098-US-0119  -000,2.689,0,0,0,1,0,0,1,0,0,0,0,0,0,1,DAC,1,0,195-0777
72756387,20220412,1532,US23,N,26.317,0,0,2,2,N,N,55,98,9801,Y,37.50413,-82.53242,5,3,6,1,1,2,2,1,3,N,N,098-US-0023-10,2022,O,098-US-0023  -010,098-US-0023  -000,26.317,0,0,0,1,0,0,1,0,0,0,0,0,0,1,Non-DAC,0,1,
72842574,20221213,735,HAMBLEY,N,1.641,0,0,2,2,N,N,35,98,9801,Y,37.48212,-82.53244,1,3,6,1,1,10,2,7,3,N,N,098-CS-1222-0,2022,O,098-CS-1222  -000,098-CS-1222  -000,1.641,0,0,0,0,0,0,1,0,0,0,0,0,0,1,DAC,1,0,195-1055
72620128,20210501,700,US23,N,20.679,0,0,1,1,N,N,55,98,9801,Y,37.44287,-82.52156,9,97,6,1,1,2,2,1,3,N,N,098-US-0023-0,2021,O,098-US-0023  -000,098-US-0023  -000,20.679,0,0,0,0,0,0,0,0,0,0,0,1,0,1,Non-DAC,1,0,195-1301