MasterFile,CollisionDate,CollisionTime,RoadwayName,ParkingLotIndicator,Milepoint,NumberInjured,NumberKilled,ofUnits,ofMotorVehicleUnits,Hit&RunIndicator,OneWayIndicator,SpeedLimitNumber,CountyCode,CityCountyCode,InCityLimitsIndicator,Latitude,Longitude,MannerofCollisionCode,LocationFirstEventCode,RoadwayCharacterCode,RoadwaySurfaceCode,RoadwayConditionCode,WeatherCode,LightConditionCode,LandUseCode,SchoolBusRelatedCode,FirstAidSceneIndicator,PropertyDamageIndicator,RT_UNIQUE,YR,KABCO,WorkingRID,KTC_RT,KTC_MP,Motorcyclist,Commercial Vehicle,Young Driver,Mature Driver,Pedestrian,Bicyclist,Distracted,Aggressive,Impaired,Unrestrained,Intersection,Roadway Departure,Median Cross-over,CityCrash,DACid,Int_Crash,Seg_Crash,Int_ID
72792327,20220802,1313,ELM,N,0.079,1,0,1,1,N,N,15,98,9801,Y,37.478,-82.52245,9,5,1,1,1,2,2,1,3,Y,Y,098-CS-1169-0,2022,C,098-CS-1169  -000,098-CS-1169  -000,0.079,0,0,0,1,0,0,0,0,0,0,0,1,0,1,DAC,0,1,
72568874,20201125,1717,MAYO,N,29.656,0,0,3,3,N,N,55,98,9801,Y,37.53225,-82.57748,5,3,6,1,1,3,3,7,3,N,N,098-US-0023-10,2020,O,098-US-0023  -010,098-US-0023  -000,29.656,0,0,0,0,0,0,1,0,0,1,0,0,0,1,Non-DAC,0,1,
72441090,20191122,1700,US23,N,27.403,0,0,2,2,N,N,55,98,9807,Y,37.51093,-82.54927,5,3,6,1,1,2,2,7,3,N,N,,2019,O,098-US-0023  -010,098-US-0023  -000,27.403,0,0,0,0,0,0,1,0,0,0,0,0,0,1,Non-DAC,1,0,195-0811
72601490,20210309,759,,N,0.244,0,0,2,2,N,N,35,98,9801,Y,37.47334,-82.53337,5,3,6,1,1,2,2,1,3,N,N,,2021,O,098-US-0023  -131,098-US-0023  -131,0.244,0,0,0,0,0,0,1,0,0,0,0,0,0,1,DAC,0,1,
72466338,20200121,1615,MAYO,N,20.758,1,0,2,2,N,N,55,98,9801,Y,37.44281,-82.52209,5,3,3,1,1,2,2,7,3,N,N,,2020,C,098-US-0023  -010,098-US-0023  -000,20.758,0,0,0,1,0,0,1,0,0,0,1,0,0,1,Non-DAC,0,1,
72472346,20200204,1652,US119 TURN LANE,N,0.006,0,0,2,2,N,N,55,98,9801,Y,37.50375,-82.53167,8,3,6,1,5,6,2,1,3,N,N,,2020,O,098-US-0119  -021,098-US-0119  -021,0.006,0,0,0,1,0,0,1,0,0,0,0,1,0,1,Non-DAC,1,0,195-0861
72503536,20200514,609,US23,N,,1,0,2,2,N,N,55,98,9801,Y,37.50375,-82.53216,5,3,6,1,1,2,2,1,3,Y,N,,2020,A,098-US-0023  -000,098-US-0023  -000,26.29,0,1,0,0,0,0,0,0,0,1,0,0,0,1,Non-DAC,0,1,
72536673,20200822,1048,US23,N,21.543,1,0,2,2,N,N,55,98,9801,Y,37.45265,-82.52293,1,3,6,1,1,2,2,7,3,Y,N,098-US-0023-0,2020,C,098-US-0023  -000,098-US-0023  -000,21.543,0,0,0,1,0,0,1,0,0,0,0,0,0,1,Non-DAC,1,0,195-1272
72660310,20210812,731,US23,N,26.288,0,0,2,2,N,N,55,98,9801,Y,37.50373,-82.53215,5,3,6,1,1,2,2,1,3,N,N,,2021,O,098-US-0023  -000,098-US-0023  -000,26.288,0,0,0,1,0,0,1,0,0,0,0,0,0,1,Non-DAC,0,1,
72759628,20220509,1642,US23,N,26.013,0,0,2,2,N,N,55,98,9801,Y,37.49982,-82.53152,5,3,6,1,1,2,2,7,3,N,N,098-US-0023-0,2022,O,098-US-0023  -000,098-US-0023  -000,26.013,0,0,0,0,0,0,1,0,0,0,0,0,0,1,Non-DAC,0,1,
72714942,20211217,1618,US23,N,21.496,4,0,3,3,Y,N,55,98,9801,Y,37.45173,-82.52335,1,3,6,1,1,3,2,1,3,N,N,098-US-0023-0,2021,B,098-US-0023  -000,098-US-0023  -000,21.496,0,0,1,0,0,0,0,1,1,1,0,0,0,1,Non-DAC,1,0,195-1274
72664805,20210830,1717,KY1460,N,6.657,0,0,2,2,N,N,45,98,9801,Y,37.48356,-82.53848,5,3,6,1,1,3,2,1,3,N,N,098-KY-1460-0,2021,O,098-KY-1460  -000,098-KY-1460  -000,6.657,0,0,1,1,0,0,1,0,0,0,0,0,0,1,Non-DAC,1,0,195-1021
72691528,20211102,753,OWSLEY,N,7.519,0,0,2,2,N,N,15,98,9801,Y,37.48347,-82.53463,5,3,6,1,5,6,2,7,3,N,N,098-KY-1384-0,2021,O,098-KY-1384  -000,098-KY-1384  -000,7.519,0,0,1,0,0,0,0,0,0,0,0,0,0,1,DAC,1,0,195-1009
72727475,20220131,1050,US23,N,26.277,0,0,2,2,N,N,55,98,9801,Y,37.50356,-82.53214,5,3,6,1,1,3,2,7,3,N,N,098-US-0023-0,2022,O,098-US-0023  -000,098-US-0023  -000,26.277,0,0,0,0,0,0,0,0,0,0,0,0,0,1,Non-DAC,0,1,
72685547,20211019,1700,US23,N,20.64,0,0,2,2,N,N,55,98,9801,Y,37.44302,-82.51992,1,3,3,1,1,2,2,1,3,N,N,098-US-0023-10,2021,O,098-US-0023  -010,098-US-0023  -000,20.64,0,0,0,0,0,0,0,0,0,0,0,0,0,1,Non-DAC,1,0,195-1300
72757441,20220503,1524,US23,N,26.339,0,0,2,2,N,N,55,98,9801,Y,37.50443,-82.53247,5,3,6,1,1,2,2,2,3,N,N,,2022,O,098-US-0023  -010,098-US-0023  -000,26.339,0,0,0,0,0,0,1,0,0,0,0,0,0,1,Non-DAC,0,1,
72751320,20220416,2027,BAIRD,N,5.387,0,0,2,2,N,N,55,98,9801,Y,37.47339,-82.52714,1,3,6,1,1,2,5,1,3,N,N,098-KY-1426-0,2022,O,098-KY-1426  -000,098-KY-1426  -000,5.387,0,0,0,1,0,0,1,0,0,0,0,0,0,1,DAC,1,0,195-1174
72531137,20200813,1610,US23,N,21.541,0,0,2,2,N,N,45,98,9801,Y,37.45232,-82.52303,2,2,6,1,1,2,2,1,3,N,N,,2020,O,098-US-0023  -000,098-US-0023  -000,21.541,0,0,0,0,0,0,1,0,0,0,0,0,0,1,Non-DAC,1,0,195-1272
72507244,20200603,1228,HUFFMAN,N,0.097,0,0,2,2,N,N,15,98,9801,Y,37.47772,-82.51855,1,3,6,1,1,2,2,1,3,N,N,098-CS-1123-0,2020,O,098-CS-1123  -000,098-CS-1123  -000,0.097,0,0,0,0,0,0,0,0,1,0,0,0,0,1,DAC,1,0,195-1117
72750637,20220408,1704,US23,N,26.204,0,0,3,3,N,N,55,98,9801,Y,37.50253,-82.532,5,3,6,1,5,3,2,7,3,N,N,098-US-0023-0,2022,O,098-US-0023  -000,098-US-0023  -000,26.204,0,0,1,0,0,0,1,1,0,0,0,0,0,1,Non-DAC,1,0,195-0861
72688707,20211026,737,HAMBLEY,N,1.712,3,0,2,2,N,N,35,98,9801,Y,37.48168,-82.53329,1,3,6,1,5,6,5,1,3,Y,N,098-CS-1222-0,2021,C,098-CS-1222  -000,098-CS-1222  -000,1.712,0,0,0,0,0,0,1,0,0,1,1,0,0,1,DAC,1,0,195-1064
72574072,20201211,1939,CASSIDY,N,0.298,0,0,2,2,N,N,15,98,9801,Y,37.50505,-82.53678,2,7,6,1,1,2,7,1,3,N,N,098-CS-1191-0,2020,O,098-CS-1191  -000,098-CS-1191  -000,0.298,0,0,1,0,0,0,1,0,0,0,0,0,0,1,Non-DAC,0,1,
72705463,20211206,1238,MAYO,N,26.104,0,0,1,1,N,N,55,98,9801,Y,37.50113,-82.53197,9,6,6,1,5,6,2,1,3,N,Y,098-US-0023-10,2021,O,098-US-0023  -010,098-US-0023  -000,26.104,0,0,0,1,0,0,1,0,0,0,0,1,0,1,Non-DAC,0,1,
72676936,20210929,1602,CASSIDY,N,0.054,0,0,2,2,N,N,35,98,9801,Y,37.5037,-82.53304,1,3,6,1,1,2,2,7,3,N,N,098-CS-1191-0,2021,O,098-CS-1191  -000,098-CS-1191  -000,0.054,0,0,0,0,0,0,1,0,0,0,0,0,0,1,Non-DAC,0,1,
72802194,20220901,1801,US23,N,25.72,1,0,4,4,N,N,55,98,9801,Y,37.49567,-82.53117,5,3,6,1,1,2,2,7,3,Y,N,098-US-0023-0,2022,B,098-US-0023  -000,098-US-0023  -000,25.72,0,0,0,1,0,0,1,0,0,0,0,0,0,1,Non-DAC,0,1,
72742341,20220317,2201,,N,0.238,0,0,2,2,N,Y,55,98,9801,Y,37.47928,-82.54311,5,3,2,1,1,2,5,1,3,N,N,,2022,O,098-US-0023  -231,098-US-0023  -231,0.238,0,0,0,0,0,0,1,1,0,0,1,0,0,1,DAC,1,0,195-1101
72792921,20220809,1002,BYPASS,N,6.57,0,0,2,2,N,N,45,98,9801,Y,37.48259,-82.51357,5,3,6,1,1,2,2,7,3,N,N,,2022,O,098-KY-1426  -000,098-KY-1426  -000,6.57,0,0,0,0,0,0,1,0,0,0,1,0,0,1,DAC,1,0,195-1019
72592686,20210204,1340,HAMBLEY,N,1.712,1,0,2,2,N,N,35,98,9801,Y,37.48169,-82.53329,4,3,6,1,1,2,2,7,3,Y,N,098-CS-1222-0,2021,B,098-CS-1222  -000,098-CS-1222  -000,1.712,0,0,0,0,0,0,1,1,0,0,0,0,0,1,DAC,1,0,195-1064
72547421,20200928,2310,BYPASS,N,5.575,2,0,3,3,N,N,35,98,9801,Y,37.47239,-82.5249,1,3,6,1,5,6,5,1,3,N,N,098-KY-1426-0,2020,C,098-KY-1426  -000,098-KY-1426  -000,5.575,0,0,1,0,0,0,0,0,0,0,0,0,0,1,DAC,0,1,
72586673,20210116,1355,US23,N,26.221,3,0,3,3,N,N,55,98,9801,Y,37.50286,-82.53232,5,3,6,1,5,3,2,7,3,Y,N,,2021,C,098-US-0023  -010,098-US-0023  -000,26.221,0,0,0,0,0,0,1,0,0,0,0,0,0,1,Non-DAC,1,0,195-0861
72645223,20210708,1951,US23,N,30.957,2,0,1,1,N,N,55,98,9801,Y,37.54005,-82.59243,9,3,6,1,1,2,2,7,3,Y,N,098-US-0023-0,2021,A,098-US-0023  -000,098-US-0023  -000,30.957,1,0,0,0,0,0,0,0,0,0,0,1,0,1,Non-DAC,0,1,
72694820,20211104,1703,US23,N,26.228,1,0,3,3,N,N,55,98,9801,Y,37.50287,-82.53204,5,3,6,1,1,2,2,1,3,N,N,098-US-0023-0,2021,B,098-US-0023  -000,098-US-0023  -000,26.228,0,0,0,1,0,0,1,0,0,0,0,0,0,1,Non-DAC,1,0,195-0861
72391987,20190806,1340,POPLAR,N,0.101,0,0,2,2,N,N,15,98,9801,Y,37.48,-82.52204,8,3,6,1,1,2,2,1,3,N,N,098-CS-1160-0,2019,O,098-CS-1160  -000,098-CS-1160  -000,0.101,0,0,1,0,0,0,0,0,0,1,0,1,0,1,DAC,0,1,
72653589,20210727,2114,US23,N,23.565,0,0,2,2,N,N,55,98,9801,Y,37.47109,-82.53391,8,3,6,1,1,3,7,7,3,N,N,098-US-0023-0,2021,O,098-US-0023  -000,098-US-0023  -000,23.565,0,0,0,1,0,0,1,0,0,0,0,1,0,1,DAC,0,1,
72566202,20201111,1518,US23,N,26.236,0,0,2,2,N,N,55,98,9801,Y,37.50298,-82.53206,5,3,6,1,5,6,2,7,3,N,N,,2020,O,098-US-0023  -000,098-US-0023  -000,26.236,0,0,0,0,0,0,0,0,0,0,0,0,0,1,Non-DAC,1,0,195-0861
72478364,20200215,2209,KY3496,N,0.171,0,0,2,2,N,N,35,98,9801,Y,37.46635,-82.53071,2,97,6,1,1,2,5,1,3,N,N,098-KY-3496-0,2020,O,098-KY-3496  -000,098-KY-3496  -000,0.171,0,0,0,0,0,0,1,0,0,0,0,0,0,1,DAC,0,1,
72562888,20201105,707,US23,N,25.406,2,0,2,2,N,N,55,98,9801,Y,37.49228,-82.53486,1,3,6,1,1,2,2,7,3,Y,N,098-US-0023-0,2020,A,098-US-0023  -000,098-US-0023  -000,25.406,0,0,0,1,0,0,1,0,0,0,0,1,0,1,Non-DAC,0,1,
72679041,20210930,1056,US23,N,27.366,0,0,2,2,N,N,55,98,9801,Y,37.51077,-82.54864,5,3,6,1,1,2,2,7,3,N,N,098-US-0023-10,2021,O,098-US-0023  -010,098-US-0023  -000,27.366,0,0,1,0,0,0,0,0,0,0,0,0,0,1,Non-DAC,1,0,195-0811
72707645,20211210,1705,US23,N,26.274,0,0,2,2,N,N,55,98,9801,Y,37.50353,-82.53213,5,3,6,1,5,3,2,1,3,N,N,098-US-0023-0,2021,O,098-US-0023  -000,098-US-0023  -000,26.274,0,0,1,0,0,0,0,0,0,0,0,0,0,1,Non-DAC,0,1,
72504073,20200519,1815,KY1460,N,6.648,0,0,2,2,N,N,45,98,9801,Y,37.48352,-82.53831,1,3,6,1,5,3,2,6,3,N,N,,2020,O,098-KY-1460  -000,098-KY-1460  -000,6.648,0,0,0,1,0,0,1,0,0,0,0,0,0,1,Non-DAC,1,0,195-1021
72755131,20220422,1211,KY1426,N,8.667,1,0,1,1,N,N,55,98,9801,Y,37.50068,-82.49034,9,3,5,1,1,2,2,7,3,N,N,098-KY-1426-0,2022,B,098-KY-1426  -000,098-KY-1426  -000,8.667,0,0,0,0,0,0,0,0,0,0,0,1,0,1,Non-DAC,0,1,
72732727,20220212,2205,US23,N,21.523,0,0,2,2,Y,N,55,98,9801,Y,37.45213,-82.52325,1,3,6,1,1,2,6,7,3,N,N,098-US-0023-10,2022,O,098-US-0023  -010,098-US-0023  -000,21.523,0,0,1,0,0,0,1,0,0,0,0,0,0,1,Non-DAC,1,0,195-1272
72511113,20200609,843,BYPASS,N,5.656,0,0,2,2,N,N,35,98,9801,Y,37.47263,-82.52345,5,3,6,1,1,2,2,7,3,N,N,098-KY-1426-0,2020,O,098-KY-1426  -000,098-KY-1426  -000,5.656,0,0,0,1,0,0,0,0,0,0,0,0,0,1,DAC,1,0,195-1179
72524071,20200723,1837,MAYO,N,25.707,0,0,2,2,N,N,55,98,9801,Y,37.49553,-82.53142,1,3,6,1,5,6,2,7,3,N,N,098-US-0023-10,2020,O,098-US-0023  -010,098-US-0023  -000,25.707,0,0,0,0,0,0,1,0,0,0,0,0,0,1,Non-DAC,0,1,
72523380,20200720,1715,THOMPSON,N,0.647,0,0,3,3,N,N,35,98,9801,Y,37.50528,-82.54118,1,3,6,1,1,2,2,7,3,Y,N,,2020,O,098-CS-1215  -000,098-CS-1215  -000,0.647,0,0,0,1,0,0,1,0,0,0,0,0,0,1,Non-DAC,0,1,
72635493,20210606,2111,HAMBLEY,N,0.027,0,0,2,2,N,N,35,98,9801,Y,37.47412,-82.52682,4,3,6,1,1,2,5,1,3,N,N,098-CS-1222-0,2021,O,098-CS-1222  -000,098-CS-1222  -000,0.027,0,0,0,0,0,0,1,0,0,0,0,1,0,1,DAC,1,0,195-1167
72497920,20200424,750,US23,N,26.285,0,0,2,2,N,N,55,98,9801,Y,37.50368,-82.53215,5,3,6,1,5,6,2,7,3,N,N,,2020,O,098-US-0023  -000,098-US-0023  -000,26.285,0,0,0,0,0,0,1,0,0,0,0,0,0,1,Non-DAC,0,1,
72557974,20201028,748,US23,N,26.291,0,0,3,3,N,N,55,98,9801,Y,37.50374,-82.53237,5,3,6,1,5,3,2,7,3,N,N,098-US-0023-10,2020,O,098-US-0023  -010,098-US-0023  -000,26.291,0,0,1,0,0,0,1,0,0,0,1,0,0,1,Non-DAC,0,1,
72591039,20210111,1533,HIBBARD,N,0.042,0,0,2,2,N,N,20,98,9801,Y,37.47367,-82.52674,2,3,6,1,1,3,2,7,3,N,N,,2021,O,098-CS-1053  -000,098-CS-1053  -000,0.042,0,0,0,0,0,0,1,1,0,0,0,0,0,1,DAC,1,0,195-1172
72843714,20221218,400,US23,N,19.668,0,0,1,1,N,N,55,98,9801,Y,37.44937,-82.50663,9,3,3,1,1,3,6,3,3,N,N,098-US-0023-0,2022,O,098-US-0023  -000,098-US-0023  -000,19.668,0,0,0,0,0,0,0,0,0,0,0,1,0,1,Non-DAC,1,0,195-1277
72740961,20220312,1115,US23,N,27.248,0,0,1,1,N,N,55,98,9801,Y,37.51051,-82.54622,9,3,6,1,1,2,2,7,3,N,N,098-US-0023-0,2022,O,098-US-0023  -000,098-US-0023  -000,27.248,0,0,0,0,0,0,0,0,0,1,0,1,0,1,Non-DAC,0,1,
72713981,20211225,1354,4TH,N,0.03,0,0,4,4,N,N,25,98,9801,Y,37.48295,-82.51888,3,97,6,1,1,2,2,7,3,N,Y,098-CS-1133-0,2021,O,098-CS-1133  -000,098-CS-1133  -000,0.03,0,0,0,0,0,0,1,0,1,0,0,1,0,1,DAC,1,0,195-1031
72462443,20200111,2140,MAIN,N,0.081,0,0,2,2,N,N,15,98,9801,Y,37.47879,-82.51795,2,3,6,1,5,3,5,1,3,N,N,098-CS-1112-0,2020,O,098-CS-1112  -000,098-CS-1112  -000,0.081,0,0,0,0,0,0,1,0,0,0,0,0,0,1,DAC,1,0,195-1102
72809378,20220926,1332,CASSIDY,N,0.225,0,0,2,2,N,N,35,98,9801,Y,37.5043,-82.53558,1,3,6,1,1,2,2,1,3,N,N,098-CS-1191-0,2022,O,098-CS-1191  -000,098-CS-1191  -000,0.225,0,0,0,1,0,0,1,1,0,0,0,0,0,1,Non-DAC,0,1,
72563567,20201111,1628,PEACH ORCHARD,N,0.164,0,0,2,2,N,N,35,98,9801,Y,37.47973,-82.52433,7,3,1,1,5,6,2,6,3,N,N,,2020,O,098-CS-1156  -000,098-CS-1156  -000,0.164,0,0,1,1,0,0,0,1,0,0,0,1,0,1,DAC,0,1,
72854021,20230113,1636,KY3496,N,0.157,1,0,2,2,N,N,35,98,9801,Y,37.46625,-82.53049,3,3,6,1,5,9,2,7,3,N,N,098-KY-3496-0,2023,C,098-KY-3496  -000,098-KY-3496  -000,0.162,0,0,0,1,0,0,1,0,1,1,0,1,0,1,DAC,0,1,
72563574,20201104,1215,US23,N,22.24,0,0,2,2,N,N,55,98,9801,Y,37.46063,-82.51683,8,3,3,1,1,2,2,1,3,N,N,,2020,O,098-US-0023  -010,098-US-0023  -000,22.24,0,0,0,1,0,0,0,1,0,0,0,1,0,1,Non-DAC,1,0,195-1243
72769259,20220605,339,US23,N,31.979,0,0,1,1,N,N,55,98,9801,Y,37.53758,-82.60842,9,3,6,1,1,2,6,1,3,N,N,098-US-0023-0,2022,O,098-US-0023  -000,098-US-0023  -000,31.979,0,0,0,0,0,0,0,0,0,0,0,0,0,1,Non-DAC,0,1,
72636038,20210609,1712,US23,N,27.422,0,0,2,2,N,N,55,98,9807,Y,37.51101,-82.54956,5,3,6,1,5,6,2,7,3,N,N,098-US-0023-10,2021,O,098-US-0023  -010,098-US-0023  -000,27.422,0,0,0,0,0,0,0,1,0,0,0,0,0,1,Non-DAC,0,1,
72474185,20200208,2005,CASSIDY,N,0.25,0,0,2,2,Y,N,25,98,9801,Y,37.50452,-82.53594,1,3,6,1,5,3,5,1,3,N,N,098-CS-1191-0,2020,O,098-CS-1191  -000,098-CS-1191  -000,0.25,0,0,1,0,0,0,1,0,0,0,0,0,0,1,Non-DAC,0,1,
72808284,20220920,1304,BAIRD,N,5.389,0,0,2,2,N,N,15,98,9801,Y,37.47313,-82.52716,1,3,6,1,1,2,2,7,3,N,N,098-KY-1426-0,2022,O,098-KY-1426  -000,098-KY-1426  -000,5.389,0,0,0,0,0,0,1,0,0,0,0,0,0,1,DAC,1,0,195-1174
72508664,20200601,2111,CASSIDY,N,0.318,0,0,2,2,N,N,25,98,9801,Y,37.50521,-82.5372,1,3,3,1,1,2,5,7,3,N,N,,2020,O,098-CS-1191  -000,098-CS-1191  -000,0.318,0,0,0,1,0,0,1,0,0,0,0,0,0,1,Non-DAC,0,1,
72469526,20200115,1907,WALNUT,N,0.131,0,0,2,2,N,N,15,98,9801,Y,37.48226,-82.54078,2,97,6,1,1,2,4,1,3,N,N,098-CS-1095-0,2020,O,098-CS-1095  -000,098-CS-1095  -000,0.131,0,0,0,1,0,0,1,0,0,0,0,0,0,1,Non-DAC,1,0,195-1061
72777952,20220625,1506,US23,N,17.575,0,0,1,1,N,N,55,98,9801,Y,37.42313,-82.51685,9,3,1,1,5,6,2,7,3,N,N,098-US-0023-0,2022,O,098-US-0023  -000,098-US-0023  -000,17.575,0,0,0,0,0,0,0,0,0,0,0,1,0,1,Non-DAC,0,1,
72555403,20201021,1523,KY3496,N,0.103,0,0,2,2,N,N,35,98,9801,Y,37.466,-82.52957,1,3,6,1,1,2,2,1,3,N,N,098-KY-3496-0,2020,O,098-KY-3496  -000,098-KY-3496  -000,0.103,0,0,0,1,0,0,1,0,0,0,0,0,0,1,DAC,0,1,
72598488,20210221,1744,SAAD,N,0.028,0,0,2,2,Y,N,15,98,9801,Y,37.48267,-82.52058,8,3,1,1,1,2,2,6,3,N,N,098-CS-1165-0,2021,O,098-CS-1165  -000,098-CS-1165  -000,0.028,0,0,1,0,0,0,1,0,0,0,0,0,0,1,DAC,0,1,
72543688,20200917,2042,MAYO,N,20.975,1,0,1,1,N,N,55,98,9801,Y,37.44464,-82.52542,9,97,3,1,5,5,5,1,3,Y,Y,098-US-0023-0,2020,C,098-US-0023  -000,098-US-0023  -000,20.975,0,0,0,0,0,0,0,0,0,1,0,0,0,1,Non-DAC,0,1,
72527938,20200804,837,US23,N,31.591,0,0,2,2,N,N,55,98,9801,Y,37.53688,-82.60184,5,3,6,1,1,2,2,7,3,N,N,098-US-0023-0,2020,O,098-US-0023  -000,098-US-0023  -000,31.591,0,0,0,0,0,0,0,0,0,0,0,0,0,1,Non-DAC,1,0,195-0620
72689442,20211028,1342,BYPASS,N,6.255,0,0,2,2,N,N,55,98,9801,Y,37.47842,-82.51559,1,3,6,1,5,6,2,1,3,N,N,098-KY-1426-0,2021,O,098-KY-1426  -000,098-KY-1426  -000,6.255,0,0,0,1,0,0,0,0,0,0,0,0,0,1,DAC,0,1,
72830639,20221116,400,KY1426,N,8.027,0,0,1,1,N,N,40,98,9801,Y,37.49157,-82.49162,9,3,1,1,5,6,6,1,3,N,N,098-KY-1426-0,2022,O,098-KY-1426  -000,098-KY-1426  -000,8.027,0,0,0,0,0,0,0,0,0,0,0,1,0,1,Non-DAC,0,1,
72766145,20220519,1854,US119,N,2.697,0,0,2,2,N,N,55,98,9801,Y,37.51401,-82.48712,5,3,6,1,1,3,2,7,3,N,N,098-US-0119-10,2022,O,098-US-0119  -010,098-US-0119  -000,2.697,0,0,0,0,0,0,1,0,0,0,0,0,0,1,DAC,1,0,195-0777
72542544,20200902,1716,US23,N,26.217,0,0,3,3,N,N,55,98,9801,Y,37.50272,-82.53202,1,3,6,1,5,6,2,7,3,N,N,,2020,O,098-US-0023  -000,098-US-0023  -000,26.217,0,0,1,0,0,0,0,1,0,0,0,0,1,1,Non-DAC,1,0,195-0861
72515043,20200617,1400,US23,N,20.596,0,0,2,2,N,N,55,98,9801,Y,37.4433,-82.51921,8,3,3,1,1,2,2,7,3,N,N,,2020,O,098-US-0023  -010,098-US-0023  -000,20.596,0,0,0,0,0,0,1,0,0,0,0,1,0,1,Non-DAC,0,1,
72501905,20200515,1810,MAYO,N,26.297,2,0,2,2,N,N,55,98,9801,Y,37.50385,-82.53238,4,3,6,1,1,2,2,1,3,Y,N,098-US-0023-10,2020,B,098-US-0023  -010,098-US-0023  -000,26.297,0,0,0,0,0,0,0,1,0,1,0,0,0,1,Non-DAC,0,1,
72619353,20210430,927,HAMBLEY,N,0.448,0,0,2,2,Y,N,25,98,9801,Y,37.47779,-82.52089,8,3,6,1,1,2,2,1,3,N,N,098-CS-1222-0,2021,O,098-CS-1222  -000,098-CS-1222  -000,0.448,0,0,0,0,0,0,0,0,0,0,0,0,0,1,DAC,0,1,
72767280,20220530,1540,KY3218,N,0.008,0,0,2,2,N,N,45,98,9801,Y,37.53709,-82.60155,5,3,4,1,1,2,2,7,3,N,N,,2022,O,098-KY-3218  -000,098-KY-3218  -000,0.008,0,0,0,0,0,0,1,0,0,0,0,0,0,1,Non-DAC,1,0,195-0620
72535496,20200824,614,SCOTT,N,0.13,0,0,2,1,N,Y,15,98,9801,Y,37.48316,-82.51734,9,97,6,2,1,2,2,6,3,N,N,,2020,O,098-CS-1116  -000,098-CS-1116  -000,0.13,0,0,0,0,0,1,0,0,0,0,0,0,0,1,DAC,1,0,195-1017
72754250,20220415,953,US23,N,29.603,0,0,2,2,N,N,55,98,9801,N,37.53159,-82.57696,8,3,6,1,1,2,2,1,3,N,N,098-US-0023-0,2022,O,098-US-0023  -000,098-US-0023  -000,29.603,0,0,0,1,0,0,1,0,0,0,0,1,0,1,Non-DAC,0,1,
72478360,20200217,1716,MAYO,N,26.175,0,0,2,2,N,N,55,98,9801,Y,37.50212,-82.53194,5,3,6,1,1,3,2,1,3,N,N,098-US-0023-0,2020,O,098-US-0023  -000,098-US-0023  -000,26.175,0,0,0,0,0,0,1,0,0,0,0,0,0,1,Non-DAC,1,0,195-0861
72552990,20201014,1548,BYPASS,N,5.848,0,0,2,2,N,N,55,98,9801,Y,37.47385,-82.52029,8,7,4,1,1,2,8,1,3,N,N,098-KY-1426-0,2020,O,098-KY-1426  -000,098-KY-1426  -000,5.848,0,0,1,0,0,0,0,0,0,0,0,0,0,1,DAC,0,1,
72630489,20210524,2308,KY3218,N,3.236,2,0,1,1,N,N,55,98,9801,Y,37.56206,-82.55688,9,3,1,1,1,2,6,7,3,Y,N,098-KY-3218-0,2021,A,098-KY-3218  -000,098-KY-3218  -000,3.236,0,0,1,0,0,0,1,0,0,1,0,1,0,1,Non-DAC,0,1,
72466488,20200122,721,BAIRD,N,5.393,0,0,2,2,N,N,25,98,9801,Y,37.47329,-82.52715,8,97,6,1,1,2,2,7,3,N,N,098-KY-1426-0,2020,O,098-KY-1426  -000,098-KY-1426  -000,5.393,0,0,0,1,0,0,1,0,0,0,0,1,0,1,DAC,1,0,195-1174
72724092,20220123,1858,CHLOE,N,,0,0,1,1,Y,N,35,98,9801,Y,37.47744,-82.5051,9,5,6,1,5,3,5,5,3,N,N,098-KY-1460-0,2022,O,098-KY-1460  -000,098-KY-1460  -000,4.443,0,0,0,0,0,0,0,1,0,0,0,1,0,1,Non-DAC,0,1,
72657996,20210811,1133,KY1426,N,6.894,0,0,2,2,N,N,35,98,9801,Y,37.48658,-82.50854,5,3,6,1,1,2,2,7,3,N,N,098-KY-1426-0,2021,O,098-KY-1426  -000,098-KY-1426  -000,6.894,0,0,1,0,0,0,1,0,0,0,0,0,0,1,Non-DAC,0,1,
72505044,20200521,916,BYPASS,N,6.594,0,0,3,3,N,N,55,98,9801,Y,37.48291,-82.51339,5,3,6,1,1,2,2,1,3,N,Y,098-KY-1426-0,2020,O,098-KY-1426  -000,098-KY-1426  -000,6.594,0,0,0,1,0,0,0,0,1,0,0,0,0,1,DAC,1,0,195-1019
72743010,20220318,1528,MAIN,N,0.079,0,0,1,1,N,N,15,98,9801,Y,37.47877,-82.51796,9,4,6,1,1,2,2,1,3,N,Y,098-CS-1112-0,2022,O,098-CS-1112  -000,098-CS-1112  -000,0.079,0,0,0,0,0,0,0,0,0,0,0,1,0,1,DAC,1,0,195-1102
72457795,20191231,726,US23,N,25.747,0,0,2,2,N,N,55,98,9801,Y,37.49603,-82.53111,8,3,3,1,1,2,5,7,3,N,N,,2019,O,098-US-0023  -000,098-US-0023  -000,25.747,0,0,0,0,0,0,1,0,0,0,0,1,0,1,Non-DAC,0,1,