MasterFile,CollisionDate,CollisionTime,RoadwayName,ParkingLotIndicator,Milepoint,NumberInjured,NumberKilled,ofUnits,ofMotorVehicleUnits,Hit&RunIndicator,OneWayIndicator,SpeedLimitNumber,CountyCode,CityCountyCode,InCityLimitsIndicator,Latitude,Longitude,MannerofCollisionCode,LocationFirstEventCode,RoadwayCharacterCode,RoadwaySurfaceCode,RoadwayConditionCode,WeatherCode,LightConditionCode,LandUseCode,SchoolBusRelatedCode,FirstAidSceneIndicator,PropertyDamageIndicator,RT_UNIQUE,YR,KABCO,WorkingRID,KTC_RT,KTC_MP,Motorcyclist,Commercial Vehicle,Young Driver,Mature Driver,Pedestrian,Bicyclist,Distracted,Aggressive,Impaired,Unrestrained,Intersection,Roadway Departure,Median Cross-over,CityCrash,DACid,Int_Crash,Seg_Crash,Int_ID
72538433,20200902,1535,US23,N,23.057,2,0,2,2,N,N,55,98,9801,Y,37.46585,-82.52813,1,3,6,1,1,3,2,1,3,Y,N,098-US-0023-0,2020,C,098-US-0023  -000,098-US-0023  -000,23.057,0,0,0,0,0,0,1,1,0,0,0,0,0,1,DAC,0,1,
72612742,20210407,532,US23,N,31.18,0,0,1,1,N,N,55,98,9801,Y,37.53755,-82.59462,9,3,3,1,1,2,6,1,3,N,Y,098-US-0023-10,2021,O,098-US-0023  -010,098-US-0023  -000,31.18,0,0,0,0,0,0,0,0,0,0,0,1,0,1,Non-DAC,0,1,
72658667,20210810,1534,US23,N,27.366,0,0,2,2,N,N,55,98,9801,Y,37.51106,-82.54951,8,3,6,1,1,2,2,1,3,N,N,098-US-0023-0,2021,O,098-US-0023  -000,098-US-0023  -000,27.366,0,0,0,1,0,0,1,0,0,0,0,1,0,1,Non-DAC,1,0,195-0811
72794104,20220814,1401,US23,N,25.379,0,0,2,2,N,N,55,98,9801,Y,37.49183,-82.53511,5,3,6,1,1,2,2,7,3,N,N,098-US-0023-0,2022,O,098-US-0023  -000,098-US-0023  -000,25.379,0,0,0,1,0,0,1,0,0,0,0,0,0,1,Non-DAC,0,1,
72632907,20210605,1009,US23,N,26.363,0,0,2,2,N,N,55,98,9801,Y,37.50476,-82.53254,5,3,6,1,1,2,2,7,3,N,N,,2021,O,098-US-0023  -010,098-US-0023  -000,26.363,0,0,0,0,0,0,1,0,0,0,0,0,0,1,Non-DAC,0,1,
72635275,20210610,1651,JULIUS,N,0.032,0,0,2,2,N,N,15,98,9801,Y,37.47664,-82.52287,7,3,6,1,5,3,2,1,3,N,N,098-CS-1156-0,2021,O,098-CS-1156  -000,098-CS-1156  -000,0.032,0,0,1,0,0,0,1,0,0,0,0,0,0,1,DAC,0,1,
72528083,20200724,1657,OWSLEY,N,6.858,2,0,2,2,N,N,45,98,9801,Y,37.47984,-82.54191,1,3,6,1,1,2,2,1,3,N,N,098-KY-1384-0,2020,C,098-KY-1384  -000,098-KY-1384  -000,6.858,0,0,0,0,0,0,1,0,0,0,0,0,0,1,DAC,1,0,195-1095
72554252,20201018,1455,US23,N,26.278,0,0,2,2,N,N,55,98,9801,Y,37.50357,-82.53214,5,3,6,1,1,2,2,1,3,N,N,,2020,O,098-US-0023  -000,098-US-0023  -000,26.278,0,0,0,0,0,0,1,0,0,0,0,0,0,1,Non-DAC,0,1,
72794716,20220810,1655,US23,N,21.321,0,0,4,4,N,N,55,98,9801,Y,37.44946,-82.52471,3,3,6,1,1,3,2,1,3,Y,Y,098-US-0023-10,2022,O,098-US-0023  -010,098-US-0023  -000,21.321,0,0,0,0,0,0,0,0,0,0,0,1,0,1,Non-DAC,1,0,195-1278
72456991,20191228,2323,MAIN,N,0.13,0,0,2,2,N,N,25,98,9801,Y,37.47958,-82.51748,5,7,6,1,1,3,5,1,3,N,N,098-CS-1112-0,2019,O,098-CS-1112  -000,098-CS-1112  -000,0.13,0,0,0,0,0,0,0,0,1,0,0,0,0,1,DAC,1,0,195-1087
72503359,20200520,1140,THOMPSON,N,0.673,0,0,2,2,N,N,35,98,9801,Y,37.50518,-82.54089,8,3,6,1,1,3,2,7,3,N,N,098-CS-1215-0,2020,O,098-CS-1215  -000,098-CS-1215  -000,0.673,0,0,1,1,0,0,1,0,0,0,0,1,0,1,Non-DAC,0,1,
72789018,20220801,951,US23,N,23.067,0,0,1,1,N,N,55,98,9801,Y,37.46595,-82.52814,9,2,6,1,5,3,2,7,3,N,Y,098-US-0023-0,2022,O,098-US-0023  -000,098-US-0023  -000,23.067,0,0,0,0,0,0,0,0,0,0,0,1,0,1,DAC,0,1,
72621826,20210506,1718,US23,N,26.364,0,0,3,3,N,N,55,98,9801,Y,37.50482,-82.53238,6,3,6,1,1,2,2,1,3,N,N,098-US-0023-10,2021,O,098-US-0023  -010,098-US-0023  -000,26.364,0,0,0,0,0,0,1,0,0,0,0,0,0,1,Non-DAC,0,1,
72685970,20211021,1530,BYPASS,N,6.111,0,0,2,2,N,N,35,98,9801,Y,37.47684,-82.51714,5,3,6,1,1,3,2,7,3,N,N,098-KY-1426-0,2021,O,098-KY-1426  -000,098-KY-1426  -000,6.111,0,0,1,0,0,0,0,0,0,0,0,0,0,1,DAC,1,0,195-1125
72499980,20200508,2137,US23,N,25.563,0,0,1,1,N,N,55,98,9801,Y,37.49382,-82.53286,9,97,6,1,5,10,6,7,3,N,N,,2020,O,098-US-0023  -000,098-US-0023  -000,25.563,0,0,1,0,0,0,0,0,0,0,0,1,0,1,Non-DAC,1,0,195-0912
72550686,20201005,1752,BYPASS,N,5.705,0,0,2,2,N,N,35,98,9801,Y,37.47286,-82.5226,5,3,6,1,1,2,2,1,3,N,N,,2020,O,098-KY-1426  -000,098-KY-1426  -000,5.705,0,0,0,0,0,0,1,1,0,0,0,0,0,1,DAC,1,0,195-1178
72642305,20210629,1620,HUFFMAN,N,0.019,0,0,2,2,N,N,25,98,9801,Y,37.47704,-82.51736,5,3,6,1,1,2,2,1,3,N,N,098-CS-1123-0,2021,O,098-CS-1123  -000,098-CS-1123  -000,0.019,0,0,0,0,0,0,1,0,0,0,0,0,0,1,DAC,1,0,195-1123
72499053,20200505,1033,US23,N,23.061,0,0,2,2,N,N,55,98,9801,Y,37.46593,-82.52804,5,3,6,1,5,6,2,7,3,N,N,098-US-0023-0,2020,O,098-US-0023  -000,098-US-0023  -000,23.061,0,0,0,1,0,0,0,0,0,0,0,0,0,1,DAC,0,1,
72632174,20210521,1257,CHLOE,N,3.819,1,0,1,1,N,N,45,98,9801,Y,37.47723,-82.49359,9,4,2,1,1,2,2,6,3,Y,N,,2021,C,098-KY-1460  -000,098-KY-1460  -000,3.819,0,0,0,0,0,0,1,0,0,0,0,1,0,1,Non-DAC,0,1,
72560284,20201103,940,BYPASS,N,5.83,0,0,2,2,N,N,55,98,9801,Y,37.47373,-82.52059,5,3,6,1,1,2,2,1,3,N,N,098-KY-1426-0,2020,O,098-KY-1426  -000,098-KY-1426  -000,5.83,0,0,1,0,0,0,1,0,0,0,0,0,0,1,DAC,0,1,
72612184,20210331,724,US23,N,20.742,2,0,2,2,N,N,55,98,9801,Y,37.44296,-82.52277,1,3,3,1,5,3,3,1,3,Y,N,098-US-0023-0,2021,A,098-US-0023  -000,098-US-0023  -000,20.742,0,0,0,1,0,0,1,0,0,0,0,0,1,1,Non-DAC,0,1,
72676308,20210817,2051,US23,N,31.08,0,0,1,1,N,N,55,98,9801,Y,37.53875,-82.59377,9,3,6,1,5,6,6,7,3,N,N,,2021,O,098-US-0023  -000,098-US-0023  -000,31.08,0,0,0,0,0,0,1,1,0,0,0,1,0,1,Non-DAC,0,1,
72583232,20201230,1857,US23,N,29.524,0,0,2,2,N,N,45,98,9807,Y,37.53057,-82.57635,8,6,6,1,1,2,6,1,3,N,N,,2020,O,098-US-0023  -000,098-US-0023  -000,29.524,0,1,0,1,0,0,0,0,0,1,0,1,0,1,Non-DAC,0,1,
72781929,20220711,1608,US119,N,0.485,1,0,2,2,N,N,55,98,9801,Y,37.50631,-82.52394,5,3,4,1,1,2,2,7,3,Y,N,098-US-0119-0,2022,B,098-US-0119  -000,098-US-0119  -000,0.485,0,1,0,0,0,0,1,0,0,0,0,0,0,1,Non-DAC,0,1,
72568509,20201124,1810,US23,N,27.369,0,0,3,3,N,N,55,98,9801,Y,37.51078,-82.54873,5,3,6,1,1,2,5,7,3,N,N,098-US-0023-0,2020,O,098-US-0023  -000,098-US-0023  -000,27.369,0,0,1,0,0,0,0,0,0,0,0,0,0,1,Non-DAC,1,0,195-0811
72958466,20231012,1750,US23,N,23.979,0,0,2,2,N,N,45,98,9801,Y,37.47546,-82.53823,5,3,6,1,1,2,2,2,3,N,N,098-US-0023-0,2023,O,098-US-0023  -000,098-US-0023  -000,23.912,0,0,0,0,0,0,1,1,0,0,0,0,0,1,DAC,0,1,
72986031,20231129,640,US23,N,22.28,0,0,1,1,N,N,55,98,9801,Y,37.46157,-82.51691,9,3,3,1,1,2,6,7,3,N,N,098-US-0023-0,2023,O,098-US-0023  -000,098-US-0023  -000,22.239,0,0,0,0,0,0,0,0,0,0,0,0,0,1,Non-DAC,1,0,195-1243
72901692,20230517,1418,KY1426,N,6.921,2,0,2,2,N,N,45,98,9801,Y,37.48627,-82.50911,5,3,6,1,1,2,2,7,3,Y,N,098-KY-1426-0,2023,C,098-KY-1426  -000,098-KY-1426  -000,6.926,0,0,0,0,0,0,1,0,0,0,0,0,0,1,Non-DAC,1,0,195-0950
72947656,20230911,1233,KY3227 CROSSOVER,N,0.005,1,0,2,1,N,N,55,98,9801,Y,37.51044,-82.54823,9,3,6,1,1,3,2,1,3,Y,N,098-KY-3227-30,2023,A,098-KY-3227  -030,098-KY-3227  -030,0,0,0,0,0,0,1,0,0,0,0,0,0,0,1,Non-DAC,1,0,195-0811
72927253,20230721,1224,JULIUS,N,0.005,0,0,1,1,N,N,15,98,9801,Y,37.47629,-82.52264,9,4,4,1,1,2,2,6,3,N,N,098-CS-1156-0,2023,O,098-CS-1156  -000,098-CS-1156  -000,0.004,0,0,0,0,0,0,0,0,0,1,0,1,0,1,DAC,1,0,195-1141
72848427,20221218,2102,CEDAR HILLS,N,4.531,0,0,2,2,N,N,35,98,9801,Y,37.46196,-82.52892,1,3,3,1,97,2,6,6,3,N,N,098-KY-1426-0,2022,O,098-KY-1426  -000,098-KY-1426  -000,4.531,0,0,0,0,0,0,0,1,0,0,0,0,0,1,Non-DAC,0,1,
72880036,20230323,837,KY1460,N,6.679,0,0,1,1,N,N,45,98,9801,Y,37.48358,-82.53888,9,3,6,1,1,2,2,7,3,N,N,098-KY-1460-0,2023,O,098-KY-1460  -000,098-KY-1460  -000,6.633,0,0,0,1,0,0,0,0,0,0,0,0,0,1,Non-DAC,1,0,195-1026
72894031,20230413,1054,KY3496,N,0.131,0,0,2,2,N,N,35,98,9801,Y,37.46613,-82.53004,4,3,6,1,1,2,2,7,3,N,N,098-KY-3496-0,2023,O,098-KY-3496  -000,098-KY-3496  -000,0.137,0,0,0,0,0,0,1,0,0,0,0,0,0,1,DAC,0,1,
72901691,20230517,1218,US23,N,21.658,0,0,2,2,N,N,55,98,9801,Y,37.45374,-82.52194,8,3,6,1,1,2,2,7,3,N,N,098-US-0023-0,2023,O,098-US-0023  -000,098-US-0023  -000,21.59,0,0,0,0,0,0,0,0,0,0,0,1,0,1,Non-DAC,0,1,
72981128,20231201,1433,KY1426,N,9.148,2,0,2,2,N,N,55,98,9801,Y,37.50727,-82.48913,1,3,1,1,5,6,2,1,3,N,N,098-KY-1426-0,2023,C,098-KY-1426  -000,098-KY-1426  -000,9.137,0,0,0,0,0,0,0,0,0,0,0,0,0,1,Non-DAC,0,1,
72870149,20230228,1123,KY1426,N,8.28,0,0,2,2,N,N,45,98,9801,Y,37.49535,-82.49103,1,3,4,1,1,2,2,7,3,N,N,,2023,O,098-KY-1426  -000,098-KY-1426  -000,8.3,0,0,0,1,0,0,1,0,0,0,0,0,0,1,Non-DAC,0,1,
72877545,20230315,1714,KY1426,N,7.151,1,0,2,2,N,N,55,98,9801,Y,37.48854,-82.50616,5,3,6,1,1,3,2,7,3,Y,N,098-KY-1426-0,2023,B,098-KY-1426  -000,098-KY-1426  -000,7.151,0,0,0,0,0,0,1,0,0,0,0,0,0,1,Non-DAC,0,1,
72949266,20230921,1737,CHLOE,N,2.585,0,0,2,2,N,N,45,98,9801,Y,37.46678,-82.47887,7,3,4,1,1,2,2,7,3,N,N,098-KY-1460-0,2023,O,098-KY-1460  -000,098-KY-1460  -000,2.56,0,0,1,0,0,0,0,0,0,0,0,1,0,1,Non-DAC,0,1,
72837197,20221203,1318,BROAD BOTTOM,N,0.104,0,0,2,2,N,N,35,98,9801,Y,37.53094,-82.57867,1,3,6,3,5,3,2,7,3,Y,N,098-CR-1419-0,2022,O,098-CR-1419  -000,098-CR-1419  -000,0.104,0,0,0,0,0,0,1,0,0,0,0,0,0,1,Non-DAC,0,1,
72818564,20221019,1546,MAYO,N,0.016,0,0,2,2,N,N,35,98,9801,Y,37.49473,-82.53253,5,3,6,1,1,2,2,6,3,N,N,,2022,O,098-PR-1326  -000,098-PR-1326  -000,0.016,0,0,0,0,0,0,0,0,0,0,0,0,0,1,Non-DAC,1,0,195-0912
72965176,20231027,1534,US119,N,0.236,1,0,2,2,N,N,55,98,9801,Y,37.50487,-82.52805,5,3,6,1,1,2,2,1,3,Y,N,098-US-0119-10,2023,C,098-US-0119  -010,098-US-0119  -000,0.236,0,0,0,0,0,0,1,0,0,0,0,0,0,1,Non-DAC,0,1,
72975783,20231120,847,TOWN MOUNTAIN,N,8.169,0,0,1,1,N,N,55,98,9801,Y,37.49374,-82.49116,9,3,4,1,1,2,2,1,3,N,N,098-KY-1426-0,2023,O,098-KY-1426  -000,098-KY-1426  -000,8.188,0,0,1,0,0,0,0,0,0,0,0,0,0,1,Non-DAC,0,1,
72857520,20230121,1747,US23,N,26.408,0,0,2,2,N,N,55,98,9801,Y,37.50538,-82.53275,5,3,6,1,1,2,2,7,3,N,N,098-US-0023-10,2023,O,098-US-0023  -010,098-US-0023  -000,26.345,0,0,0,0,0,0,0,0,1,0,0,0,0,1,Non-DAC,0,1,
72866524,20230216,1853,BOB AMOS,N,1.43,0,0,1,1,N,N,15,98,9801,Y,37.47057,-82.54002,9,97,6,1,5,6,4,1,3,N,N,098-CS-1025-0,2023,O,098-CS-1025  -000,098-CS-1025  -000,1.439,0,0,0,0,0,0,0,0,0,0,0,1,0,1,Non-DAC,0,1,
72807473,20220920,1643,KY3496 TURN LANE,N,0.025,0,0,2,2,N,N,35,98,9801,Y,37.46557,-82.52829,5,3,6,1,1,2,2,1,3,N,N,098-KY-3496-20,2022,O,098-KY-3496  -020,098-KY-3496  -020,0.025,0,0,0,0,0,0,1,0,0,0,0,0,0,1,DAC,1,0,195-1219
72956689,20231002,1530,US23,N,25.565,3,0,3,3,N,Y,55,98,9801,Y,37.49385,-82.53283,5,3,6,1,1,2,2,7,3,Y,N,,2023,B,098-US-0023  -000,098-US-0023  -000,25.503,0,0,0,1,0,0,1,0,0,0,0,0,0,1,Non-DAC,0,1,
72832119,20221119,155,US23,N,30.587,0,0,1,1,N,N,55,98,9801,Y,37.54266,-82.58655,9,3,3,1,1,2,6,7,3,N,N,098-US-0023-10,2022,O,098-US-0023  -010,098-US-0023  -000,30.587,0,0,0,0,0,0,0,0,0,0,0,0,0,1,Non-DAC,0,1,
72880213,20230325,2241,US23,N,26.637,0,0,1,1,N,N,55,98,9801,Y,37.5079,-82.53539,9,3,3,1,1,2,6,7,3,N,N,098-US-0023-0,2023,O,098-US-0023  -000,098-US-0023  -000,26.583,0,0,1,0,0,0,0,0,0,0,0,0,0,1,Non-DAC,0,1,
72966553,20231030,1421,,N,0.074,1,0,1,1,N,N,55,98,9801,Y,37.43695,-82.51054,9,3,1,1,5,6,2,7,3,Y,Y,,2023,C,098-US-0023  -421,098-US-0023  -421,0.074,0,0,1,0,0,0,0,0,0,0,0,1,0,1,Non-DAC,1,0,195-2088
72981103,20231129,1656,HAMBLEY,N,0.901,1,0,2,2,N,N,35,98,9801,Y,37.48358,-82.5203,1,3,6,1,1,2,2,1,3,N,N,098-CS-1222-0,2023,B,098-CS-1222  -000,098-CS-1222  -000,0.9,0,0,0,0,0,0,0,1,1,0,1,0,0,1,DAC,1,0,195-1007
72887410,20230405,2142,LEE,N,,0,0,2,2,N,N,25,98,9801,Y,37.50306,-82.53511,8,3,6,1,5,6,5,1,3,N,N,,2023,O,098-CS-1261  -000,098-CS-1261  -000,0.004,0,0,0,0,0,0,1,0,0,0,0,1,0,1,Non-DAC,0,1,
72927252,20230721,1659,HUFFMAN,N,0.018,0,0,2,2,N,N,15,98,9801,Y,37.47704,-82.51734,1,3,6,1,1,2,2,7,3,N,N,098-CS-1123-0,2023,O,098-CS-1123  -000,098-CS-1123  -000,0.018,0,0,0,0,0,0,1,0,0,0,0,0,0,1,DAC,1,0,195-1123
72881981,20230325,2311,US23,N,27.147,0,0,1,1,N,N,55,98,9801,Y,37.51051,-82.54417,9,3,6,1,97,2,7,7,3,N,N,098-US-0023-0,2023,O,098-US-0023  -000,098-US-0023  -000,27.117,0,0,0,0,0,0,0,0,0,0,0,0,0,1,Non-DAC,0,1,
72860328,20230131,1120,US23,N,21.714,0,0,2,2,N,N,55,98,9801,Y,37.45435,-82.5213,8,3,6,1,5,6,2,7,3,N,N,098-US-0023-0,2023,O,098-US-0023  -000,098-US-0023  -000,21.645,0,0,0,0,0,0,1,0,0,1,0,1,0,1,Non-DAC,0,1,
72953086,20230926,843,US23,N,20.909,0,0,2,2,N,N,55,98,9801,Y,37.44389,-82.5246,5,3,3,1,1,2,2,1,3,N,N,,2023,O,098-US-0023  -000,098-US-0023  -000,20.838,0,0,1,0,0,0,1,0,1,0,0,0,0,1,Non-DAC,0,1,
72962338,20231021,1108,US23,N,27.378,0,0,2,2,N,N,55,98,9801,Y,37.51082,-82.54884,5,3,6,1,1,2,2,7,3,N,N,,2023,O,098-US-0023  -010,098-US-0023  -000,27.375,0,0,0,1,0,0,1,1,0,0,1,0,0,1,Non-DAC,1,0,195-0811
72839642,20221201,2336,CHLOE,N,2.929,0,0,1,1,N,N,45,98,9801,Y,37.47065,-82.48123,9,6,4,1,1,2,6,7,3,N,N,098-KY-1460-0,2022,O,098-KY-1460  -000,098-KY-1460  -000,2.929,0,0,1,0,0,0,1,0,0,0,0,1,0,1,Non-DAC,0,1,
72921886,20230713,1538,CASSIDY,N,0.261,0,0,2,2,N,N,35,98,9801,Y,37.50464,-82.53611,1,3,6,1,1,2,2,1,3,N,N,098-CS-1191-0,2023,O,098-CS-1191  -000,098-CS-1191  -000,0.244,0,0,0,0,0,0,1,0,0,0,0,0,0,1,Non-DAC,0,1,
72869249,20230218,2142,US23,N,30.25,2,0,2,2,N,N,55,98,9801,Y,37.54013,-82.58184,8,3,3,1,1,2,6,1,3,N,N,098-US-0023-0,2023,B,098-US-0023  -000,098-US-0023  -000,30.231,0,0,1,0,0,0,0,0,0,1,0,1,0,1,Non-DAC,0,1,
72880240,20230326,1731,CEDAR HILLS,N,2.642,1,0,1,1,N,N,55,98,9801,Y,37.45626,-82.55027,9,3,3,1,1,2,2,7,3,Y,N,098-KY-1426-0,2023,B,098-KY-1426  -000,098-KY-1426  -000,2.642,0,0,0,0,0,0,0,0,0,0,0,1,0,1,Non-DAC,0,1,
72958968,20231012,802,US23,N,25.321,1,0,2,2,N,N,55,98,9801,Y,37.49129,-82.53592,5,3,6,1,5,2,2,7,3,Y,N,098-US-0023-10,2023,C,098-US-0023  -010,098-US-0023  -000,25.258,0,0,0,0,0,0,1,0,0,0,0,0,0,1,Non-DAC,0,1,
72954054,20231002,1404,US23,N,26.754,1,0,1,1,N,N,55,98,9801,Y,37.5088,-82.5372,9,5,6,1,1,2,2,2,3,Y,N,098-US-0023-10,2023,B,098-US-0023  -010,098-US-0023  -000,26.698,0,1,0,0,0,0,0,0,0,0,0,1,0,1,Non-DAC,0,1,
72995784,20231230,1310,KY1426,N,8.107,0,0,1,1,N,N,55,98,9801,Y,37.4926,-82.49086,9,3,1,1,5,6,2,7,3,N,N,098-KY-1426-0,2023,O,098-KY-1426  -000,098-KY-1426  -000,8.109,0,0,0,0,0,0,0,0,0,0,0,1,0,1,Non-DAC,0,1,
72859042,20230120,1641,OWSLEY,N,7.504,0,0,1,1,N,N,25,98,9801,Y,37.48327,-82.53454,9,3,6,1,1,2,2,7,3,N,Y,,2023,O,098-KY-1384  -000,098-KY-1384  -000,7.504,0,0,0,0,0,0,0,0,0,0,0,1,0,1,DAC,1,0,195-1009
72916643,20230623,1558,KY3496,N,0.76,0,0,2,2,N,N,35,98,9801,Y,37.47198,-82.53025,1,3,3,1,5,6,2,1,3,N,N,098-KY-3496-0,2023,O,098-KY-3496  -000,098-KY-3496  -000,0.76,0,0,1,0,0,0,1,1,0,0,0,0,0,1,DAC,0,1,
72948128,20230829,1412,US119,N,2.694,0,0,2,2,N,N,55,98,9801,Y,37.51403,-82.48714,8,3,3,1,1,2,2,1,3,N,N,098-US-0119-10,2023,O,098-US-0119  -010,098-US-0119  -000,2.693,0,0,1,0,0,0,1,0,0,0,0,1,0,1,DAC,1,0,195-0777
72854595,20230115,1655,PIKE,N,0.137,0,0,2,2,N,Y,25,98,9801,Y,37.48085,-82.51765,7,3,6,1,1,2,2,7,3,N,N,098-CS-1113-0,2023,O,098-CS-1113  -000,098-CS-1113  -000,0.137,0,0,1,1,0,0,1,0,0,0,0,1,0,1,DAC,1,0,195-1073
72852274,20230105,706,US23,N,26.297,0,0,2,2,N,N,55,98,9801,Y,37.50384,-82.53237,5,3,6,1,1,2,5,7,3,N,N,098-US-0023-10,2023,O,098-US-0023  -010,098-US-0023  -000,26.235,0,0,0,0,0,0,0,0,0,0,0,0,0,1,Non-DAC,1,0,195-0861
72967539,20231102,1402,HAMBLEY,N,1.528,0,0,2,2,N,N,35,98,9801,Y,37.48308,-82.5304,5,5,6,1,1,2,2,7,3,N,N,098-CS-1222-0,2023,O,098-CS-1222  -000,098-CS-1222  -000,1.528,0,0,0,1,0,0,1,0,0,0,0,0,0,1,DAC,1,0,195-1029
72764682,20220502,1307,HAROLDS BRANCH,N,0.052,0,0,2,2,N,N,15,98,9801,Y,37.47215,-82.52233,2,3,6,1,1,2,2,1,3,N,N,,2022,O,098-CS-1223  -000,098-CS-1223  -000,0.052,0,0,0,1,0,0,1,0,0,0,0,0,0,1,Non-DAC,0,1,
72905246,20230526,1230,BAIRD,N,5.39,1,0,2,2,N,N,15,98,9801,Y,37.47333,-82.52716,1,3,6,1,1,2,2,7,3,Y,N,098-KY-1426-0,2023,C,098-KY-1426  -000,098-KY-1426  -000,5.391,0,0,1,0,0,0,1,0,0,0,0,0,0,1,DAC,1,0,195-1174
72879689,20230325,1429,US23,N,30.232,0,0,1,1,N,N,55,98,9801,Y,37.53985,-82.58177,9,5,6,1,1,2,2,7,3,N,N,,2023,O,098-US-0023  -000,098-US-0023  -000,30.213,0,0,0,0,0,0,0,0,0,0,0,1,0,1,Non-DAC,0,1,
72831878,20221116,2110,CASSIDY,N,0.007,0,0,2,2,N,N,55,98,9801,Y,37.50375,-82.53227,3,3,6,1,1,2,5,7,3,N,N,098-CS-1191-0,2022,O,098-CS-1191  -000,098-CS-1191  -000,0.007,0,0,1,0,0,0,1,1,0,0,1,0,0,1,Non-DAC,1,0,195-0861
72835224,20221122,1643,US23 TURN LANE,N,0.008,0,0,2,2,N,N,55,98,9801,Y,37.50395,-82.53219,5,3,6,1,1,2,2,1,3,N,N,098-US-0023-20,2022,O,098-US-0023  -020,098-US-0023  -020,0.008,0,0,1,0,0,0,0,0,0,0,0,0,0,1,Non-DAC,1,0,195-0861
72874641,20230312,1648,US23,N,22.292,0,0,2,2,N,N,55,98,9801,Y,37.46136,-82.51698,1,3,3,1,5,3,2,7,3,N,N,098-US-0023-10,2023,O,098-US-0023  -010,098-US-0023  -000,22.225,0,0,1,1,0,0,1,0,0,0,0,0,0,1,Non-DAC,1,0,195-1243
72986721,20231215,1709,PEACH ORCHARD,N,0.176,0,0,2,2,N,N,15,98,9801,Y,37.4795,-82.52341,3,3,2,1,1,2,2,6,3,N,N,,2023,O,098-CS-1219  -000,098-CS-1219  -000,0.173,0,0,1,0,0,0,0,0,0,0,0,1,0,1,DAC,0,1,
72853392,20230111,1546,HAMBLEY,N,0.434,0,0,2,2,N,N,25,98,9801,Y,37.47766,-82.52111,8,3,6,1,1,2,2,8,3,N,N,098-CS-1222-0,2023,O,098-CS-1222  -000,098-CS-1222  -000,0.434,0,0,1,1,0,0,1,0,0,0,0,1,0,1,DAC,0,1,
72953487,20231001,1440,COLLEGE,N,0.244,0,0,2,2,N,N,15,98,9801,Y,37.47485,-82.52505,2,3,6,1,1,2,2,6,3,N,N,,2023,O,098-CS-1152  -000,098-CS-1152  -000,0.166,0,0,0,0,0,0,0,0,0,0,0,0,0,1,DAC,0,1,
72935505,20230816,745,BYPASS,N,6.207,0,0,2,2,N,N,35,98,9801,Y,37.47786,-82.51608,1,3,6,1,1,2,2,7,3,N,N,098-KY-1426-0,2023,O,098-KY-1426  -000,098-KY-1426  -000,6.207,0,0,0,0,0,0,1,0,0,0,0,0,0,1,DAC,1,0,195-1116
72902738,20230522,1340,NORTHMONTE,N,0.005,0,0,1,1,Y,N,15,98,9801,Y,37.48362,-82.53853,9,97,6,1,1,2,2,6,3,N,Y,098-CS-1098-0,2023,O,098-CS-1098  -000,098-CS-1098  -000,0.005,0,0,0,0,0,0,0,0,0,0,0,1,0,1,Non-DAC,1,0,195-1026
72964787,20231026,1559,OWENS,N,0.006,0,0,2,2,N,N,15,98,9801,Y,37.48691,-82.52828,3,3,5,1,1,2,2,6,3,N,N,,2023,O,098-PR-1185  -000,098-PR-1185  -000,0.001,0,0,0,0,0,0,1,0,0,0,0,1,0,1,DAC,1,0,195-0945
72896422,20230504,1043,US23,N,24.819,0,0,2,2,N,N,55,98,9801,Y,37.48639,-82.54192,1,3,6,1,1,2,2,7,3,N,N,098-US-0023-0,2023,O,098-US-0023  -000,098-US-0023  -000,24.778,0,0,0,1,0,0,1,0,0,0,0,0,0,1,Non-DAC,1,0,195-0959
72839047,20221206,1715,,N,0.001,0,0,2,2,N,N,35,98,9801,Y,37.47928,-82.54309,5,3,5,1,5,6,5,1,3,N,N,,2022,O,098-US-0023  -241,098-US-0023  -241,0.001,0,0,0,1,0,0,1,0,0,0,0,0,0,1,DAC,1,0,195-1101
72859680,20230126,746,CHLOE,N,4.294,0,0,2,2,N,N,35,98,9801,Y,37.47663,-82.50191,7,3,6,1,5,3,2,7,3,N,N,098-KY-1460-0,2023,O,098-KY-1460  -000,098-KY-1460  -000,4.257,0,0,0,0,0,0,0,0,0,0,0,1,0,1,Non-DAC,0,1,
72943284,20230906,1644,CHLOE,N,4.222,1,0,1,1,N,N,35,98,9801,Y,37.47631,-82.50067,9,5,3,1,1,2,2,3,3,Y,Y,098-KY-1460-0,2023,B,098-KY-1460  -000,098-KY-1460  -000,4.182,0,0,1,0,0,0,1,0,0,0,0,1,0,1,Non-DAC,0,1,
72941875,20230901,1311,US119,N,2.708,0,0,2,2,N,N,55,98,9801,Y,37.51406,-82.4869,5,3,4,1,1,2,2,1,3,N,N,098-US-0119-0,2023,O,098-US-0119  -000,098-US-0119  -000,2.707,0,0,0,0,0,0,1,0,0,0,0,0,0,1,DAC,1,0,195-0777