MasterFile,CollisionDate,CollisionTime,RoadwayName,ParkingLotIndicator,Milepoint,NumberInjured,NumberKilled,ofUnits,ofMotorVehicleUnits,Hit&RunIndicator,OneWayIndicator,SpeedLimitNumber,CountyCode,CityCountyCode,InCityLimitsIndicator,Latitude,Longitude,MannerofCollisionCode,LocationFirstEventCode,RoadwayCharacterCode,RoadwaySurfaceCode,RoadwayConditionCode,WeatherCode,LightConditionCode,LandUseCode,SchoolBusRelatedCode,FirstAidSceneIndicator,PropertyDamageIndicator,RT_UNIQUE,YR,KABCO,WorkingRID,KTC_RT,KTC_MP,Motorcyclist,Commercial Vehicle,Young Driver,Mature Driver,Pedestrian,Bicyclist,Distracted,Aggressive,Impaired,Unrestrained,Intersection,Roadway Departure,Median Cross-over,CityCrash,DACid,Int_Crash,Seg_Crash,Int_ID
72945756,20230913,1114,BYPASS,N,5.666,0,0,2,2,N,N,45,98,9801,Y,37.47266,-82.52327,5,3,6,1,1,3,2,1,3,N,N,098-KY-1426-0,2023,O,098-KY-1426  -000,098-KY-1426  -000,5.667,0,0,0,0,0,0,1,0,0,0,0,0,0,1,DAC,0,1,
72869150,20230223,1215,CASSIDY,N,0.047,0,0,2,2,N,N,25,98,9801,Y,37.50369,-82.53293,1,3,6,1,1,2,2,1,3,N,N,,2023,O,098-CS-1191  -000,098-CS-1191  -000,0.045,0,0,0,0,0,0,0,1,0,0,0,0,0,1,Non-DAC,1,0,195-0861
72813587,20221005,1634,MAYO,N,27.163,0,0,2,2,N,N,55,98,9801,Y,37.51045,-82.5445,5,3,6,1,1,2,2,2,3,N,N,098-US-0023-0,2022,O,098-US-0023  -000,098-US-0023  -000,27.163,0,0,0,0,0,0,1,0,0,0,0,0,0,1,Non-DAC,0,1,
72927565,20230721,2028,CASSIDY,N,0.26,0,0,2,2,N,N,25,98,9801,Y,37.50462,-82.53609,1,3,6,1,1,2,1,1,3,N,N,098-CS-1191-0,2023,O,098-CS-1191  -000,098-CS-1191  -000,0.242,0,0,0,0,0,0,1,0,0,0,0,0,0,1,Non-DAC,0,1,
72955897,20231003,2013,COLLEGE,N,0.134,0,0,2,2,N,N,25,98,9801,Y,37.4756,-82.52363,1,3,6,1,1,2,5,7,3,N,N,098-CS-1152-0,2023,O,098-CS-1152  -000,098-CS-1152  -000,0.072,0,0,1,0,0,0,0,1,0,0,0,0,0,1,DAC,1,0,195-1148
72910245,20230605,1723,CASSIDY,N,0.057,0,0,2,2,N,N,25,98,9801,Y,37.50367,-82.53307,5,3,6,1,1,2,2,7,3,N,N,098-CS-1191-0,2023,O,098-CS-1191  -000,098-CS-1191  -000,0.053,0,0,1,0,0,0,1,1,0,0,0,0,0,1,Non-DAC,0,1,
72952158,20230926,1200,US23,N,30.527,2,0,2,2,N,N,55,98,9801,Y,37.54263,-82.58542,5,3,2,1,1,2,2,3,3,Y,N,098-US-0023-0,2023,B,098-US-0023  -000,098-US-0023  -000,30.5,0,0,0,0,0,0,1,1,0,0,0,0,0,1,Non-DAC,0,1,
72976890,20231122,1742,THOMPSON,N,0.513,0,0,2,2,N,N,35,98,9801,Y,37.50597,-82.54344,1,3,6,1,5,3,6,7,3,N,N,098-CS-1215-0,2023,O,098-CS-1215  -000,098-CS-1215  -000,0.523,0,0,0,1,0,0,1,1,0,0,0,1,0,1,Non-DAC,0,1,
72871443,20230303,1622,US23,N,19.152,0,0,2,2,N,N,55,98,9801,Y,37.44257,-82.50578,8,3,6,1,5,6,2,7,3,N,N,,2023,O,098-US-0023  -000,098-US-0023  -000,19.087,0,0,1,0,0,0,0,0,0,0,0,1,0,1,Non-DAC,0,1,
72872182,20230228,1741,US460,N,0.431,0,0,2,2,N,N,55,98,9801,Y,37.43652,-82.51097,1,3,6,1,1,3,2,7,3,N,N,098-US-0460-0,2023,O,098-US-0460  -000,098-US-0460  -000,0.433,0,0,0,0,0,0,0,1,0,0,1,0,0,1,Non-DAC,1,0,195-2087
72953043,20230922,854,OWSLEY,N,7.015,2,0,2,2,N,N,45,98,9801,Y,37.48012,-82.53938,5,3,6,1,1,2,2,1,3,Y,N,098-KY-1384-0,2023,C,098-KY-1384  -000,098-KY-1384  -000,7.01,0,0,0,0,0,0,1,0,0,0,0,0,0,1,DAC,0,1,
72972739,20231114,754,OWSLEY,N,7,0,0,1,1,N,N,45,98,9801,Y,37.48014,-82.53964,9,3,6,1,1,2,2,7,3,N,N,098-KY-1384-0,2023,O,098-KY-1384  -000,098-KY-1384  -000,6.995,0,0,0,1,0,0,0,0,0,0,0,0,0,1,DAC,0,1,
72900054,20230514,533,US23,N,22.535,0,0,1,1,N,N,55,98,9801,Y,37.46408,-82.51913,9,3,3,1,1,2,6,7,3,N,N,098-US-0023-0,2023,O,098-US-0023  -000,098-US-0023  -000,22.467,0,0,0,0,0,0,0,0,0,0,0,0,0,1,Non-DAC,1,0,195-1232
72864642,20230210,1047,US23,N,21.402,0,0,2,2,N,N,55,98,9801,Y,37.4505,-82.52405,8,3,6,1,1,2,2,7,3,N,N,098-US-0023-0,2023,O,098-US-0023  -000,098-US-0023  -000,21.335,0,0,0,1,0,0,1,0,0,0,0,1,0,1,Non-DAC,0,1,
72867166,20230220,730,US23,N,21.595,0,0,1,1,N,N,55,98,9801,Y,37.45324,-82.52229,9,5,3,1,1,3,2,7,3,N,N,098-US-0023-0,2023,O,098-US-0023  -000,098-US-0023  -000,21.55,0,0,0,0,0,0,0,0,0,0,0,1,0,1,Non-DAC,1,0,195-1272
72972200,20231110,2130,BOULDER,N,0.048,0,0,2,2,Y,N,5,98,9801,Y,37.4749,-82.48337,2,7,6,3,1,2,5,7,3,N,N,098-CS-1231-0,2023,O,098-PR-1194  -000,098-PR-1194  -000,0.048,0,0,0,0,0,0,0,0,0,0,0,0,0,1,Non-DAC,0,1,
72923074,20230715,1533,MAIN,N,0.136,1,0,2,2,N,N,25,98,9801,Y,37.47949,-82.51748,1,3,6,1,5,6,2,7,3,N,N,098-CS-1112-0,2023,C,098-CS-1112  -000,098-CS-1112  -000,0.135,0,0,0,0,0,0,0,1,0,0,0,0,0,1,DAC,1,0,195-1087
72955282,20231005,1237,US23,N,22.979,0,0,2,2,N,N,55,98,9801,Y,37.4655,-82.52664,8,3,6,1,1,2,2,2,3,N,N,098-US-0023-0,2023,O,098-US-0023  -000,098-US-0023  -000,22.912,0,1,0,1,0,0,1,1,0,0,0,1,0,1,DAC,0,1,
72920382,20230612,1544,DIVISION,N,0.038,0,0,2,2,Y,Y,15,98,9801,Y,37.48018,-82.51849,8,97,6,1,1,2,2,1,3,N,N,098-CS-1130-0,2023,O,098-CS-1130  -000,098-CS-1130  -000,0.039,0,0,0,0,0,0,0,0,0,0,0,0,0,1,DAC,1,0,195-1082
72853642,20230113,710,KY1426,N,7.9,0,0,1,1,N,N,45,98,9801,Y,37.49038,-82.49336,9,3,4,1,5,6,4,7,3,N,N,098-KY-1426-0,2023,O,098-KY-1426  -000,098-KY-1426  -000,7.9,0,0,0,0,0,0,0,0,0,0,0,1,0,1,Non-DAC,1,0,195-0926
72896371,20230501,1514,CASSIDY,N,0.05,0,0,2,2,N,N,35,98,9801,Y,37.50368,-82.53297,5,3,6,1,1,2,2,1,3,N,N,098-CS-1191-0,2023,O,098-CS-1191  -000,098-CS-1191  -000,0.047,0,0,0,0,0,0,1,0,0,0,0,0,0,1,Non-DAC,1,0,195-0861
72972787,20231108,740,US119,N,1.977,2,0,2,2,N,N,55,98,9801,N,37.51232,-82.49979,4,3,4,1,1,2,2,7,3,Y,N,098-US-0119-0,2023,B,098-US-0119  -000,098-US-0119  -000,1.977,0,0,1,0,0,0,1,1,0,0,0,1,0,1,Non-DAC,0,1,
72978023,20231120,1747,US23,N,23.062,1,0,2,2,N,N,55,98,9801,Y,37.46584,-82.52814,1,3,6,1,1,2,6,1,3,N,N,098-US-0023-10,2023,B,098-US-0023  -010,098-US-0023  -000,22.997,0,0,0,0,0,0,0,1,0,0,1,0,0,1,DAC,1,0,195-1219
72818034,20221014,124,CASSIDY,N,0.383,0,0,2,2,N,N,35,98,9801,Y,37.50486,-82.53835,1,3,6,1,1,2,2,1,3,N,N,098-CS-1191-0,2022,O,098-CS-1191  -000,098-CS-1191  -000,0.383,0,0,0,1,0,0,0,0,0,0,0,0,0,1,Non-DAC,0,1,
72930957,20230725,146,BYPASS,N,5.682,0,0,2,2,N,N,15,98,9801,Y,37.47274,-82.52299,7,97,6,2,5,3,5,1,3,N,N,098-KY-1426-0,2023,O,098-KY-1426  -000,098-KY-1426  -000,5.682,0,0,1,0,0,0,1,0,0,0,0,1,0,1,DAC,1,0,195-1178
72835223,20221117,1608,HAMBLEY,N,0.002,0,0,2,2,N,N,35,98,9801,Y,37.47399,-82.52731,1,3,6,1,1,2,2,1,3,N,N,098-CS-1222-0,2022,O,098-CS-1222  -000,098-CS-1222  -000,0.002,0,0,1,0,0,0,1,0,0,0,0,0,0,1,DAC,1,0,195-1167
72877302,20230315,839,US23,N,27.404,0,0,2,2,N,N,55,98,9807,Y,37.51088,-82.54911,5,3,6,1,1,2,2,7,3,N,N,098-US-0023-10,2023,O,098-US-0023  -010,098-US-0023  -000,27.39,0,0,1,0,0,0,0,0,0,0,0,0,0,1,Non-DAC,1,0,195-0811
72897212,20230413,1643,BANK,N,0.026,0,0,2,2,N,N,35,98,9801,Y,37.47556,-82.52133,7,3,6,1,1,2,2,8,3,N,N,,2023,O,098-CS-1106  -000,098-CS-1106  -000,0.026,0,0,0,0,0,0,1,0,0,0,0,0,0,1,DAC,0,1,
72899644,20230513,1215,US23,N,26.23,0,0,2,2,N,N,55,98,9801,Y,37.5029,-82.53204,5,3,6,1,1,3,2,1,3,N,N,,2023,O,098-US-0023  -000,098-US-0023  -000,26.167,0,0,0,0,0,0,1,0,0,0,0,0,0,1,Non-DAC,1,0,195-0861
72943512,20230907,1658,US23,N,29.654,0,0,4,4,N,N,45,98,9801,Y,37.53222,-82.57747,5,3,6,1,1,3,2,7,3,Y,N,098-US-0023-10,2023,O,098-US-0023  -010,098-US-0023  -000,29.633,0,0,0,1,0,0,1,0,0,0,0,0,0,1,Non-DAC,0,1,
72890843,20230417,1948,CASSIDY,N,0.052,0,0,2,2,N,N,35,98,9801,Y,37.5037,-82.53301,1,3,3,1,1,2,2,1,3,N,N,098-CS-1191-0,2023,O,098-CS-1191  -000,098-CS-1191  -000,0.049,0,0,0,0,0,0,1,1,0,0,0,0,0,1,Non-DAC,1,0,195-0861
72987592,20231212,1220,OWSLEY,N,7.127,0,0,2,2,N,N,45,98,9801,Y,37.48029,-82.53699,1,3,6,1,1,2,2,1,3,N,N,098-KY-1384-0,2023,O,098-KY-1384  -000,098-KY-1384  -000,7.149,0,0,0,1,0,0,1,0,0,0,0,0,0,1,DAC,1,0,195-2098
72905177,20230524,1546,US23,N,25.053,2,0,2,2,N,N,55,98,9801,Y,37.48891,-82.53977,3,3,6,1,1,2,2,1,3,N,N,098-US-0023-10,2023,B,098-US-0023  -010,098-US-0023  -000,24.991,0,0,0,0,0,0,0,0,0,0,0,1,1,1,Non-DAC,0,1,
72948690,20230920,752,KY3495,N,0.017,0,0,2,2,N,N,45,98,9801,Y,37.48661,-82.54273,1,3,6,1,1,2,2,7,3,N,N,098-KY-3495-0,2023,O,098-KY-3495  -000,098-KY-3495  -000,0.017,0,0,1,0,0,0,1,0,0,0,0,0,0,1,Non-DAC,1,0,195-0957
72924631,20230719,1118,US23,N,26.311,0,0,2,2,N,N,55,98,9801,Y,37.50409,-82.5322,5,3,6,1,1,2,2,7,3,N,N,098-US-0023-10,2023,O,098-US-0023  -010,098-US-0023  -000,26.25,0,0,0,1,0,0,0,0,0,0,0,0,0,1,Non-DAC,1,0,195-0861
72783561,20220715,1735,SOUTH MAYO,N,,0,0,2,2,N,Y,45,98,9801,Y,37.43658,-82.51056,5,3,1,1,1,2,2,1,3,N,N,,2022,O,098-US-0023  -421,098-US-0023  -421,0.048,0,0,0,0,0,0,1,0,0,0,0,0,0,1,Non-DAC,0,1,
72842205,20221207,1228,CASSIDY,N,0.263,1,0,2,2,N,N,35,98,9801,Y,37.50465,-82.53615,1,3,3,1,5,3,2,1,3,Y,N,098-CS-1191-0,2022,B,098-CS-1191  -000,098-CS-1191  -000,0.263,0,0,0,1,0,0,0,1,0,0,0,0,0,1,Non-DAC,0,1,
72876761,20230317,1505,KY3495,N,0.158,0,0,3,3,N,N,45,98,9801,Y,37.48814,-82.54102,1,3,6,1,5,6,2,7,3,N,N,098-KY-3495-0,2023,O,098-KY-3495  -000,098-KY-3495  -000,0.157,0,0,1,0,0,0,1,1,0,0,0,0,0,1,Non-DAC,0,1,
72820358,20221024,1557,MAYO,N,0.609,0,0,2,2,N,N,35,98,9801,Y,37.47148,-82.53293,4,3,6,1,1,2,2,1,3,N,N,098-KY-3496-0,2022,O,098-KY-3496  -000,098-KY-3496  -000,0.609,0,0,1,0,0,0,0,1,0,0,0,0,0,1,DAC,1,0,195-1189
72873111,20230306,840,US23,N,26.286,0,0,2,2,N,N,55,98,9801,Y,37.5037,-82.53215,5,3,6,1,1,2,2,7,3,N,N,098-US-0023-0,2023,O,098-US-0023  -000,098-US-0023  -000,26.224,0,0,0,0,0,0,0,0,1,0,0,0,0,1,Non-DAC,1,0,195-0861
72963272,20231021,833,US119,N,0.465,0,0,2,2,N,N,55,98,9801,Y,37.50619,-82.52426,5,3,6,1,5,2,2,7,3,N,N,098-US-0119-0,2023,O,098-US-0119  -000,098-US-0119  -000,0.468,0,0,0,0,0,0,0,0,0,0,0,0,0,1,Non-DAC,0,1,
72991818,20231227,553,ISLAND CREEK,N,2.381,0,0,1,1,N,N,45,98,9801,N,37.45861,-82.55379,9,2,6,1,5,6,6,7,3,N,N,,2023,O,098-KY-1426  -000,098-KY-1426  -000,2.384,0,0,0,0,0,0,0,0,0,0,0,1,0,1,Non-DAC,0,1,
72837887,20221205,1009,CASSIDY,N,0.252,0,0,2,2,N,N,35,98,9801,Y,37.50452,-82.53598,1,3,6,1,1,2,2,1,3,N,N,098-CS-1191-0,2022,O,098-CS-1191  -000,098-CS-1191  -000,0.252,0,0,0,1,0,0,1,1,0,0,0,0,0,1,Non-DAC,0,1,
72838197,20221205,1350,LEE,N,,0,0,2,2,N,N,15,98,9801,Y,37.50375,-82.53226,1,3,6,1,1,2,2,1,3,N,N,098-CS-1191-0,2022,O,098-CS-1191  -000,098-CS-1191  -000,0.006,0,0,0,0,0,0,0,0,0,0,0,0,0,1,Non-DAC,1,0,195-0861
72911111,20230609,2343,US23,N,30.485,0,0,1,1,N,N,55,98,9801,Y,37.54229,-82.58478,9,3,3,1,1,3,5,7,3,N,N,098-US-0023-10,2023,O,098-US-0023  -010,098-US-0023  -000,30.456,0,0,0,0,0,0,0,0,0,0,0,0,0,1,Non-DAC,0,1,
72956668,20231009,1237,US23,N,23.565,0,0,2,2,N,N,55,98,9801,Y,37.47123,-82.53368,1,3,6,1,5,6,2,7,3,N,N,,2023,O,098-US-0023  -000,098-US-0023  -000,23.524,0,0,0,0,0,0,1,0,0,0,0,0,0,1,DAC,1,0,195-1195
72968190,20231102,1757,KY3496,N,0.705,0,0,2,2,N,N,35,98,9801,Y,37.47195,-82.53126,5,3,3,1,1,2,2,1,3,N,N,,2023,O,098-KY-3496  -000,098-KY-3496  -000,0.708,0,0,0,0,0,0,1,0,0,0,0,0,0,1,DAC,1,0,195-1187
72936965,20230822,1130,US23,N,21.207,1,0,2,2,N,N,55,98,9801,Y,37.44791,-82.52534,1,3,6,1,1,2,2,1,3,Y,N,098-US-0023-0,2023,B,098-US-0023  -000,098-US-0023  -000,21.141,0,0,0,0,0,0,1,1,0,0,0,0,0,1,Non-DAC,0,1,
72971230,20231110,1352,KY1426,N,9.187,0,0,2,2,N,N,55,98,9801,Y,37.50775,-82.4886,1,3,3,1,5,3,2,7,3,N,N,098-KY-1426-0,2023,O,098-KY-1426  -000,098-KY-1426  -000,9.187,0,0,0,1,0,0,0,0,0,0,0,0,0,1,Non-DAC,0,1,
72842575,20221213,1326,US23,N,26.277,0,0,2,2,N,N,55,98,9801,Y,37.50357,-82.53214,8,3,6,1,5,3,2,7,3,N,N,098-US-0023-0,2022,O,098-US-0023  -000,098-US-0023  -000,26.277,0,0,1,0,0,0,1,0,0,0,0,1,0,1,Non-DAC,0,1,
72950548,20230921,644,MAIN,N,0.206,0,0,2,2,N,Y,25,98,9801,Y,37.48034,-82.5168,1,3,6,1,1,2,1,7,3,N,N,098-CS-1112-0,2023,O,098-CS-1112  -000,098-CS-1112  -000,0.206,0,0,0,0,0,0,1,0,0,0,1,0,0,1,DAC,1,0,195-1080
72875078,20230313,732,US23,N,21.592,0,0,1,1,N,N,55,98,9801,Y,37.45337,-82.52229,9,5,6,1,1,3,2,7,3,N,N,098-US-0023-0,2023,O,098-US-0023  -000,098-US-0023  -000,21.558,0,0,0,0,0,0,0,0,0,0,0,1,0,1,Non-DAC,1,0,195-1270
72969378,20231103,1342,US 23 SOUTH,N,,0,0,2,2,N,N,55,98,9807,Y,37.5112,-82.5502,5,3,6,1,1,2,2,7,3,N,N,,2023,O,098-US-0023  -010,098-US-0023  -000,27.455,0,0,1,0,0,0,1,1,0,0,0,0,0,1,Non-DAC,0,1,
72853400,20230108,1211,US23,N,25.462,0,0,2,2,N,N,55,98,9801,Y,37.49273,-82.53409,5,3,6,1,5,3,2,7,3,N,N,098-US-0023-0,2023,O,098-US-0023  -000,098-US-0023  -000,25.4,0,0,0,1,0,0,1,1,0,0,0,0,0,1,Non-DAC,0,1,
72950228,20230923,1451,US23,N,29.625,0,0,2,2,N,N,55,98,9801,Y,37.53188,-82.57711,8,3,6,1,1,2,2,7,3,N,N,,2023,O,098-US-0023  -000,098-US-0023  -000,29.604,0,0,0,0,0,0,1,0,0,0,0,1,0,1,Non-DAC,0,1,
72888964,20230415,1553,CASSIDY,N,0.246,0,0,2,2,N,N,15,98,9801,Y,37.50466,-82.53587,2,3,6,1,1,2,2,1,3,N,N,098-CS-1191-0,2023,O,098-CS-1191  -000,098-CS-1191  -000,0.235,0,0,1,0,0,0,1,0,0,0,0,0,0,1,Non-DAC,0,1,
72908501,20230604,1330,CASSIDY,N,0.159,0,0,2,2,N,N,5,98,9801,Y,37.50369,-82.53464,2,97,6,1,1,2,2,5,3,N,N,098-CS-1191-0,2023,O,098-CS-1191  -000,098-CS-1191  -000,0.14,0,0,0,0,0,0,1,0,0,0,0,0,0,1,Non-DAC,0,1,
72893067,20230421,1650,BAIRD,N,5.395,0,0,2,2,N,N,55,98,9801,Y,37.47327,-82.52711,1,3,6,1,1,2,2,1,3,N,N,098-KY-1426-0,2023,O,098-KY-1426  -000,098-KY-1426  -000,5.395,0,0,0,0,0,0,1,0,0,0,0,0,0,1,DAC,1,0,195-1174
72874155,20230310,1720,US23,N,22.633,0,0,3,3,N,N,55,98,9801,Y,37.46475,-82.52065,5,3,6,1,1,3,2,7,3,N,N,098-US-0023-10,2023,O,098-US-0023  -010,098-US-0023  -000,22.567,0,0,0,0,0,0,0,1,0,0,0,0,0,1,Non-DAC,0,1,
72902943,20230524,2003,US119,N,0.61,0,0,1,1,N,N,55,98,9801,Y,37.50708,-82.52184,9,3,6,1,1,2,2,7,3,N,N,098-US-0119-0,2023,O,098-US-0119  -000,098-US-0119  -000,0.605,0,0,0,0,0,0,0,0,0,0,0,0,0,1,Non-DAC,0,1,
72871406,20230303,2015,CASSIDY,N,0.219,0,0,2,2,N,N,35,98,9801,Y,37.50418,-82.5355,1,3,6,1,1,7,5,1,3,N,N,,2023,O,098-CS-1191  -000,098-CS-1191  -000,0.198,0,0,0,1,0,0,1,1,0,0,0,0,0,1,Non-DAC,0,1,
72884182,20230403,854,US23 TURN LANE,N,0.006,0,0,2,2,N,N,55,98,9801,Y,37.50394,-82.53239,5,3,6,1,1,2,2,7,3,N,N,098-US-0023-20,2023,O,098-US-0023  -020,098-US-0023  -020,0.006,0,1,0,0,0,0,0,0,0,0,0,0,0,1,Non-DAC,1,0,195-0861
72946692,20230913,1746,KY3496,N,0.337,0,0,2,2,N,N,35,98,9801,Y,37.46793,-82.53294,1,3,6,1,1,2,2,1,3,N,N,098-KY-3496-0,2023,O,098-KY-3496  -000,098-KY-3496  -000,0.336,0,0,0,0,0,0,1,0,0,0,0,0,0,1,DAC,0,1,
72870351,20230228,745,WINNERS CIRCLE DRIVE,N,,0,0,1,1,N,N,15,98,9801,N,37.51362,-82.49935,9,6,1,1,1,2,1,8,3,N,N,,2023,O,098-US-0119  -010,098-US-0119  -000,2.001,0,0,1,0,0,0,0,0,0,0,0,1,0,1,Non-DAC,0,1,
72986138,20231212,1210,US23,N,18.306,0,0,2,2,N,N,55,98,9801,Y,37.43331,-82.5145,5,3,5,1,1,2,2,6,3,N,N,098-US-0023-10,2023,O,098-US-0023  -010,098-US-0023  -000,18.289,0,0,0,0,0,0,1,1,0,0,0,0,0,1,Non-DAC,0,1,
72962813,20231002,1746,COLLEGE,N,0.139,0,0,2,2,N,N,15,98,9801,Y,37.47563,-82.52353,1,3,6,1,1,2,2,7,3,N,N,098-CS-1152-0,2023,O,098-CS-1152  -000,098-CS-1152  -000,0.066,0,0,0,0,0,0,0,0,0,0,1,0,0,1,DAC,1,0,195-1148
72822193,20221028,943,THOMPSON,N,0.008,0,0,2,2,N,N,55,98,9801,Y,37.51061,-82.54812,5,3,6,1,1,2,2,1,3,N,N,,2022,O,098-CS-1215  -000,098-CS-1215  -000,0.008,0,0,0,1,0,0,1,0,0,0,0,0,0,1,Non-DAC,1,0,195-0812
72833153,20221111,1137,KY1426,N,8.099,1,0,1,1,N,N,55,98,9801,Y,37.49245,-82.49087,9,3,1,1,5,6,2,7,3,Y,N,098-KY-1426-0,2022,B,098-KY-1426  -000,098-KY-1426  -000,8.099,0,0,0,1,0,0,0,0,0,0,0,1,0,1,Non-DAC,0,1,
72958333,20231012,1832,US23,N,24.102,0,0,2,2,N,N,55,98,9801,Y,37.47667,-82.53973,6,3,6,1,1,3,2,7,3,N,N,098-US-0023-10,2023,O,098-US-0023  -010,098-US-0023  -000,24.03,0,1,0,0,0,0,1,0,0,0,0,0,0,1,DAC,0,1,
72880035,20230323,1123,US23,N,24.921,2,0,2,2,N,N,55,98,9801,Y,37.48743,-82.54129,1,3,6,1,1,2,2,7,3,Y,N,098-US-0023-0,2023,C,098-US-0023  -000,098-US-0023  -000,24.858,0,0,0,1,0,0,0,0,0,0,0,0,0,1,Non-DAC,0,1,
72942671,20230831,1606,CASSIDY,N,0.06,0,0,2,2,N,N,25,98,9801,Y,37.50367,-82.53313,1,3,6,1,1,2,2,1,3,N,N,098-CS-1191-0,2023,O,098-CS-1191  -000,098-CS-1191  -000,0.056,0,0,0,1,0,0,1,0,0,0,0,0,0,1,Non-DAC,0,1,
72938679,20230825,1324,US23,N,23.567,0,0,2,2,N,N,55,98,9801,Y,37.47099,-82.53386,8,3,3,1,5,3,2,1,3,N,N,098-US-0023-10,2023,O,098-US-0023  -010,098-US-0023  -000,23.51,0,1,0,0,0,0,0,0,0,0,0,1,0,1,DAC,1,0,195-1195
72879840,20230326,1950,CASSIDY,N,0.324,0,0,2,2,N,N,5,98,9801,Y,37.50522,-82.53733,1,97,6,1,1,2,3,5,3,N,N,098-CS-1191-0,2023,O,098-CS-1191  -000,098-CS-1191  -000,0.324,0,0,0,0,0,0,1,0,0,1,0,0,0,1,Non-DAC,0,1,
72896602,20230508,732,US23,N,23.023,0,0,2,2,N,N,55,98,9801,Y,37.46583,-82.52736,5,3,6,1,1,2,2,7,3,N,N,098-US-0023-0,2023,O,098-US-0023  -000,098-US-0023  -000,22.956,0,0,0,1,0,0,0,0,0,0,0,0,0,1,DAC,0,1,
72823714,20221030,1455,CASSIDY,N,0.001,0,0,2,2,N,N,55,98,9801,Y,37.50377,-82.53217,5,3,6,1,1,3,2,1,3,N,N,098-CS-1191-0,2022,O,098-CS-1191  -000,098-CS-1191  -000,0.001,0,0,0,0,0,0,1,0,0,0,0,0,0,1,Non-DAC,1,0,195-0861
72939809,20230829,1312,US23,N,20.912,2,0,2,2,N,N,55,98,9801,Y,37.4439,-82.52477,4,3,3,1,1,2,2,2,3,Y,N,098-US-0023-0,2023,B,098-US-0023  -000,098-US-0023  -000,20.845,0,0,0,1,0,0,1,1,0,0,0,0,0,1,Non-DAC,0,1,
72915018,20230623,1607,KY3496,N,0.078,0,0,2,2,N,N,35,98,9801,Y,37.46578,-82.52918,1,3,3,1,1,2,2,1,3,N,N,098-KY-3496-0,2023,O,098-KY-3496  -000,098-KY-3496  -000,0.086,0,0,0,0,0,0,1,0,0,0,0,0,0,1,DAC,0,1,
72957385,20231009,1603,KY3417,N,0.298,0,0,2,2,N,N,35,98,9801,Y,37.46584,-82.55918,7,3,3,1,5,2,2,7,3,N,N,098-KY-3417-0,2023,O,098-KY-3417  -000,098-KY-3417  -000,0.298,0,0,0,0,0,0,1,0,0,0,0,1,0,1,Non-DAC,1,0,195-1229
72939268,20230825,1325,KY3496,N,0.745,0,0,2,2,N,N,35,98,9801,Y,37.47202,-82.53054,1,3,6,1,5,3,2,1,3,N,N,098-KY-3496-0,2023,O,098-KY-3496  -000,098-KY-3496  -000,0.745,0,0,0,0,0,0,0,0,0,0,0,0,0,1,DAC,0,1,
72824355,20221102,1000,MYRA BARNES,N,0.008,0,0,2,2,N,N,15,98,9801,Y,37.48426,-82.52986,2,3,6,1,1,2,2,6,3,N,N,098-CS-1150-0,2022,O,098-CS-1150  -000,098-CS-1150  -000,0.008,0,0,0,1,0,0,0,0,0,0,0,0,0,1,DAC,1,0,195-0993
72811482,20221001,1440,US23,N,27.272,0,0,2,2,N,N,45,98,9807,Y,37.51114,-82.55013,5,3,6,1,5,6,2,1,3,Y,N,098-US-0023-0,2022,O,098-US-0023  -000,098-US-0023  -000,27.272,0,0,1,1,0,0,1,0,0,0,0,0,0,1,Non-DAC,0,1,
72963771,20231023,759,BAIRD,N,5.376,0,0,2,2,N,N,55,98,9801,Y,37.47355,-82.52718,5,3,3,1,1,2,2,7,3,N,N,098-KY-1426-0,2023,O,098-KY-1426  -000,098-KY-1426  -000,5.376,0,0,0,0,0,0,0,1,0,0,0,0,0,1,DAC,1,0,195-1167
72819767,20221020,1331,CASSIDY,N,0.267,0,0,2,2,N,N,35,98,9801,Y,37.5047,-82.53621,1,3,6,1,1,2,2,1,3,N,N,098-CS-1191-0,2022,O,098-CS-1191  -000,098-CS-1191  -000,0.267,0,0,0,1,0,0,1,1,0,0,0,0,0,1,Non-DAC,0,1,
72940903,20230816,2051,CASSIDY,N,0.159,0,0,2,2,N,N,35,98,9801,Y,37.50367,-82.53465,8,3,3,1,1,2,5,1,3,N,N,098-CS-1191-0,2023,O,098-CS-1191  -000,098-CS-1191  -000,0.14,0,0,0,1,0,0,1,0,0,0,0,1,0,1,Non-DAC,0,1,
72972950,20231110,1929,HIBBARD,N,0.265,0,0,2,2,N,N,25,98,9801,Y,37.47539,-82.52344,2,3,6,1,1,2,5,3,3,N,N,098-CS-1053-0,2023,O,098-CS-1053  -000,098-CS-1053  -000,0.264,0,0,0,0,0,0,1,0,0,0,0,0,0,1,DAC,1,0,195-1156
72896420,20230505,1038,KENTUCKY,N,0.033,0,0,3,3,Y,N,15,98,9801,Y,37.48344,-82.52115,1,5,6,1,1,2,2,6,3,N,N,098-CS-1162-0,2023,O,098-CS-1162  -000,098-CS-1162  -000,0.033,0,0,0,0,0,0,0,0,0,0,0,0,0,1,DAC,0,1,