MasterFile,CollisionDate,CollisionTime,RoadwayName,ParkingLotIndicator,Milepoint,NumberInjured,NumberKilled,ofUnits,ofMotorVehicleUnits,Hit&RunIndicator,OneWayIndicator,SpeedLimitNumber,CountyCode,CityCountyCode,InCityLimitsIndicator,Latitude,Longitude,MannerofCollisionCode,LocationFirstEventCode,RoadwayCharacterCode,RoadwaySurfaceCode,RoadwayConditionCode,WeatherCode,LightConditionCode,LandUseCode,SchoolBusRelatedCode,FirstAidSceneIndicator,PropertyDamageIndicator,RT_UNIQUE,YR,KABCO,WorkingRID,KTC_RT,KTC_MP,Motorcyclist,Commercial Vehicle,Young Driver,Mature Driver,Pedestrian,Bicyclist,Distracted,Aggressive,Impaired,Unrestrained,Intersection,Roadway Departure,Median Cross-over,CityCrash,DACid,Int_Crash,Seg_Crash,Int_ID
72834634,20221125,1356,US460,N,0.431,0,0,2,2,N,N,55,98,9801,Y,37.43657,-82.51102,5,3,6,1,6,6,2,7,3,N,N,098-US-0460-0,2022,O,098-US-0460  -000,098-US-0460  -000,0.431,0,0,1,0,0,0,1,0,0,0,0,0,0,1,Non-DAC,1,0,195-2087
72919686,20230628,1203,US119,N,0.737,0,0,1,1,N,N,55,98,9801,Y,37.50778,-82.51959,9,3,6,1,1,2,2,1,3,N,N,098-US-0119-0,2023,O,098-US-0119  -000,098-US-0119  -000,0.739,0,1,0,0,0,0,0,0,0,0,0,0,0,1,Non-DAC,1,0,195-0825
72956899,20230926,2151,US119,N,1.98,0,0,2,2,Y,N,55,98,9801,Y,37.51247,-82.49973,8,2,5,1,1,2,6,7,3,N,N,098-US-0119-10,2023,O,098-US-0119  -010,098-US-0119  -000,1.98,0,0,0,0,0,0,1,0,1,1,0,0,0,1,Non-DAC,0,1,
72977471,20231117,1540,COLLEGE,N,0.14,0,0,2,2,N,N,15,98,9801,Y,37.47562,-82.52354,7,3,6,1,1,2,2,6,1,N,N,098-CS-1152-0,2023,O,098-CS-1152  -000,098-CS-1152  -000,0.067,0,1,0,1,0,0,0,0,0,0,0,1,0,1,DAC,1,0,195-1148
72896421,20230505,1248,CASSIDY,N,0.048,0,0,3,3,N,N,25,98,9801,Y,37.50368,-82.53294,1,3,6,1,1,2,2,1,3,N,N,098-CS-1191-0,2023,O,098-CS-1191  -000,098-CS-1191  -000,0.045,0,0,0,1,0,0,1,0,0,0,0,0,0,1,Non-DAC,1,0,195-0861
72838195,20221201,801,HAMBLEY,N,0.313,0,0,2,2,N,N,25,98,9801,Y,37.47632,-82.52251,5,3,6,1,1,2,2,7,3,N,N,098-CS-1222-0,2022,O,098-CS-1222  -000,098-CS-1222  -000,0.313,0,0,1,0,0,0,0,0,0,0,0,0,0,1,DAC,1,0,195-1141
72758935,20220503,2022,CHLOE,N,4.846,0,0,1,1,N,N,45,98,9801,Y,37.47792,-82.51212,9,3,3,1,5,6,6,7,3,N,N,098-KY-1460-0,2022,O,098-KY-1460  -000,098-KY-1460  -000,4.846,0,0,0,0,0,0,0,0,0,0,0,1,0,1,Non-DAC,0,1,
72857457,20230123,1943,US23,N,17.611,0,0,1,1,N,N,55,98,9801,Y,37.42364,-82.51685,9,3,6,1,5,3,4,7,3,N,N,098-US-0023-0,2023,O,098-US-0023  -000,098-US-0023  -000,17.598,0,0,0,0,0,0,0,0,0,0,0,0,0,1,Non-DAC,0,1,
72945255,20230907,1227,US23,N,17.626,0,1,2,2,N,N,55,98,9801,Y,37.42386,-82.517,5,3,4,1,1,2,2,7,3,N,N,098-US-0023-10,2023,K,098-US-0023  -010,098-US-0023  -000,17.613,0,0,0,1,0,0,1,1,0,1,0,1,0,1,Non-DAC,0,1,
72810026,20220829,838,US23,N,25.416,0,0,2,2,N,N,55,98,9801,Y,37.49228,-82.53461,5,3,6,1,1,2,2,1,3,N,N,098-US-0023-0,2022,O,098-US-0023  -000,098-US-0023  -000,25.416,0,0,0,0,0,0,1,0,0,0,0,0,0,1,Non-DAC,0,1,
72960940,20231018,1741,US23,N,26.219,0,0,2,2,N,N,55,98,9801,Y,37.50274,-82.53203,5,3,6,1,1,2,2,2,3,N,N,098-US-0023-0,2023,O,098-US-0023  -000,098-US-0023  -000,26.156,0,0,0,0,0,0,1,1,0,0,0,0,0,1,Non-DAC,0,1,
72814958,20221009,1926,US119,N,2.697,2,0,2,2,N,N,55,98,9801,Y,37.51402,-82.48707,4,3,4,1,1,2,5,7,3,Y,N,098-US-0119-0,2022,C,098-US-0119  -000,098-US-0119  -000,2.697,0,0,1,0,0,0,0,0,0,0,0,1,0,1,DAC,1,0,195-0777
72987264,20231211,1226,CASSIDY,N,0.318,0,0,2,2,N,N,35,98,9801,Y,37.50521,-82.5372,4,3,3,1,1,3,2,1,3,N,N,098-CS-1191-0,2023,O,098-CS-1191  -000,098-CS-1191  -000,0.317,0,0,0,0,0,0,1,0,0,0,0,0,0,1,Non-DAC,0,1,
72977662,20231118,2107,US23,N,26.329,3,0,2,2,N,N,55,98,9801,Y,37.50379,-82.53219,3,3,6,1,1,2,5,2,3,Y,N,098-US-0023-10,2023,B,098-US-0023  -010,098-US-0023  -000,26.231,0,0,1,0,0,0,1,0,0,0,0,1,0,1,Non-DAC,1,0,195-0861
72981728,20231204,1455,KY1426,N,9.191,1,0,1,1,N,N,55,98,9801,Y,37.50778,-82.48843,9,3,1,1,1,3,2,1,3,N,N,098-KY-1426-0,2023,C,098-KY-1426  -000,098-KY-1426  -000,9.197,0,0,0,0,0,0,0,0,0,0,0,1,0,1,Non-DAC,0,1,
72934994,20230815,1829,US119,N,2.665,0,0,2,2,N,N,55,98,9801,Y,37.51402,-82.48764,5,3,6,1,1,2,2,7,3,N,N,,2023,O,098-US-0119  -000,098-US-0119  -000,2.664,0,0,0,0,0,0,1,0,0,0,0,0,0,1,DAC,1,0,195-0777
72872723,20230227,910,THOMPSON,N,0.213,0,0,2,2,N,N,25,98,9801,Y,37.50776,-82.54856,1,3,3,1,1,2,2,1,3,N,N,,2023,O,098-CS-1215  -000,098-CS-1215  -000,0.214,0,0,0,0,0,0,1,0,0,0,0,0,0,1,Non-DAC,1,0,195-2104
72955898,20231003,1846,GARRED,N,0.183,0,0,2,2,N,N,35,98,9801,Y,37.48392,-82.52837,1,3,6,1,1,2,2,6,3,N,N,098-CS-1174-0,2023,O,098-CS-1174  -000,098-CS-1174  -000,0.183,0,0,0,0,0,0,1,0,0,0,0,0,0,1,DAC,0,1,
72958967,20231010,928,US23,N,30.871,0,0,2,2,N,N,55,98,9801,Y,37.54111,-82.59147,8,3,3,1,1,2,2,7,3,N,N,098-US-0023-0,2023,O,098-US-0023  -000,098-US-0023  -000,30.875,0,0,0,0,0,0,0,0,0,0,0,1,0,1,Non-DAC,0,1,
72975822,20231107,1745,COLLEGE,N,0.289,2,0,3,1,N,N,25,98,9801,Y,37.47479,-82.52592,9,3,2,1,1,2,3,6,3,N,N,098-CS-1152-0,2023,C,098-CS-1152  -000,098-CS-1152  -000,0.216,0,0,0,0,1,0,0,0,0,0,0,0,0,1,DAC,0,1,
72992213,20231228,710,THOMPSON,N,0.636,0,0,2,2,N,N,45,98,9801,Y,37.50534,-82.54136,1,3,6,1,1,2,6,1,3,N,N,098-CS-1215-0,2023,O,098-CS-1215  -000,098-CS-1215  -000,0.645,0,0,1,0,0,0,1,0,0,0,0,0,0,1,Non-DAC,0,1,
72853368,20230112,908,BYPASS,N,6.107,0,0,2,2,N,N,35,98,9801,Y,37.47705,-82.517,1,3,6,1,1,2,2,7,3,N,N,098-KY-1426-0,2023,O,098-KY-1426  -000,098-KY-1426  -000,6.127,0,0,0,0,0,0,0,0,0,0,0,0,0,1,DAC,1,0,195-1125
72970577,20231108,1759,KY1426 TURN LANE,N,0.018,0,0,2,2,N,N,55,98,9801,Y,37.51401,-82.48753,7,3,6,1,1,2,5,2,3,N,N,098-KY-1426-27,2023,O,098-KY-1426  -027,098-KY-1426  -027,0.02,0,0,0,0,0,0,1,0,0,0,0,1,0,1,DAC,1,0,195-0777
72943847,20230908,1508,US23,N,26.31,0,0,2,2,N,N,55,98,9801,Y,37.50406,-82.53218,8,3,6,1,1,2,2,3,3,N,N,098-US-0023-10,2023,O,098-US-0023  -010,098-US-0023  -000,26.247,0,0,1,0,0,0,1,0,0,0,0,1,0,1,Non-DAC,1,0,195-0861
72809114,20220920,1301,US23,N,26.279,1,0,3,3,N,N,55,98,9801,Y,37.5036,-82.53214,5,3,6,1,1,2,2,1,3,N,N,,2022,C,098-US-0023  -000,098-US-0023  -000,26.279,0,1,0,0,0,0,1,0,0,0,0,0,0,1,Non-DAC,0,1,
72936393,20230819,2300,COWPEN,N,3.649,1,0,1,1,N,N,55,98,9807,Y,37.56263,-82.55746,9,3,2,1,1,2,6,7,3,Y,N,098-KY-2061-0,2023,C,098-KY-2061  -000,098-KY-2061  -000,3.648,0,0,0,1,0,0,0,0,0,0,0,1,0,1,Non-DAC,1,0,195-2076
72947990,20230918,1531,US23,N,26.324,0,0,2,2,N,N,55,98,9801,Y,37.50423,-82.53243,5,3,6,1,1,3,2,7,3,N,N,098-US-0023-10,2023,O,098-US-0023  -010,098-US-0023  -000,26.261,0,0,0,0,0,0,1,0,0,0,0,0,0,1,Non-DAC,1,0,195-0861
72834030,20221125,2133,US23 CONNECTOR TO US460,N,0.005,0,0,2,2,N,N,55,98,9801,Y,37.43887,-82.50922,1,3,6,1,5,10,6,3,3,N,N,098-US-0023-71,2022,O,098-US-0023  -071,098-US-0023  -071,0.005,0,0,0,1,0,0,0,1,0,0,0,0,0,1,Non-DAC,1,0,195-1308
72875008,20230313,1740,US23,N,26.26,0,0,2,2,N,N,55,98,9801,Y,37.50334,-82.53232,5,3,1,1,1,3,2,1,3,N,N,098-US-0023-10,2023,O,098-US-0023  -010,098-US-0023  -000,26.198,0,0,0,0,0,0,1,0,0,0,0,1,0,1,Non-DAC,1,0,195-0861
72910702,20230613,1738,CASSIDY,N,0.274,0,0,2,2,N,N,15,98,9801,Y,37.50507,-82.53634,8,3,6,1,1,2,2,1,3,N,N,,2023,O,098-CS-1191  -000,098-CS-1191  -000,0.272,0,0,0,0,0,0,1,0,0,0,0,1,0,1,Non-DAC,0,1,
72896603,20230509,828,BOB AMOS,N,0.977,0,0,2,2,N,N,25,98,9801,Y,37.46626,-82.54289,1,97,4,1,5,6,2,6,3,N,N,098-CS-1025-0,2023,O,098-CS-1025  -000,098-CS-1025  -000,0.982,0,0,0,1,0,0,1,0,0,0,0,0,0,1,Non-DAC,0,1,
72887035,20230414,1953,TOWN MOUNTAIN,N,8.059,0,0,1,1,N,N,35,98,9801,Y,37.49188,-82.49122,9,3,2,1,5,5,4,6,3,N,Y,098-KY-1426-0,2023,O,098-KY-1426  -000,098-KY-1426  -000,8.055,0,0,0,0,0,0,0,0,0,0,0,1,0,1,Non-DAC,0,1,
72857513,20230109,1148,BYPASS,N,6.563,0,0,2,2,N,N,55,98,9801,Y,37.48251,-82.51365,2,97,6,1,1,2,2,1,3,N,N,098-KY-1426-0,2023,O,098-KY-1426  -000,098-KY-1426  -000,6.563,0,0,0,1,0,0,1,0,0,0,0,0,0,1,DAC,1,0,195-1019
72940159,20230829,1543,US23,N,23.037,0,0,2,2,N,N,55,98,9801,Y,37.46576,-82.52766,5,3,6,1,5,6,2,1,3,N,N,,2023,O,098-US-0023  -000,098-US-0023  -000,22.971,0,0,1,0,0,0,1,0,0,0,0,0,0,1,DAC,0,1,
72960975,20231019,952,US23,N,24.739,0,0,1,1,N,N,55,98,9801,Y,37.48499,-82.5426,9,3,6,1,1,2,2,7,3,N,N,098-US-0023-0,2023,O,098-US-0023  -000,098-US-0023  -000,24.673,0,0,0,1,0,0,0,0,0,0,0,1,0,1,Non-DAC,0,1,
72877301,20230314,1052,KY3496,N,0.304,0,0,2,2,N,N,35,98,9801,Y,37.46753,-82.5326,1,3,6,1,1,3,2,1,3,N,N,098-KY-3496-0,2023,O,098-KY-3496  -000,098-KY-3496  -000,0.303,0,0,0,0,0,0,1,0,0,0,0,0,0,1,DAC,1,0,195-1214
72929515,20230802,1419,S MAYO,N,,0,0,2,2,N,N,15,98,9801,Y,37.46843,-82.53453,1,3,6,1,1,2,2,1,3,N,N,098-CS-1024-0,2023,O,098-PS-1007  -000,098-PS-1007  -000,0.22,0,0,0,1,0,0,1,0,0,0,0,0,0,1,DAC,0,1,
72875079,20230313,1337,US23 TURN LANE,N,0.017,0,0,2,2,N,N,55,98,9801,Y,37.50358,-82.53234,5,3,6,1,1,2,2,7,3,N,N,098-US-0023-21,2023,O,098-US-0023  -021,098-US-0023  -021,0.02,0,0,0,0,0,0,0,0,0,0,0,0,0,1,Non-DAC,1,0,195-0861
72832731,20221113,946,US23,N,21.119,1,0,1,1,N,N,55,98,9801,Y,37.44695,-82.52577,9,2,3,1,1,3,2,7,3,Y,Y,098-US-0023-0,2022,C,098-US-0023  -000,098-US-0023  -000,21.119,0,0,0,0,0,0,0,0,1,0,0,1,0,1,Non-DAC,0,1,
72855845,20230117,1600,US119,N,2.674,0,0,2,2,N,N,55,98,9801,Y,37.5142,-82.4875,5,3,3,1,1,2,2,7,3,N,N,098-US-0119-10,2023,O,098-US-0119  -010,098-US-0119  -000,2.672,0,0,0,0,0,0,1,0,0,0,0,0,0,1,DAC,1,0,195-0777
72976575,20231117,1151,KY3496,N,0.046,0,0,2,2,N,N,35,98,9801,Y,37.46546,-82.52862,1,3,3,1,1,2,2,1,3,N,N,098-KY-3496-0,2023,O,098-KY-3496  -000,098-KY-3496  -000,0.048,0,0,0,1,0,0,1,0,0,0,0,0,0,1,DAC,0,1,
72955283,20231005,1648,US23,N,24.068,4,0,2,2,N,N,55,98,9801,Y,37.47633,-82.53932,5,3,6,1,1,2,2,2,3,Y,N,098-US-0023-0,2023,B,098-US-0023  -000,098-US-0023  -000,23.997,0,0,0,0,0,0,1,1,0,0,0,0,0,1,DAC,0,1,
72731501,20220216,1128,US HWY 23 NORTH AND KINNIKINNICK ROAD,N,,0,0,2,2,N,N,55,98,9807,N,37.54082,-82.58239,1,3,6,1,1,2,2,1,3,N,N,,2022,O,098-US-0023  -000,098-US-0023  -000,30.289,0,0,0,1,0,0,0,0,0,0,0,0,0,1,Non-DAC,1,0,195-0579
72885227,20230410,957,CASSIDY,N,0.307,0,0,2,2,N,N,35,98,9801,Y,37.50519,-82.53698,3,3,3,1,1,2,2,1,3,N,N,098-CS-1191-0,2023,O,098-CS-1191  -000,098-CS-1191  -000,0.305,0,0,0,1,0,0,1,1,0,0,0,1,0,1,Non-DAC,0,1,
72741716,20220318,728,US23,N,21.003,0,0,1,1,N,N,55,98,9801,Y,37.44505,-82.52557,9,3,6,1,1,2,2,7,3,N,N,098-US-0023-0,2022,O,098-US-0023  -000,098-US-0023  -000,21.003,0,0,0,0,0,0,0,0,0,0,0,0,0,1,Non-DAC,0,1,
72903529,20230522,1259,ADAMS,N,0.011,0,0,2,2,N,N,15,98,9801,Y,37.50785,-82.51953,7,3,4,1,1,2,2,1,3,N,N,098-CR-1483-0,2023,O,098-CR-1483  -000,098-CR-1483  -000,0.011,0,0,0,1,0,0,0,0,0,0,0,1,0,1,Non-DAC,1,0,195-0825
72882012,20230331,1407,US23,N,23.19,0,0,1,1,N,N,55,98,9801,Y,37.46645,-82.5302,9,3,3,1,5,6,2,7,3,N,N,098-US-0023-0,2023,O,098-US-0023  -000,098-US-0023  -000,23.118,0,0,0,0,0,0,0,0,0,0,0,1,0,1,DAC,0,1,
72866331,20230210,948,US23,N,24.05,1,0,2,2,N,N,55,98,9801,Y,37.47628,-82.53905,5,3,6,1,1,2,2,7,3,Y,N,098-US-0023-0,2023,C,098-US-0023  -000,098-US-0023  -000,23.984,0,0,0,0,0,0,1,1,0,0,0,0,0,1,DAC,0,1,
72829426,20221111,1600,US23,N,,1,0,1,1,N,N,55,98,9807,Y,37.54286,-82.58677,9,3,6,1,5,6,2,7,3,N,N,098-US-0023-0,2022,C,098-US-0023  -000,098-US-0023  -000,30.576,0,0,0,0,0,0,0,0,0,0,0,1,0,1,Non-DAC,0,1,
72830742,20221116,1050,US23,N,24.765,0,0,2,2,N,N,55,98,9801,Y,37.48533,-82.54242,8,3,3,1,5,2,2,7,3,N,N,098-US-0023-0,2022,O,098-US-0023  -000,098-US-0023  -000,24.765,0,0,0,0,0,0,1,0,0,0,0,1,0,1,Non-DAC,1,0,195-0959
72982699,20231110,1510,HAMBLEY,N,0.446,0,0,2,2,Y,N,35,98,9801,Y,37.4778,-82.52096,8,5,6,1,1,2,2,8,3,N,N,098-CS-1222-0,2023,O,098-CS-1222  -000,098-CS-1222  -000,0.446,0,0,0,0,0,0,0,0,0,0,0,0,0,1,DAC,0,1,
72916293,20230627,1252,US23,N,26.226,0,0,2,2,Y,N,55,98,9801,Y,37.50284,-82.53204,6,3,6,1,1,3,2,1,3,N,N,,2023,O,098-US-0023  -000,098-US-0023  -000,26.163,0,0,0,1,0,0,1,0,0,1,0,0,0,1,Non-DAC,1,0,195-0861
72967891,20231102,1908,US23,N,29.691,0,0,1,1,N,N,55,98,9801,Y,37.53277,-82.57757,9,3,6,1,1,2,5,2,3,N,N,098-US-0023-10,2023,O,098-US-0023  -010,098-US-0023  -000,29.671,0,0,0,0,0,0,0,0,0,0,0,0,0,1,Non-DAC,0,1,
72977515,20231115,2226,US23,N,24.721,0,0,1,1,N,N,55,98,9801,Y,37.48474,-82.54268,9,3,6,1,1,2,5,7,3,N,N,098-US-0023-0,2023,O,098-US-0023  -000,098-US-0023  -000,24.655,0,0,0,0,0,0,0,0,0,0,0,0,0,1,Non-DAC,0,1,
72886748,20230414,802,US23,N,26.912,1,0,2,2,N,N,55,98,9801,Y,37.50994,-82.5395,1,3,6,1,1,3,2,1,3,Y,N,098-US-0023-0,2023,B,098-US-0023  -000,098-US-0023  -000,26.853,0,0,0,1,0,0,1,0,0,0,1,0,0,1,Non-DAC,1,0,195-0818
72955721,20231006,1639,KY1426,N,9.148,0,0,1,1,N,N,35,98,9801,N,37.50727,-82.48912,9,5,2,1,5,5,2,3,3,N,N,098-KY-1426-0,2023,O,098-KY-1426  -000,098-KY-1426  -000,9.137,0,0,0,0,0,0,0,0,0,0,0,1,0,1,Non-DAC,0,1,
72811268,20220921,2007,,N,0.012,0,0,2,2,N,N,45,98,9801,Y,37.47971,-82.54192,1,3,6,1,1,2,6,7,3,N,N,,2022,O,098-US-0023  -212,098-US-0023  -212,0.012,0,0,0,0,0,0,1,1,0,0,1,0,0,1,DAC,1,0,195-1095
72894835,20230504,1509,MAIN,N,0.011,0,0,2,2,N,Y,15,98,9801,Y,37.47785,-82.51844,8,3,6,1,1,2,2,7,3,N,N,098-CS-1112-0,2023,O,098-CS-1112  -000,098-CS-1112  -000,0.011,0,0,0,0,0,0,0,0,0,0,0,1,0,1,DAC,1,0,195-1117
72823238,20221025,1744,US119,N,0.02,1,0,3,3,N,N,55,98,9801,Y,37.50389,-82.53165,1,3,6,1,1,3,2,7,3,Y,N,098-US-0119-10,2022,C,098-US-0119  -010,098-US-0119  -000,0.02,0,0,1,0,0,0,0,0,0,1,0,0,0,1,Non-DAC,1,0,195-0861
72859132,20230122,1122,COLLEGE,N,0.34,0,0,2,2,N,N,15,98,9801,Y,37.47518,-82.52674,1,3,6,1,5,3,2,6,3,N,N,098-CS-1152-0,2023,O,098-CS-1152  -000,098-CS-1152  -000,0.271,0,0,0,0,0,0,1,0,0,0,0,0,0,1,DAC,0,1,
72954527,20230927,1715,MAYO,N,21.214,3,0,2,2,N,N,55,98,9801,Y,37.44804,-82.52547,1,3,6,1,1,3,2,1,3,Y,N,098-US-0023-10,2023,A,098-US-0023  -010,098-US-0023  -000,21.147,0,0,1,0,0,0,0,1,0,1,0,1,0,1,Non-DAC,0,1,
72831806,20221119,1842,CASSIDY,N,0.429,0,0,2,2,N,N,25,98,9801,Y,37.50438,-82.53886,1,3,6,1,1,2,6,1,3,N,N,098-CS-1191-0,2022,O,098-CS-1191  -000,098-CS-1191  -000,0.429,0,0,0,0,0,0,1,1,0,0,0,0,0,1,Non-DAC,0,1,
72887825,20230408,1052,OWSLEY,N,6.132,0,0,2,2,N,N,35,98,9801,Y,37.47589,-82.55387,7,5,3,1,1,2,2,6,3,N,Y,098-KY-1384-0,2023,O,098-KY-1384  -000,098-KY-1384  -000,6.133,0,0,0,0,0,0,1,0,1,0,0,1,0,1,Non-DAC,0,1,
72964400,20231025,1512,BYPASS,N,5.698,1,0,1,1,N,N,55,98,9801,Y,37.47281,-82.52271,9,3,6,1,1,2,2,7,3,N,N,098-KY-1426-0,2023,C,098-KY-1426  -000,098-KY-1426  -000,5.699,1,0,0,0,0,0,0,0,0,0,0,1,0,1,DAC,1,0,195-1178
72882207,20230401,1538,BYPASS,N,6.117,0,0,2,2,N,N,55,98,9801,Y,37.4769,-82.51706,1,3,6,1,1,7,2,7,3,N,N,098-KY-1426-0,2023,O,098-KY-1426  -000,098-KY-1426  -000,6.117,0,0,1,1,0,0,0,0,0,0,1,0,0,1,DAC,1,0,195-1125
72935306,20230817,1659,US23,N,24.807,0,0,2,2,N,N,55,98,9801,Y,37.48591,-82.5422,8,3,6,1,1,3,2,7,3,N,N,098-US-0023-0,2023,O,098-US-0023  -000,098-US-0023  -000,24.741,0,0,0,0,0,0,0,0,0,0,0,1,0,1,Non-DAC,1,0,195-0961
72820356,20221023,2113,MAYO,N,32.59,0,0,1,1,N,N,55,98,9801,Y,37.53435,-82.61776,9,3,6,1,1,2,6,1,3,N,Y,098-US-0023-0,2022,O,098-US-0023  -000,098-US-0023  -000,32.59,0,1,0,0,0,0,1,0,0,0,0,1,1,1,Non-DAC,0,1,
72823237,20221025,1546,US23,N,22.293,2,0,2,2,N,N,55,98,9801,Y,37.46138,-82.51698,5,3,3,1,1,3,2,7,3,Y,N,098-US-0023-10,2022,C,098-US-0023  -010,098-US-0023  -000,22.293,0,0,0,1,0,0,1,0,0,1,0,0,0,1,Non-DAC,0,1,
72747164,20220329,1436,CEDAR HILLS,N,4.677,0,0,2,2,N,N,55,98,9801,Y,37.46246,-82.52626,3,3,3,1,1,3,2,1,3,N,N,098-KY-1426-0,2022,O,098-KY-1426  -000,098-KY-1426  -000,4.677,0,0,0,0,0,0,0,0,0,0,0,1,0,1,Non-DAC,0,1,
72867449,20230203,910,US23,N,25.407,0,0,2,2,N,N,55,98,9801,Y,37.49242,-82.53453,1,3,6,1,1,2,2,1,3,N,N,098-US-0023-0,2023,O,098-US-0023  -000,098-US-0023  -000,25.368,0,0,0,0,0,0,1,0,0,0,0,0,0,1,Non-DAC,1,0,195-0924
72837476,20221123,637,US23,N,18.376,0,0,1,1,N,N,55,98,9801,Y,37.43425,-82.51392,9,3,6,1,1,2,6,7,3,N,N,098-US-0023-10,2022,O,098-US-0023  -010,098-US-0023  -000,18.376,0,0,0,0,0,0,0,0,0,0,0,0,0,1,Non-DAC,0,1,
72822226,20221029,1053,KY1460,N,6.634,0,0,2,1,N,N,45,98,9801,Y,37.48349,-82.53806,9,3,6,1,1,2,2,6,3,N,N,098-KY-1460-0,2022,O,098-KY-1460  -000,098-KY-1460  -000,6.634,0,0,0,0,1,0,1,0,0,0,0,0,0,1,Non-DAC,1,0,195-1026
72810823,20220929,1940,COLLEGE,N,0.209,0,0,2,2,N,N,25,98,9801,Y,37.4751,-82.52449,2,3,6,1,1,2,3,7,3,N,N,098-CS-1152-0,2022,O,098-CS-1152  -000,098-CS-1152  -000,0.209,0,0,0,0,0,0,1,0,0,0,0,0,0,1,DAC,0,1,
72914595,20230604,1528,US23,N,22.499,0,0,1,1,N,N,55,98,9801,Y,37.46376,-82.51868,9,3,3,1,1,2,2,1,3,N,N,098-US-0023-10,2023,O,098-US-0023  -010,098-US-0023  -000,22.433,0,0,0,0,0,0,0,0,0,0,0,1,0,1,Non-DAC,1,0,195-1232
72972693,20231105,17,US23,N,22.177,1,0,2,2,N,N,55,98,9801,Y,37.4598,-82.51691,8,3,6,1,1,2,6,7,3,Y,N,098-US-0023-0,2023,B,098-US-0023  -000,098-US-0023  -000,22.113,0,0,1,0,0,0,0,0,1,0,0,1,0,1,Non-DAC,0,1,
72765982,20220525,1215,CASSIDY,N,0.027,0,0,2,2,N,N,25,98,9801,Y,37.5037,-82.533,5,3,6,1,1,2,2,7,3,N,N,098-CS-1191-0,2022,O,098-CS-1191  -000,098-CS-1191  -000,0.027,0,0,0,0,0,0,1,0,0,0,0,0,0,1,Non-DAC,1,0,195-0861
72852272,20230104,1244,BAIRD,N,5.381,0,0,2,2,N,N,15,98,9801,Y,37.47348,-82.52716,5,3,6,1,1,3,2,7,3,N,N,098-KY-1426-0,2023,O,098-KY-1426  -000,098-KY-1426  -000,5.381,0,0,0,0,0,0,0,0,0,0,0,0,0,1,DAC,1,0,195-1167
72820089,20221023,1044,US23,N,21.071,0,0,1,1,N,N,55,98,9801,Y,37.44603,-82.52596,9,3,1,1,1,2,2,1,3,N,N,098-US-0023-10,2022,O,098-US-0023  -010,098-US-0023  -000,21.071,0,0,0,0,0,0,0,0,0,0,0,0,0,1,Non-DAC,1,0,195-1289
72959241,20231012,1708,US23,N,,0,0,1,1,N,N,55,98,9801,Y,37.4324,-82.51433,9,5,6,1,1,2,2,7,3,N,N,098-US-0023-0,2023,O,098-US-0023  -000,098-US-0023  -000,18.226,0,0,0,0,0,0,0,0,0,0,0,1,0,1,Non-DAC,1,0,195-1336
72872140,20230304,1504,PRATER,N,,0,0,2,2,N,N,25,98,9801,Y,37.50312,-82.53516,1,3,6,1,1,2,2,1,3,N,N,,2023,O,098-CS-1260  -000,098-CS-1260  -000,0.048,0,0,0,1,0,0,1,1,0,0,1,0,0,1,Non-DAC,0,1,
72900423,20230512,1531,THOMPSON,N,0.787,0,0,2,2,N,N,45,98,9801,Y,37.50417,-82.53905,4,3,6,1,5,6,2,1,3,N,N,098-CS-1215-0,2023,O,098-CS-1215  -000,098-CS-1215  -000,0.796,0,1,0,0,0,0,1,0,0,0,0,0,0,1,Non-DAC,1,0,195-0858
72978584,20231127,1711,US23,N,30.306,0,0,2,2,N,N,55,98,9801,Y,37.54082,-82.58238,1,3,6,1,1,3,2,1,3,N,N,098-US-0023-0,2023,O,098-US-0023  -000,098-US-0023  -000,30.288,0,0,0,0,0,0,0,1,0,0,1,0,0,1,Non-DAC,1,0,195-0579
72911192,20230606,1132,LANKS BRANCH,N,0.388,0,0,1,1,N,N,35,98,9801,Y,37.46325,-82.51104,9,3,1,1,1,2,2,1,3,N,N,098-CS-1017-0,2023,O,098-PR-1170  -000,098-PR-1170  -000,0.391,0,1,0,0,0,0,1,0,0,0,0,1,0,1,Non-DAC,0,1,
72886212,20230411,1840,KILGORE,N,0.021,0,0,1,1,N,N,15,98,9801,Y,37.47605,-82.52231,9,3,6,1,1,2,2,7,3,Y,N,098-CS-1105-0,2023,O,098-CS-1105  -000,098-CS-1105  -000,0.021,0,0,1,0,0,0,0,0,0,0,0,1,0,1,DAC,1,0,195-1144
72945045,20230912,15,US23,N,29.894,0,0,2,2,Y,N,45,98,9801,Y,37.53621,-82.57945,5,3,6,1,1,2,6,1,3,N,N,098-US-0023-10,2023,O,098-US-0023  -010,098-US-0023  -000,29.928,0,1,0,0,0,0,1,0,0,0,0,0,0,1,Non-DAC,0,1,
72979334,20231129,1541,HAMBLEY,N,1.71,0,0,2,2,N,N,35,98,9801,Y,37.48171,-82.53332,1,3,6,1,1,2,2,2,3,N,N,098-CS-1222-0,2023,O,098-CS-1222  -000,098-CS-1222  -000,1.713,0,0,1,0,0,0,1,1,0,0,0,0,0,1,DAC,1,0,195-1064