MasterFile,CollisionDate,CollisionTime,RoadwayName,ParkingLotIndicator,Milepoint,NumberInjured,NumberKilled,ofUnits,ofMotorVehicleUnits,Hit&RunIndicator,OneWayIndicator,SpeedLimitNumber,CountyCode,CityCountyCode,InCityLimitsIndicator,Latitude,Longitude,MannerofCollisionCode,LocationFirstEventCode,RoadwayCharacterCode,RoadwaySurfaceCode,RoadwayConditionCode,WeatherCode,LightConditionCode,LandUseCode,SchoolBusRelatedCode,FirstAidSceneIndicator,PropertyDamageIndicator,RT_UNIQUE,YR,KABCO,WorkingRID,KTC_RT,KTC_MP,Motorcyclist,Commercial Vehicle,Young Driver,Mature Driver,Pedestrian,Bicyclist,Distracted,Aggressive,Impaired,Unrestrained,Intersection,Roadway Departure,Median Cross-over,CityCrash,DACid,Int_Crash,Seg_Crash,Int_ID
72929121,20230718,1608,US23,N,27.408,0,0,2,2,N,N,55,98,9807,Y,37.51093,-82.54929,5,3,6,1,1,3,2,1,3,N,N,098-US-0023-10,2023,O,098-US-0023  -010,098-US-0023  -000,27.401,0,0,0,1,0,0,1,0,0,0,0,0,0,1,Non-DAC,1,0,195-0811
72963499,20231020,1954,US23,N,29.636,0,0,2,2,N,N,45,98,9801,Y,37.53094,-82.57661,5,3,6,1,5,6,6,1,3,N,N,098-US-0023-10,2023,O,098-US-0023  -010,098-US-0023  -000,29.535,0,0,0,0,0,0,0,0,1,0,0,0,0,1,Non-DAC,0,1,
72860124,20230111,1121,PEACH ORCHARD,N,0.17,0,0,2,2,N,N,15,98,9801,Y,37.47968,-82.52409,7,3,6,1,1,2,2,1,3,N,N,098-CS-1158-0,2023,O,098-CS-1219  -000,098-CS-1219  -000,0.13,0,0,0,0,0,0,0,0,0,0,0,0,0,1,DAC,0,1,
72910465,20230613,1109,CHLOE,N,3.097,0,0,2,2,N,N,35,98,9801,Y,37.47245,-82.4828,1,3,4,1,1,2,2,7,3,N,N,098-KY-1460-0,2023,O,098-KY-1460  -000,098-KY-1460  -000,3.066,0,0,0,0,0,0,0,0,0,0,0,0,0,1,Non-DAC,0,1,
72762309,20220516,1725,KY3496 TURN LANE,N,0.014,0,0,2,2,N,N,35,98,9801,Y,37.4658,-82.52816,5,3,2,1,1,2,2,1,3,N,N,,2022,O,098-KY-3496  -000,098-KY-3496  -000,0.014,0,0,0,0,0,0,1,1,0,0,1,0,0,1,DAC,1,0,195-1219
72900464,20230513,1857,CASSIDY,N,0.133,0,0,2,2,N,N,15,98,9801,Y,37.50364,-82.53423,1,97,4,1,1,2,2,1,3,N,N,098-CS-1191-0,2023,O,098-CS-1191  -000,098-CS-1191  -000,0.117,0,0,0,0,0,0,1,0,0,0,0,0,0,1,Non-DAC,0,1,
72860848,20230131,1311,KY3495,N,,0,0,2,2,N,N,35,98,9801,Y,37.48408,-82.5429,5,3,3,1,5,3,2,6,3,N,N,,2023,O,098-KY-1460  -000,098-KY-1460  -000,6.847,0,0,0,0,0,0,1,0,0,0,0,0,0,1,Non-DAC,1,0,195-1013
72817962,20221017,1543,US23 TURN LANE,N,0.018,0,0,2,2,N,N,55,98,9801,Y,37.50355,-82.53246,5,3,3,1,1,2,2,1,3,N,N,,2022,O,098-US-0023  -021,098-US-0023  -021,0.018,0,0,0,1,0,0,1,1,0,0,0,0,0,1,Non-DAC,1,0,195-0861
72873080,20230227,2333,US119,N,0.017,0,0,2,2,N,N,55,98,9801,Y,37.50389,-82.53172,5,3,6,1,1,2,5,1,3,N,N,098-US-0119-10,2023,O,098-US-0119  -010,098-US-0119  -000,0.017,0,0,0,1,0,0,1,0,0,0,0,0,0,1,Non-DAC,1,0,195-0861
72921161,20230708,1232,US23,N,26.214,0,0,2,2,N,N,55,98,9801,Y,37.50268,-82.53201,8,3,6,1,1,2,2,1,3,N,N,098-US-0023-0,2023,O,098-US-0023  -000,098-US-0023  -000,26.152,0,0,0,1,0,0,0,0,0,0,0,1,0,1,Non-DAC,0,1,
72964828,20231027,1649,OWSLEY,N,6.175,0,0,2,2,N,N,35,98,9801,Y,37.47599,-82.55311,5,3,6,1,1,2,2,6,3,N,N,098-KY-1384-0,2023,O,098-KY-1384  -000,098-KY-1384  -000,6.175,0,0,1,0,0,0,1,0,1,0,0,0,0,1,Non-DAC,1,0,195-1155
72887870,20230405,655,KY1426,N,6.603,1,0,2,2,N,N,45,98,9801,Y,37.48301,-82.5133,3,3,6,1,1,2,1,7,3,Y,N,098-KY-1426-0,2023,C,098-KY-1426  -000,098-KY-1426  -000,6.602,0,0,1,0,0,0,0,0,0,0,1,0,0,1,DAC,1,0,195-1019
72981902,20231124,1030,US23,N,30.112,0,0,1,1,N,N,55,98,9801,Y,37.53864,-82.58083,9,3,6,1,1,2,7,7,3,N,N,098-US-0023-0,2023,O,098-US-0023  -000,098-US-0023  -000,30.114,0,0,0,0,0,0,0,0,0,0,0,0,0,1,Non-DAC,1,0,195-0588
72967552,20231031,1353,US23,N,24.738,0,0,1,1,N,N,55,98,9801,Y,37.4849,-82.54277,9,3,3,1,1,2,2,7,3,N,N,098-US-0023-10,2023,O,098-US-0023  -010,098-US-0023  -000,24.669,0,0,0,0,0,0,0,0,0,0,0,0,0,1,Non-DAC,0,1,
72910353,20230609,1018,US23,N,26.281,0,0,3,3,N,N,55,98,9801,Y,37.50363,-82.53214,8,3,6,1,1,2,2,7,3,N,N,098-US-0023-0,2023,O,098-US-0023  -000,098-US-0023  -000,26.219,0,0,0,0,0,0,0,0,0,0,0,1,0,1,Non-DAC,1,0,195-0861
72991712,20231223,1811,KY3417,N,0.372,0,0,2,2,Y,N,35,98,9801,N,37.46662,-82.55817,7,3,6,1,1,2,7,7,3,N,N,098-KY-3417-0,2023,O,098-KY-3417  -000,098-KY-3417  -000,0.372,0,0,0,0,0,0,0,0,0,0,0,1,0,1,Non-DAC,0,1,
72934556,20230815,1842,CHLOE,N,4.655,0,0,2,2,N,N,35,98,9801,Y,37.47771,-82.50844,5,3,6,1,1,2,2,7,3,N,N,098-KY-1460-0,2023,O,098-KY-1460  -000,098-KY-1460  -000,4.629,0,0,0,0,0,0,1,0,0,0,0,0,0,1,Non-DAC,0,1,
72925072,20230722,722,CHLOE,N,5.07,2,0,2,2,N,N,35,98,9801,Y,37.47761,-82.51632,1,3,6,1,5,3,1,6,3,Y,N,098-KY-1460-0,2023,B,098-KY-1460  -000,098-KY-1460  -000,5.07,0,0,1,0,0,0,1,1,0,0,0,0,0,1,DAC,1,0,195-1116
72845728,20221222,1513,CEDAR HILLS,N,4.008,0,0,1,1,N,N,55,98,9801,Y,37.45465,-82.53085,9,5,3,1,1,3,2,7,3,N,N,098-KY-1426-0,2022,O,098-KY-1426  -000,098-KY-1426  -000,4.008,0,0,0,0,0,0,1,0,0,0,0,1,0,1,Non-DAC,0,1,
72989113,20231221,1430,HAMBLEY,N,0.556,0,0,2,2,Y,N,25,98,9801,Y,37.47911,-82.51985,8,5,6,1,1,2,2,1,3,N,N,098-CS-1222-0,2023,O,098-CS-1222  -000,098-CS-1222  -000,0.556,0,0,0,0,0,0,0,0,0,0,0,0,0,1,DAC,0,1,
72739129,20220309,1510,US119,N,1.984,0,0,2,2,N,N,25,98,9801,N,37.51251,-82.49979,5,3,4,1,1,3,2,8,3,N,N,098-US-0119-10,2022,O,098-US-0119  -010,098-US-0119  -000,1.984,0,0,1,0,0,0,0,1,0,0,0,0,0,1,Non-DAC,0,1,
72887486,20230410,1342,US23,N,22.518,0,0,2,2,N,N,55,98,9801,Y,37.46393,-82.51893,5,3,3,1,1,2,2,1,3,N,N,098-US-0023-10,2023,O,098-US-0023  -010,098-US-0023  -000,22.452,0,0,0,0,0,0,1,0,0,0,0,0,0,1,Non-DAC,1,0,195-1232
72978615,20231128,155,US23,N,22.043,0,0,1,1,N,N,55,98,9801,Y,37.45794,-82.51762,9,3,3,1,1,2,4,7,3,N,N,098-US-0023-0,2023,O,098-US-0023  -000,098-US-0023  -000,21.971,0,0,0,0,0,0,0,0,0,0,0,0,0,1,Non-DAC,0,1,
72889453,20230413,928,KY3496,N,0.035,0,0,2,2,N,N,35,98,9801,Y,37.46548,-82.52839,8,3,3,1,1,2,2,7,3,N,N,098-KY-3496-0,2023,O,098-KY-3496  -000,098-KY-3496  -000,0.036,0,0,0,1,0,0,1,1,0,0,0,1,0,1,DAC,1,0,195-1219
72862932,20230206,1821,BYPASS,N,6.551,2,0,2,2,N,N,45,98,9801,Y,37.48235,-82.51371,1,3,6,1,1,2,3,1,3,N,N,098-KY-1426-0,2023,B,098-KY-1426  -000,098-KY-1426  -000,6.551,0,0,0,0,0,0,1,0,0,0,0,0,0,1,DAC,1,0,195-1019
72964338,20231026,1458,US23,N,,1,0,1,1,N,N,45,98,9807,Y,37.53368,-82.57792,9,4,6,1,1,2,2,7,3,Y,N,098-US-0023-10,2023,C,098-US-0023  -010,098-US-0023  -000,29.736,0,0,0,1,0,0,0,0,0,0,0,1,0,1,Non-DAC,0,1,
72971377,20231110,2009,CASSIDY,N,0.022,0,0,3,3,N,N,45,98,9801,Y,37.50373,-82.53252,5,3,4,1,1,2,5,1,3,N,N,098-CS-1191-0,2023,O,098-CS-1191  -000,098-CS-1191  -000,0.022,0,0,0,0,0,0,1,0,0,0,0,0,0,1,Non-DAC,1,0,195-0861
72887474,20230415,1155,US23,N,31.817,0,0,2,2,N,N,55,98,9801,Y,37.53743,-82.60548,7,3,6,1,1,2,2,2,3,N,N,098-US-0023-0,2023,O,098-US-0023  -000,098-US-0023  -000,31.796,0,0,0,1,0,0,1,0,0,0,0,1,0,1,Non-DAC,0,1,
72813067,20221004,1520,US23,N,26.221,0,0,2,2,N,N,55,98,9801,Y,37.50278,-82.53223,8,3,6,1,1,2,2,1,3,N,N,098-US-0023-10,2022,O,098-US-0023  -010,098-US-0023  -000,26.221,0,0,1,0,0,0,0,0,0,0,0,1,0,1,Non-DAC,1,0,195-0861
72970888,20231107,1223,CASSIDY,N,0.31,0,0,2,2,N,N,35,98,9801,Y,37.50518,-82.53704,1,3,6,1,1,2,2,1,3,N,N,098-CS-1191-0,2023,O,098-CS-1191  -000,098-CS-1191  -000,0.307,0,0,0,0,0,0,1,0,0,0,0,0,0,1,Non-DAC,0,1,
72953887,20230926,1734,US23,N,24.107,1,0,3,3,N,N,55,98,9801,Y,37.47673,-82.53979,5,3,6,1,1,2,2,1,3,N,N,098-US-0023-10,2023,C,098-US-0023  -010,098-US-0023  -000,24.035,0,0,0,0,0,0,1,0,0,0,0,0,0,1,DAC,0,1,
72984539,20231204,802,US23,N,32.033,0,0,2,2,N,N,55,98,9801,Y,37.53761,-82.60942,8,2,6,1,1,3,2,7,3,N,N,,2023,O,098-US-0023  -000,098-US-0023  -000,32.013,0,0,0,0,0,0,0,0,1,0,0,1,0,1,Non-DAC,0,1,
72907979,20230606,1424,THOMPSON,N,0.043,0,0,2,2,N,N,35,98,9801,Y,37.51018,-82.54826,5,3,6,2,1,2,2,7,3,N,N,098-CS-1215-0,2023,O,098-CS-1215  -000,098-CS-1215  -000,0.043,0,0,0,0,0,0,0,0,0,0,0,0,0,1,Non-DAC,1,0,195-0812
72896387,20230509,618,US23,N,29.866,0,0,1,1,N,N,55,98,9801,Y,37.53503,-82.57915,9,3,6,1,1,3,1,7,3,N,N,098-US-0023-10,2023,O,098-US-0023  -010,098-US-0023  -000,29.847,0,0,0,0,0,0,0,0,0,0,0,0,0,1,Non-DAC,0,1,
72907255,20230604,1417,US23,N,19.652,0,0,1,1,N,N,55,98,9801,Y,37.44922,-82.50642,9,3,3,1,1,2,2,2,3,N,N,,2023,O,098-US-0023  -000,098-US-0023  -000,19.601,0,0,0,1,0,0,0,0,0,0,0,0,0,1,Non-DAC,0,1,
72873468,20230208,915,SCOTT,N,0.058,0,0,2,2,N,N,15,98,9801,Y,37.48254,-82.51635,1,3,6,1,1,2,2,1,3,N,N,098-CS-1116-0,2023,O,098-CS-1116  -000,098-CS-1116  -000,0.06,0,0,0,0,0,0,1,0,0,0,0,0,0,1,DAC,1,0,195-1037
72979408,20231129,1643,CASSIDY,N,0.332,0,0,2,2,N,N,25,98,9801,Y,37.50531,-82.53754,5,3,4,1,1,2,2,1,3,N,N,,2023,O,098-CS-1191  -000,098-CS-1191  -000,0.335,0,0,0,0,0,0,0,0,0,0,0,0,0,1,Non-DAC,0,1,
72907254,20230530,1512,US23,N,24.285,0,0,2,2,N,N,55,98,9801,Y,37.47864,-82.54211,8,3,1,1,1,2,2,2,3,N,N,,2023,O,098-US-0023  -000,098-US-0023  -000,24.216,0,0,0,0,0,0,1,0,0,0,0,0,0,1,DAC,0,1,
72986032,20231213,1320,US23,N,27.419,0,0,2,2,N,N,55,98,9807,Y,37.51101,-82.54954,5,3,6,1,1,2,2,7,3,N,N,098-US-0023-10,2023,O,098-US-0023  -010,098-US-0023  -000,27.416,0,0,0,1,0,0,0,0,0,0,0,0,0,1,Non-DAC,0,1,
72885228,20230410,1200,COLLEGE,N,0.214,0,0,2,2,Y,N,25,98,9801,Y,37.47792,-82.51924,8,7,6,1,1,2,2,1,3,N,N,098-CS-1108-0,2023,O,098-CS-1108  -000,098-CS-1108  -000,0.213,0,0,0,0,0,0,0,0,0,0,0,0,0,1,DAC,0,1,
72851724,20230105,1535,KY1460,N,6.935,0,0,2,2,N,N,35,98,9801,Y,37.48458,-82.5438,1,3,1,1,1,2,2,1,3,N,N,098-KY-1460-0,2023,O,098-KY-1460  -000,098-KY-1460  -000,6.92,0,0,0,0,0,0,1,1,0,0,0,0,0,1,Non-DAC,1,0,195-0999
72945747,20230901,1820,CASSIDY,N,0.16,0,0,2,2,N,N,35,98,9801,Y,37.50369,-82.53465,4,3,6,1,1,2,2,1,3,N,N,098-CS-1191-0,2023,O,098-CS-1191  -000,098-CS-1191  -000,0.14,0,0,0,0,0,0,1,1,0,0,0,0,0,1,Non-DAC,0,1,
72887037,20230413,1400,US460,N,0.249,0,0,2,2,N,N,55,98,9801,Y,37.43902,-82.50976,1,3,6,1,1,2,2,7,3,N,N,,2023,O,098-US-0460  -000,098-US-0460  -000,0.249,0,0,0,1,0,0,0,1,0,0,0,0,0,1,Non-DAC,1,0,195-1307
72855828,20230117,1303,ELM,N,0.094,0,0,1,1,N,N,25,98,9801,Y,37.47822,-82.52238,9,97,6,1,5,3,2,6,3,N,Y,098-CS-1169-0,2023,O,098-CS-1169  -000,098-CS-1169  -000,0.094,0,0,0,1,0,0,0,0,0,0,0,1,0,1,DAC,0,1,
72907167,20230602,1352,CASSIDY,N,0.044,0,0,2,2,N,N,25,98,9801,Y,37.5037,-82.53288,5,3,6,1,1,2,2,1,3,N,N,098-CS-1191-0,2023,O,098-CS-1191  -000,098-CS-1191  -000,0.042,0,0,0,1,0,0,0,0,0,0,0,0,0,1,Non-DAC,1,0,195-0861
72896908,20230501,1353,US119,N,2.686,2,0,3,3,N,N,55,98,9801,Y,37.51407,-82.48731,1,3,6,1,1,2,2,7,3,Y,N,098-US-0119-10,2023,C,098-US-0119  -010,098-US-0119  -000,2.683,0,0,0,0,0,0,0,0,0,0,0,0,0,1,DAC,1,0,195-0777
72935592,20230818,1129,BAIRD,N,5.416,0,0,2,2,N,N,25,98,9801,Y,37.47298,-82.52699,1,3,6,1,1,2,2,7,3,N,N,098-KY-1426-0,2023,O,098-KY-1426  -000,098-KY-1426  -000,5.417,0,0,0,0,0,0,0,0,0,0,0,0,0,1,DAC,1,0,195-1180
72884186,20230406,920,KY3496,N,0.917,0,0,2,2,N,N,35,98,9801,Y,37.47243,-82.52689,1,3,6,1,1,3,2,7,3,N,N,098-KY-3496-0,2023,O,098-KY-3496  -000,098-KY-3496  -000,0.946,0,0,0,0,0,0,1,0,0,0,0,0,0,1,DAC,1,0,195-1180
72928905,20230724,1421,BYPASS,N,5.549,0,0,2,2,N,N,45,98,9801,Y,37.48637,-82.52029,2,3,6,1,1,2,2,7,3,N,N,098-KY-1460-0,2023,O,098-KY-1460  -000,098-KY-1460  -000,5.535,0,0,0,1,0,0,1,0,0,0,0,0,0,1,DAC,1,0,195-0951
72954362,20230926,903,US23,N,22.043,0,0,2,2,N,N,55,98,9801,Y,37.45793,-82.51745,8,3,6,1,1,2,2,7,3,N,N,,2023,O,098-US-0023  -000,098-US-0023  -000,21.976,0,0,0,0,0,0,0,1,0,0,0,1,0,1,Non-DAC,0,1,
72990647,20231227,540,ISLAND CREEK,N,2.381,0,0,1,1,N,N,45,98,9801,N,37.45861,-82.55379,9,3,6,1,5,6,4,7,3,N,N,,2023,O,098-KY-1426  -000,098-KY-1426  -000,2.384,0,0,0,0,0,0,0,0,0,0,0,1,0,1,Non-DAC,0,1,
72987183,20231215,1634,US 23 SOUTH,N,,0,0,2,2,Y,N,45,98,9807,Y,37.54019,-82.58192,1,3,6,1,1,2,2,7,3,N,N,,2023,O,098-US-0023  -000,098-US-0023  -000,30.237,0,0,0,0,0,0,1,0,0,0,0,0,0,1,Non-DAC,0,1,
72887038,20230414,1918,OWSLEY,N,6.188,0,0,2,2,N,N,35,98,9801,Y,37.47605,-82.55287,5,3,6,1,5,6,2,6,3,N,N,098-KY-1384-0,2023,O,098-KY-1384  -000,098-KY-1384  -000,6.189,0,0,0,0,0,0,0,0,0,0,0,0,0,1,Non-DAC,1,0,195-1155
72963672,20231005,1527,CASSIDY,N,0.289,0,0,2,2,N,N,15,98,9801,Y,37.50497,-82.53661,7,97,6,1,1,2,2,1,3,N,N,098-CS-1191-0,2023,O,098-CS-1191  -000,098-CS-1191  -000,0.28,0,0,0,1,0,0,0,0,0,0,0,1,0,1,Non-DAC,0,1,
72903283,20230517,1716,US23,N,26.175,1,0,2,2,N,N,55,98,9801,Y,37.50212,-82.53192,5,3,6,1,1,2,2,7,3,N,N,098-US-0023-0,2023,C,098-US-0023  -000,098-US-0023  -000,26.113,0,0,0,0,0,0,1,0,0,0,0,0,0,1,Non-DAC,0,1,
72807866,20220911,1725,US23,N,29.636,0,0,2,2,N,N,55,98,9801,Y,37.53198,-82.57734,5,3,6,1,5,97,2,6,3,N,N,098-US-0023-10,2022,O,098-US-0023  -010,098-US-0023  -000,29.636,0,0,1,0,0,0,1,0,0,0,0,0,0,1,Non-DAC,0,1,
72847032,20221220,1351,US23,N,31.837,0,0,2,2,N,N,55,98,9801,Y,37.53746,-82.60585,5,7,6,1,1,2,2,7,3,N,N,098-US-0023-0,2022,O,098-US-0023  -000,098-US-0023  -000,31.837,0,0,0,1,0,0,1,0,0,0,0,0,0,1,Non-DAC,1,0,195-0613
72903642,20230525,15,KY1460 TURN LANE,N,0.011,0,0,1,1,N,N,45,98,9801,Y,37.4776,-82.51612,9,6,3,1,1,2,5,7,3,N,N,098-KY-1460-23,2023,O,098-KY-1460  -023,098-KY-1460  -023,0.01,0,0,0,0,0,0,1,0,0,0,0,1,0,1,DAC,1,0,195-1116
72959832,20231016,1502,KY1426,N,8.127,0,0,1,1,N,N,35,98,9801,Y,37.493,-82.49097,9,3,1,1,5,3,2,7,3,N,Y,098-KY-1426-0,2023,O,098-KY-1426  -000,098-KY-1426  -000,8.136,0,0,0,0,0,0,0,0,0,0,0,1,0,1,Non-DAC,0,1,
72940442,20230829,1809,BAILEY,N,,0,0,2,2,N,N,25,98,9801,Y,37.47659,-82.51604,2,3,4,1,1,2,2,7,3,N,N,,2023,O,098-CS-1262  -000,098-CS-1262  -000,0.008,0,0,0,0,0,0,1,0,0,0,0,0,0,1,Non-DAC,0,1,
72861520,20230203,1348,US23,N,23.062,0,0,2,2,N,N,55,98,9801,Y,37.46594,-82.52807,8,3,6,1,1,2,2,1,3,N,N,098-US-0023-0,2023,O,098-US-0023  -000,098-US-0023  -000,22.997,0,0,0,1,0,0,1,1,0,0,1,0,0,1,DAC,1,0,195-1219
72978230,20231126,1735,MAYO,N,19.707,0,0,1,1,N,N,55,98,9801,Y,37.44959,-82.50713,9,6,3,1,1,3,3,1,3,N,N,098-US-0023-10,2023,O,098-US-0023  -010,098-US-0023  -000,19.651,0,0,0,1,0,0,1,0,0,0,0,1,0,1,Non-DAC,0,1,
72868284,20230218,1311,CASSIDY,N,0.061,0,0,2,2,N,N,25,98,9801,Y,37.50367,-82.53313,1,3,6,1,1,2,2,1,3,N,N,098-CS-1191-0,2023,O,098-CS-1191  -000,098-CS-1191  -000,0.056,0,0,1,0,0,0,1,1,0,0,0,0,0,1,Non-DAC,0,1,
72919234,20230630,1456,US23,N,26.864,2,0,2,2,N,N,55,98,9801,Y,37.50964,-82.53876,8,3,6,1,1,2,2,7,3,Y,N,098-US-0023-0,2023,A,098-US-0023  -000,098-US-0023  -000,26.807,0,0,0,1,0,0,1,0,0,0,0,1,0,1,Non-DAC,0,1,
72897375,20230509,52,US23,N,27.364,0,0,2,2,N,N,55,98,9801,Y,37.51089,-82.54852,1,3,6,1,1,2,6,7,3,N,N,098-US-0023-0,2023,O,098-US-0023  -000,098-US-0023  -000,27.36,0,0,0,1,0,0,1,0,0,0,0,0,0,1,Non-DAC,1,0,195-0811
72983050,20231207,1450,US23,N,26.288,0,0,2,2,N,N,55,98,9801,Y,37.50373,-82.53215,4,3,6,1,1,2,2,7,3,N,N,098-US-0023-0,2023,O,098-US-0023  -000,098-US-0023  -000,26.226,0,0,0,1,0,0,1,1,0,0,0,0,0,1,Non-DAC,1,0,195-0861
72883393,20230204,1456,US23,N,24.796,1,1,2,1,N,N,55,98,9801,Y,37.48574,-82.54243,9,3,6,1,1,2,2,7,3,Y,N,098-US-0023-10,2023,K,098-US-0023  -010,098-US-0023  -000,24.73,0,0,0,0,1,0,0,0,0,0,0,1,0,1,Non-DAC,1,0,195-0961
72853570,20230108,1804,US23,N,17.886,0,0,2,2,N,N,45,98,9807,Y,37.42736,-82.51637,1,3,6,1,5,3,5,7,3,N,N,098-US-0023-10,2023,O,098-US-0023  -010,098-US-0023  -000,17.857,0,0,0,0,0,0,0,1,0,0,0,0,0,1,Non-DAC,0,1,
72860125,20230125,1035,BAIRD,N,5.392,0,0,2,2,N,N,55,98,9801,Y,37.47322,-82.52712,5,3,6,1,1,2,2,1,3,N,N,098-KY-1426-0,2023,O,098-KY-1426  -000,098-KY-1426  -000,5.399,0,0,0,1,0,0,1,0,0,0,0,0,0,1,DAC,1,0,195-1174
72955671,20230929,1201,KY3496,N,0.694,0,0,2,2,N,N,35,98,9801,Y,37.47186,-82.53145,4,3,6,1,1,2,2,1,3,N,N,098-KY-3496-0,2023,O,098-KY-3496  -000,098-KY-3496  -000,0.698,0,0,0,1,0,0,1,0,0,0,0,0,0,1,DAC,0,1,
72992211,20231220,939,BYPASS,N,5.699,2,0,2,2,N,N,45,98,9801,Y,37.47282,-82.52271,1,3,6,1,1,2,2,1,3,Y,N,098-KY-1426-0,2023,C,098-KY-1426  -000,098-KY-1426  -000,5.699,0,0,0,0,0,0,1,0,0,0,0,0,0,1,DAC,1,0,195-1178
72861694,20230203,1624,US23,N,27.367,0,0,2,2,N,N,55,98,9801,Y,37.5109,-82.54855,5,3,6,1,1,3,2,7,3,N,N,098-US-0023-0,2023,O,098-US-0023  -000,098-US-0023  -000,27.361,0,0,1,0,0,0,1,1,0,0,0,0,0,1,Non-DAC,1,0,195-0811
72868746,20230224,759,US119,N,0.043,0,0,2,2,N,N,55,98,9801,Y,37.50395,-82.53126,5,3,6,1,1,2,2,7,3,N,N,098-US-0119-0,2023,O,098-US-0119  -000,098-US-0119  -000,0.05,0,0,0,0,0,0,0,0,0,0,0,0,0,1,Non-DAC,1,0,195-0861
72987513,20231206,,BAIRD,N,5.394,0,0,2,2,Y,N,55,98,9801,Y,37.47327,-82.52711,1,3,3,1,1,2,6,1,3,N,N,098-KY-1426-0,2023,O,098-KY-1426  -000,098-KY-1426  -000,5.395,0,0,0,1,0,0,0,1,0,0,1,0,0,1,DAC,1,0,195-1174
72864595,20230210,1730,US23,N,26.25,0,0,2,2,N,N,55,98,9801,Y,37.50319,-82.53208,5,3,3,1,1,3,2,7,3,N,N,098-US-0023-0,2023,O,098-US-0023  -000,098-US-0023  -000,26.188,0,0,0,0,0,0,1,0,0,0,0,0,0,1,Non-DAC,1,0,195-0861
72889045,20230417,1413,US119,N,2.689,0,0,2,2,N,N,55,98,9801,Y,37.51423,-82.48785,1,3,6,1,1,2,2,7,3,N,N,098-US-0119-10,2023,O,098-US-0119  -010,098-US-0119  -000,2.653,0,0,0,1,0,0,0,0,0,0,0,0,0,1,DAC,1,0,195-0777
72929637,20230803,1417,KY3496,N,0.909,0,0,2,2,N,N,35,98,9801,Y,37.47216,-82.52753,1,3,6,1,5,3,2,1,3,N,N,098-KY-3496-0,2023,O,098-KY-3496  -000,098-KY-3496  -000,0.914,0,0,0,0,0,0,1,0,0,0,0,0,0,1,DAC,1,0,195-1180
72845864,20221221,1735,KY3496,N,0.012,1,0,2,2,N,N,35,98,9801,Y,37.46581,-82.52815,5,3,6,1,1,3,3,7,3,N,N,098-KY-3496-0,2022,C,098-KY-3496  -000,098-KY-3496  -000,0.012,0,0,0,0,0,0,1,0,0,0,0,0,0,1,DAC,1,0,195-1219
72879699,20230325,1013,US23,N,18.308,0,0,2,2,N,N,55,98,9807,Y,37.43335,-82.51434,1,3,6,1,1,2,2,7,3,N,N,098-US-0023-0,2023,O,098-US-0023  -000,098-US-0023  -000,18.291,0,0,1,0,0,0,0,0,0,0,0,0,0,1,Non-DAC,0,1,
72808043,20220922,1149,KY3417,N,0.198,1,0,1,1,N,N,35,98,9801,Y,37.46434,-82.55949,9,3,3,1,5,3,2,7,3,Y,N,098-KY-3417-0,2022,C,098-KY-3417  -000,098-KY-3417  -000,0.198,0,0,0,0,0,0,0,0,0,0,0,1,0,1,Non-DAC,0,1,
72810316,20220928,1620,CASSIDY,N,0.314,0,0,2,2,N,N,35,98,9801,Y,37.50542,-82.53721,5,3,6,1,1,3,2,1,3,N,N,098-CS-1191-0,2022,O,098-CS-1191  -000,098-CS-1191  -000,0.314,0,0,0,1,0,0,1,0,0,0,0,0,0,1,Non-DAC,0,1,
72974506,20231117,1353,US23,N,32.805,0,0,2,2,N,N,55,98,9801,Y,37.53175,-82.61947,4,3,6,1,1,3,2,2,3,N,N,098-US-0023-10,2023,O,098-US-0023  -010,098-US-0023  -000,32.786,0,0,1,1,0,0,0,1,0,0,0,0,0,1,Non-DAC,1,0,195-0668
72979563,20231128,1317,KY1460,N,6.627,0,0,2,2,N,N,45,98,9801,Y,37.48348,-82.53793,5,3,6,1,1,2,2,6,3,N,N,098-KY-1460-0,2023,O,098-KY-1460  -000,098-KY-1460  -000,6.58,0,0,0,1,0,0,1,0,0,0,0,0,0,1,Non-DAC,1,0,195-1027
72950399,20230920,1438,US23,N,30.843,0,0,2,2,N,N,55,98,9801,Y,37.54133,-82.59115,8,3,6,1,1,2,2,7,3,N,N,,2023,O,098-US-0023  -010,098-US-0023  -000,30.843,0,0,0,0,0,0,1,0,0,0,0,1,0,1,Non-DAC,0,1,
72833462,20221122,2300,OWSLEY,N,6.194,0,0,1,1,N,N,35,98,9801,Y,37.47606,-82.55277,9,3,6,1,1,3,6,6,3,N,N,098-KY-1384-0,2022,O,098-KY-1384  -000,098-KY-1384  -000,6.194,0,0,1,0,0,0,0,0,0,0,0,0,0,1,Non-DAC,1,0,195-1155