MasterFile,CollisionDate,CollisionTime,RoadwayName,ParkingLotIndicator,Milepoint,NumberInjured,NumberKilled,ofUnits,ofMotorVehicleUnits,Hit&RunIndicator,OneWayIndicator,SpeedLimitNumber,CountyCode,CityCountyCode,InCityLimitsIndicator,Latitude,Longitude,MannerofCollisionCode,LocationFirstEventCode,RoadwayCharacterCode,RoadwaySurfaceCode,RoadwayConditionCode,WeatherCode,LightConditionCode,LandUseCode,SchoolBusRelatedCode,FirstAidSceneIndicator,PropertyDamageIndicator,RT_UNIQUE,YR,KABCO,WorkingRID,KTC_RT,KTC_MP,Motorcyclist,Commercial Vehicle,Young Driver,Mature Driver,Pedestrian,Bicyclist,Distracted,Aggressive,Impaired,Unrestrained,Intersection,Roadway Departure,Median Cross-over,CityCrash,DACid,Int_Crash,Seg_Crash,Int_ID
72921233,20230711,1408,CAROLINE,N,0.015,0,0,2,2,N,N,5,98,9801,Y,37.47915,-82.5192,8,5,6,1,1,2,2,1,3,N,N,098-CS-1127-0,2023,O,098-CS-1127  -000,098-CS-1127  -000,0.035,0,0,0,0,0,0,0,0,0,0,0,0,0,1,DAC,1,0,195-1093
72834101,20221125,1305,BYPASS,N,6.116,0,0,2,2,N,N,45,98,9801,Y,37.47689,-82.51707,5,3,6,1,5,3,2,7,3,N,N,098-KY-1426-0,2022,O,098-KY-1426  -000,098-KY-1426  -000,6.116,0,0,0,0,0,0,1,0,0,0,0,0,0,1,DAC,1,0,195-1125
72899337,20230516,1238,THOMPSON,N,0.368,0,0,2,2,N,N,35,98,9801,Y,37.50663,-82.54597,5,3,6,1,1,3,2,7,3,N,N,098-CS-1215-0,2023,O,098-CS-1215  -000,098-CS-1215  -000,0.377,0,0,0,1,0,0,0,0,0,0,0,0,0,1,Non-DAC,0,1,
72854606,20230108,2038,US23,N,24.829,0,0,1,1,N,N,55,98,9801,Y,37.48646,-82.54179,9,3,6,1,5,3,5,7,3,N,N,098-US-0023-10,2023,O,098-US-0023  -010,098-US-0023  -000,24.785,0,0,1,0,0,0,0,0,0,0,0,0,0,1,Non-DAC,0,1,
72853578,20230106,1726,CASSIDY,N,0.055,0,0,2,2,N,N,25,98,9801,Y,37.50368,-82.53305,8,3,6,1,1,2,2,7,3,N,N,098-CS-1191-0,2023,O,098-CS-1191  -000,098-CS-1191  -000,0.051,0,0,0,0,0,0,0,0,0,0,0,1,0,1,Non-DAC,1,0,195-0861
72921894,20230707,1948,BAIRD,N,5.388,0,0,2,2,N,N,55,98,9801,Y,37.47308,-82.52694,1,3,6,1,1,3,2,1,3,N,N,098-KY-1426-0,2023,O,098-KY-1426  -000,098-KY-1426  -000,5.41,0,0,1,0,0,0,0,1,0,0,0,0,0,1,DAC,1,0,195-1174
72958966,20231007,1309,US23,N,31.769,3,0,2,2,N,N,55,98,9801,Y,37.53737,-82.60461,1,3,6,1,1,2,2,7,3,Y,N,098-US-0023-0,2023,C,098-US-0023  -000,098-US-0023  -000,31.749,0,0,0,1,0,0,0,0,0,0,0,1,0,1,Non-DAC,0,1,
72892950,20230420,1400,TRIVETTE,N,0.148,0,0,2,2,N,Y,15,98,9801,Y,37.48399,-82.51598,2,3,6,1,1,2,2,6,3,N,N,098-CS-1114-0,2023,O,098-CS-1114  -000,098-CS-1114  -000,0.148,0,0,0,0,0,0,1,0,0,0,0,0,0,1,DAC,0,1,
72844834,20221219,1545,HAROLDS BRANCH,N,,0,0,2,2,N,N,35,98,9801,Y,37.47281,-82.5227,5,3,6,1,1,2,2,7,3,N,N,098-CS-1223-0,2022,O,098-CS-1223  -000,098-CS-1223  -000,0.001,0,0,0,0,0,0,1,1,0,0,0,0,0,1,DAC,1,0,195-1178
72902447,20230522,1513,CASSIDY,N,0.261,0,0,2,2,Y,N,35,98,9801,Y,37.50464,-82.53612,1,3,6,1,1,2,2,7,3,N,N,098-CS-1191-0,2023,O,098-CS-1191  -000,098-CS-1191  -000,0.245,0,0,0,0,0,0,0,1,1,0,0,0,0,1,Non-DAC,0,1,
72802195,20220831,2253,US23,N,24.668,0,0,1,1,N,N,55,98,9801,Y,37.48399,-82.54289,9,3,6,1,1,3,5,7,3,N,N,098-US-0023-0,2022,O,098-US-0023  -000,098-US-0023  -000,24.668,0,0,0,0,0,0,0,0,0,0,0,0,0,1,Non-DAC,0,1,
72902998,20230525,818,BYPASS,N,5.686,0,0,2,2,N,N,15,98,9801,Y,37.47275,-82.52293,2,3,6,1,1,2,2,1,3,N,N,,2023,O,098-KY-1426  -000,098-KY-1426  -000,5.686,0,0,0,1,0,0,1,0,0,0,0,0,0,1,DAC,1,0,195-1178
72929122,20230727,1655,CASSIDY,N,0.069,0,0,2,2,N,N,15,98,9801,Y,37.50366,-82.53326,1,97,6,1,1,2,2,1,3,N,N,098-CS-1191-0,2023,O,098-CS-1191  -000,098-CS-1191  -000,0.063,0,0,1,0,0,0,1,0,0,0,0,0,0,1,Non-DAC,0,1,
72892997,20230426,1610,RIVERVIEW,N,0.206,0,0,2,2,N,N,15,98,9801,Y,37.48437,-82.53129,8,3,6,1,1,2,2,6,3,N,N,098-CS-1149-0,2023,O,098-CS-1149  -000,098-CS-1149  -000,0.205,0,0,0,0,0,0,1,0,0,0,0,0,0,1,DAC,0,1,
72948975,20230910,1443,KY3496,N,0.668,1,0,2,2,N,N,35,98,9801,Y,37.4718,-82.53192,1,3,6,1,1,3,2,1,3,Y,N,098-KY-3496-0,2023,C,098-KY-3496  -000,098-KY-3496  -000,0.676,0,0,0,0,0,0,1,0,0,0,0,0,0,1,DAC,0,1,
72944932,20230908,1511,US 23 SOUTH,N,,0,0,2,2,N,N,45,98,9807,Y,37.53637,-82.57947,8,3,6,1,1,2,2,7,3,N,N,,2023,O,098-US-0023  -010,098-US-0023  -000,29.939,0,1,0,0,0,0,1,1,0,0,0,1,0,1,Non-DAC,0,1,
72832599,20221116,2122,CASSIDY,N,0.319,0,0,2,2,N,N,35,98,9801,Y,37.5052,-82.53722,7,3,3,1,1,2,5,1,3,N,N,,2022,O,098-CS-1191  -000,098-CS-1191  -000,0.319,0,0,0,0,0,0,1,0,0,0,0,1,0,1,Non-DAC,0,1,
72833463,20221122,1735,US23,N,21.113,0,0,2,2,N,N,55,98,9801,Y,37.44664,-82.5258,8,3,3,1,1,2,2,7,3,N,N,098-US-0023-0,2022,O,098-US-0023  -000,098-US-0023  -000,21.113,0,0,1,0,0,0,1,0,0,0,0,1,0,1,Non-DAC,0,1,
72867243,20230218,615,KY1426,N,7.592,1,0,2,1,Y,N,45,98,9801,Y,37.49037,-82.49877,9,5,6,1,1,2,6,6,3,Y,N,098-KY-1426-0,2023,A,098-KY-1426  -000,098-KY-1426  -000,7.593,0,0,0,0,0,1,0,0,0,0,1,0,0,1,Non-DAC,1,0,195-0929
72963851,20231025,1718,KY3496,N,0.009,0,0,2,2,N,N,35,98,9801,Y,37.46584,-82.52812,5,3,6,1,1,2,3,3,3,N,N,098-KY-3496-0,2023,O,098-KY-3496  -000,098-KY-3496  -000,0.01,0,0,1,0,0,0,1,1,0,0,0,0,0,1,DAC,1,0,195-1219
72898384,20230513,2115,US460,N,0.407,0,0,1,1,N,N,55,98,9801,Y,37.43695,-82.51125,9,3,3,1,5,6,6,1,3,N,N,098-US-0460-0,2023,O,098-US-0460  -000,098-US-0460  -000,0.407,0,0,0,0,0,0,1,0,0,0,0,1,0,1,Non-DAC,0,1,
72960694,20231010,1752,BYPASS,N,,0,0,2,2,N,N,35,98,9801,Y,37.47679,-82.5172,5,3,6,1,1,2,2,1,3,N,N,098-KY-1426-0,2023,O,098-KY-1426  -000,098-KY-1426  -000,6.107,0,0,0,1,0,0,1,0,0,0,0,0,0,1,DAC,1,0,195-1125
72925319,20230721,1700,BAIRD,N,5.392,0,0,2,2,N,N,35,98,9801,Y,37.47322,-82.52712,1,3,6,1,1,2,2,1,3,N,N,,2023,O,098-KY-1426  -000,098-KY-1426  -000,5.399,0,0,0,0,0,0,0,1,0,0,0,0,0,1,DAC,1,0,195-1174
72812265,20221003,1609,CASSIDY,N,0.209,0,0,2,2,N,N,35,98,9801,Y,37.50412,-82.53536,4,3,6,1,1,3,2,7,3,N,N,098-CS-1191-0,2022,O,098-CS-1191  -000,098-CS-1191  -000,0.209,0,0,1,0,0,0,1,0,0,0,0,0,0,1,Non-DAC,0,1,
72859679,20230125,744,BAIRD,N,5.391,0,0,2,2,N,N,25,98,9801,Y,37.47318,-82.52715,5,3,6,1,5,6,2,7,3,N,N,098-KY-1426-0,2023,O,098-KY-1426  -000,098-KY-1426  -000,5.401,0,0,0,0,0,0,0,0,0,0,0,0,0,1,DAC,1,0,195-1174
72877199,20230314,558,BAIRD,N,5.394,0,0,2,2,N,N,55,98,9801,Y,37.47325,-82.52711,1,3,6,1,1,2,5,1,3,N,N,098-KY-1426-0,2023,O,098-KY-1426  -000,098-KY-1426  -000,5.397,0,0,0,0,0,0,1,0,0,0,0,1,0,1,DAC,1,0,195-1174
72974507,20231117,1730,CASSIDY,N,0.198,0,0,2,2,N,N,35,98,9801,Y,37.50402,-82.53519,8,3,3,1,5,5,5,2,3,N,N,098-CS-1191-0,2023,O,098-CS-1191  -000,098-CS-1191  -000,0.177,0,1,0,0,0,0,1,0,0,0,0,1,0,1,Non-DAC,0,1,
72804356,20220910,1057,US119,N,0.104,0,0,3,3,N,N,55,98,9801,Y,37.50415,-82.5302,5,3,6,1,1,3,2,7,3,N,N,,2022,O,098-US-0119  -010,098-US-0119  -000,0.104,0,0,1,0,0,0,1,0,0,0,0,0,0,1,Non-DAC,0,1,
72773915,20220603,908,BYPASS,N,6.368,1,0,1,1,N,N,45,98,9801,Y,37.48427,-82.53345,9,6,3,1,1,2,2,7,3,Y,N,098-KY-1460-0,2022,C,098-KY-1460  -000,098-KY-1460  -000,6.368,0,0,0,0,0,0,0,0,0,0,0,1,0,1,DAC,0,1,
72844028,20221213,1904,US23,N,26.289,0,0,2,2,N,N,55,98,9801,Y,37.50373,-82.53216,5,3,6,1,1,3,5,7,3,N,N,098-US-0023-0,2022,O,098-US-0023  -000,098-US-0023  -000,26.289,0,0,0,0,0,0,1,0,1,0,1,0,0,1,Non-DAC,0,1,
72808124,20220922,2043,LONGVIEW,N,0.007,0,0,2,2,N,N,55,98,9801,Y,37.42467,-82.51704,1,3,6,1,1,2,6,7,3,N,N,098-CR-1267HH-0,2022,O,098-CR-1267HH-000,098-CR-1267HH-000,0.007,0,0,0,0,0,0,1,0,0,0,0,0,0,1,Non-DAC,0,1,
72911489,20230615,2121,US23,N,22.301,0,0,1,1,N,N,55,98,9801,Y,37.4615,-82.51686,9,3,3,1,1,2,6,1,3,N,N,098-US-0023-0,2023,O,098-US-0023  -000,098-US-0023  -000,22.234,0,0,0,0,0,0,0,0,0,0,0,0,0,1,Non-DAC,1,0,195-1243
72978138,20231126,1756,US23,N,26.284,2,0,2,2,N,N,55,98,9801,Y,37.50367,-82.53214,1,3,6,1,1,3,5,1,3,N,N,098-US-0023-0,2023,C,098-US-0023  -000,098-US-0023  -000,26.222,0,0,0,0,0,0,0,1,0,0,1,0,0,1,Non-DAC,1,0,195-0861
72857514,20230123,1437,BAIRD,N,5.389,0,0,2,2,N,N,25,98,9801,Y,37.47311,-82.52705,5,3,6,1,5,3,2,7,3,N,N,098-KY-1426-0,2023,O,098-KY-1426  -000,098-KY-1426  -000,5.407,0,0,0,0,0,0,1,0,0,0,0,0,0,1,DAC,1,0,195-1174
72957726,20231003,1118,US119,N,2.111,1,0,2,2,N,N,55,98,9801,N,37.51263,-82.49738,5,3,6,1,1,2,2,7,3,Y,N,,2023,C,098-US-0119  -010,098-US-0119  -000,2.111,0,1,0,1,0,0,1,0,0,0,0,0,0,1,Non-DAC,0,1,
72979333,20231129,1048,US23,N,26.293,0,0,2,2,N,N,55,98,9801,Y,37.50376,-82.53234,5,3,6,1,1,2,2,2,3,N,N,098-US-0023-10,2023,O,098-US-0023  -010,098-US-0023  -000,26.229,0,0,1,0,0,0,1,0,0,0,0,0,0,1,Non-DAC,1,0,195-0861
72906767,20230602,1642,US460,N,0.246,0,0,2,2,N,N,55,98,9801,Y,37.43942,-82.50946,5,3,6,1,1,2,2,1,3,N,N,098-US-0460-0,2023,O,098-US-0460  -000,098-US-0460  -000,0.218,0,0,0,1,0,0,1,0,0,0,0,0,0,1,Non-DAC,1,0,195-1307
72990281,20231226,1834,BYPASS,N,5.83,0,0,1,1,N,N,45,98,9801,Y,37.47375,-82.52061,9,3,6,1,5,3,6,7,3,N,N,098-KY-1426-0,2023,O,098-KY-1426  -000,098-KY-1426  -000,5.824,0,0,0,0,0,0,0,0,0,0,0,0,0,1,DAC,0,1,
72880160,20230325,2243,US23,N,27.001,0,0,1,1,N,N,55,98,9801,Y,37.51041,-82.54119,9,3,6,1,1,2,6,1,3,N,N,098-US-0023-0,2023,O,098-US-0023  -000,098-US-0023  -000,26.952,0,0,0,0,0,0,0,0,0,0,0,0,0,1,Non-DAC,0,1,
72930189,20230803,543,US23,N,32.376,0,0,1,1,N,N,55,98,9801,Y,37.53695,-82.61552,9,3,3,1,5,3,6,7,3,N,N,,2023,O,098-US-0023  -010,098-US-0023  -000,32.36,0,0,0,0,0,0,0,0,0,0,0,0,0,1,Non-DAC,0,1,
72853433,20230104,641,KY1426,N,5.454,1,0,2,1,N,N,55,98,9801,Y,37.47245,-82.52686,9,3,6,1,5,6,5,1,3,Y,N,098-KY-1426-0,2023,B,098-KY-1426  -000,098-KY-1426  -000,5.453,0,0,0,0,1,0,1,0,0,0,0,0,0,1,DAC,1,0,195-1180
72914771,20230621,38,US23,N,23.518,0,0,1,1,N,N,55,98,9801,Y,37.47025,-82.53352,9,6,6,1,1,3,6,7,3,N,N,098-US-0023-0,2023,O,098-US-0023  -000,098-US-0023  -000,23.456,0,0,0,0,0,0,0,0,0,0,0,1,0,1,DAC,0,1,
72948173,20230915,1743,CASSIDY,N,0.264,0,0,2,2,N,N,35,98,9801,Y,37.50467,-82.53616,1,3,6,1,1,2,2,1,3,N,N,098-CS-1191-0,2023,O,098-CS-1191  -000,098-CS-1191  -000,0.248,0,0,0,1,0,0,1,1,0,0,0,0,0,1,Non-DAC,0,1,
72858826,20230120,947,US23,N,24.358,0,0,1,1,N,N,55,98,9801,Y,37.47941,-82.54277,9,3,6,1,1,3,2,3,3,N,Y,098-US-0023-10,2023,O,098-US-0023  -010,098-US-0023  -000,24.283,0,1,0,0,0,0,0,0,0,0,1,0,0,1,DAC,0,1,
72916578,20230623,1905,US23,N,26.834,0,0,1,1,N,N,55,98,9801,Y,37.50942,-82.53831,9,3,6,1,5,6,2,7,3,N,N,,2023,O,098-US-0023  -000,098-US-0023  -000,26.777,0,0,0,0,0,0,0,0,0,0,0,1,0,1,Non-DAC,0,1,
72954364,20230926,1516,US23,N,26.912,0,0,2,2,N,N,55,98,9801,Y,37.50995,-82.53951,1,3,6,1,1,2,2,7,2,N,N,,2023,O,098-US-0023  -000,098-US-0023  -000,26.853,0,0,0,1,0,0,1,1,0,0,1,0,0,1,Non-DAC,1,0,195-0818
72963974,20231025,2047,CHLOE,N,3.788,0,0,1,1,N,N,35,98,9801,Y,37.47721,-82.49305,9,3,1,1,1,2,6,1,3,N,Y,098-KY-1460-0,2023,O,098-KY-1460  -000,098-KY-1460  -000,3.754,0,0,0,0,0,0,0,0,0,0,0,1,0,1,Non-DAC,1,0,195-1112
72834610,20221121,1140,US23,N,23.968,0,0,1,1,N,N,55,98,9801,Y,37.47545,-82.53799,9,3,6,1,1,2,2,1,3,N,N,098-US-0023-0,2022,O,098-US-0023  -000,098-US-0023  -000,23.968,0,0,0,0,0,0,0,0,0,0,0,0,0,1,DAC,0,1,
72930820,20230804,1313,KY1426,N,7.513,0,0,2,2,N,N,55,98,9801,Y,37.4904,-82.49924,8,3,6,1,1,2,2,7,3,N,N,098-KY-1426-0,2023,O,098-KY-1426  -000,098-KY-1426  -000,7.566,0,0,0,1,0,0,0,1,0,0,0,1,0,1,Non-DAC,0,1,
72894298,20230422,1411,CASSIDY,N,0.033,0,0,2,2,N,N,25,98,9801,Y,37.50371,-82.53271,8,3,6,1,1,2,2,1,3,N,N,098-CS-1191-0,2023,O,098-CS-1191  -000,098-CS-1191  -000,0.033,0,0,0,0,0,0,1,1,0,0,0,1,0,1,Non-DAC,1,0,195-0861
72979493,20231121,1207,US23,N,30.392,0,0,2,2,N,N,55,98,9801,Y,37.54173,-82.58341,1,3,3,1,5,6,2,7,3,N,N,098-US-0023-0,2023,O,098-US-0023  -000,098-US-0023  -000,30.372,0,0,0,0,0,0,0,0,0,0,0,0,0,1,Non-DAC,1,0,195-0573
72906279,20230525,1504,KY3496,N,0.78,3,0,2,2,N,N,35,98,9801,Y,37.47206,-82.52988,1,3,6,1,1,2,2,1,3,N,N,098-KY-3496-0,2023,B,098-KY-3496  -000,098-KY-3496  -000,0.78,0,0,0,1,0,0,0,0,0,1,0,1,0,1,DAC,1,0,195-1185
72945615,20230911,1026,JOHNSON,N,,0,0,2,2,N,N,25,98,9801,Y,37.4439,-82.52476,7,3,4,1,1,2,2,7,3,N,N,,2023,O,098-CS-1253  -000,098-CS-1253  -000,0,0,0,0,0,0,0,1,0,0,0,0,1,0,1,Non-DAC,1,0,195-1296
72884274,20230407,847,MAIN,N,0.205,0,0,2,2,N,N,15,98,9801,Y,37.48032,-82.5168,1,3,6,1,5,6,2,1,3,N,N,098-CS-1112-0,2023,O,098-CS-1112  -000,098-CS-1112  -000,0.204,0,0,0,0,0,0,0,0,0,0,0,0,0,1,DAC,1,0,195-1080
72955102,20231003,1735,US23,N,24.125,0,0,2,2,N,Y,55,98,9801,Y,37.4769,-82.54002,5,3,1,1,1,2,2,7,3,N,N,,2023,O,098-US-0023  -010,098-US-0023  -000,24.053,0,0,0,0,0,0,1,1,0,0,0,0,0,1,DAC,0,1,
72989887,20231218,1033,US23,N,31.584,0,0,2,2,N,N,55,98,9801,Y,37.53693,-82.60128,5,3,6,1,5,6,2,7,3,N,N,098-US-0023-0,2023,O,098-US-0023  -000,098-US-0023  -000,31.564,0,0,0,0,0,0,1,0,0,0,0,0,0,1,Non-DAC,1,0,195-0620
72786461,20220629,1236,US23,N,26.314,0,0,2,2,N,N,55,98,9801,Y,37.50409,-82.5324,5,3,6,1,1,2,2,1,3,N,N,098-US-0023-10,2022,O,098-US-0023  -010,098-US-0023  -000,26.314,0,0,0,0,0,0,1,0,0,0,0,0,0,1,Non-DAC,0,1,
72851608,20230104,952,US119,N,1.752,1,0,2,2,N,N,55,98,9801,Y,37.51301,-82.50358,5,3,5,1,5,3,2,7,3,Y,N,098-US-0119-0,2023,C,098-US-0119  -000,098-US-0119  -000,1.755,0,1,0,0,0,0,1,0,0,0,0,0,0,1,Non-DAC,0,1,
72910354,20230608,1206,US23,N,31.559,0,0,2,2,Y,N,55,98,9801,Y,37.53669,-82.60089,5,3,6,1,1,2,2,7,3,N,N,098-US-0023-0,2023,O,098-US-0023  -000,098-US-0023  -000,31.54,0,0,0,1,0,0,0,0,0,0,0,0,0,1,Non-DAC,0,1,
72875854,20230309,1621,KY3496,N,0.008,1,0,2,2,N,N,35,98,9801,Y,37.46581,-82.52815,5,3,6,1,1,3,2,7,3,Y,N,,2023,C,098-KY-3496  -000,098-KY-3496  -000,0.012,0,0,1,0,0,0,1,0,0,0,0,0,0,1,DAC,1,0,195-1219
72926888,20230720,1150,KY3416,N,1.668,0,0,2,2,N,N,55,98,9801,Y,37.45039,-82.54027,1,3,3,1,1,3,2,7,3,N,N,098-KY-3416-0,2023,O,098-KY-3416  -000,098-KY-3416  -000,1.669,0,1,0,1,0,0,0,0,0,0,0,0,0,1,Non-DAC,1,0,195-1279
72911751,20230510,1757,US23,N,30.501,1,1,2,2,N,N,55,98,9801,Y,37.54251,-82.58498,1,3,6,1,1,2,2,7,3,Y,N,098-US-0023-0,2023,K,098-US-0023  -000,098-US-0023  -000,30.475,1,0,0,0,0,0,0,0,1,0,0,1,1,1,Non-DAC,0,1,
72879627,20230315,1440,CASSIDY,N,0.022,0,0,2,2,N,N,55,98,9801,Y,37.50372,-82.53252,8,3,6,1,1,2,2,1,3,N,N,098-CS-1191-0,2023,O,098-CS-1191  -000,098-CS-1191  -000,0.022,0,0,0,1,0,0,1,0,0,0,0,1,0,1,Non-DAC,1,0,195-0861
72887788,20230409,1840,CEDAR HILLS,N,3.67,1,0,2,2,N,N,55,98,9801,Y,37.45234,-82.53564,8,3,3,1,1,2,2,7,3,Y,N,098-KY-1426-0,2023,C,098-KY-1426  -000,098-KY-1426  -000,3.635,0,0,0,0,0,0,0,0,0,0,0,1,0,1,Non-DAC,0,1,
72944095,20230905,942,US23,N,18.78,0,0,2,2,N,N,55,98,9801,Y,37.43878,-82.5092,1,3,6,1,1,2,2,7,3,N,N,098-US-0023-10,2023,O,098-US-0023  -010,098-US-0023  -000,18.764,0,0,0,1,0,0,1,1,0,0,0,0,0,1,Non-DAC,1,0,195-1310
72942305,20230831,1623,HAMBLEY,N,0.528,0,0,2,2,N,N,35,98,9801,Y,37.47876,-82.5201,4,3,6,1,1,2,2,3,3,N,N,098-CS-1222-0,2023,O,098-CS-1222  -000,098-CS-1222  -000,0.528,1,0,0,0,0,0,0,1,0,0,0,0,0,1,DAC,1,0,195-1100
72900480,20230513,1546,KY1426,N,8.133,1,0,1,1,N,N,55,98,9801,Y,37.49313,-82.49103,9,3,4,1,5,3,2,7,3,N,N,098-KY-1426-0,2023,C,098-KY-1426  -000,098-KY-1426  -000,8.144,0,0,0,0,0,0,0,0,0,1,0,1,0,1,Non-DAC,0,1,
72853479,20230112,1655,BYPASS,N,5.587,0,0,2,2,N,N,45,98,9801,Y,37.47241,-82.52469,1,3,6,1,1,3,2,1,3,N,N,,2023,O,098-KY-1426  -000,098-KY-1426  -000,5.587,0,0,1,0,0,0,1,1,0,0,0,0,0,1,DAC,0,1,
72931355,20230807,212,US23,N,19.495,1,0,1,1,N,N,55,98,9801,Y,37.44747,-82.50481,9,6,6,1,1,2,6,7,3,Y,Y,098-US-0023-0,2023,B,098-US-0023  -000,098-US-0023  -000,19.445,0,0,1,0,0,0,0,0,0,0,0,1,0,1,Non-DAC,0,1,
72855830,20230118,1300,BYPASS,N,6.472,0,0,2,2,N,N,25,98,9801,Y,37.48167,-82.51414,1,3,6,1,1,2,2,7,3,N,N,098-KY-1426-0,2023,O,098-KY-1426  -000,098-KY-1426  -000,6.499,0,0,0,0,0,0,0,0,0,0,0,0,0,1,DAC,1,0,195-1056
72969516,20231104,2203,KY3218,N,3,1,0,1,1,N,N,55,98,9807,Y,37.55925,-82.55943,9,5,1,1,1,2,6,7,3,Y,N,098-KY-3218-0,2023,B,098-KY-3218  -000,098-KY-3218  -000,2.993,0,0,0,0,0,0,0,0,1,0,0,1,0,1,Non-DAC,0,1,
72962830,20231022,1115,PIN OAK,N,0.001,0,0,1,1,N,N,15,98,9801,Y,37.49387,-82.53708,9,97,6,1,1,2,2,6,3,N,N,098-CS-1207-0,2023,O,098-CS-1207  -000,098-CS-1207  -000,0,0,0,0,0,0,0,1,0,0,0,0,1,0,1,Non-DAC,1,0,195-0914
72842221,20221214,1705,US23,N,27.311,0,0,2,2,N,N,45,98,9801,Y,37.51099,-82.54876,5,3,6,1,5,6,3,1,3,N,N,098-US-0023-0,2022,O,098-US-0023  -000,098-US-0023  -000,27.311,0,0,0,0,0,0,1,0,0,0,1,0,0,1,Non-DAC,0,1,
72874629,20230305,3,MILDRED,N,0.157,0,0,2,2,Y,N,25,98,9801,Y,37.48249,-82.53111,8,3,4,1,1,2,6,6,3,N,N,098-CS-1180-0,2023,O,098-CS-1180  -000,098-CS-1180  -000,0.157,0,0,0,0,0,0,0,0,1,1,0,0,0,1,DAC,0,1,
72918206,20230626,1112,CARTER,N,0.2,0,0,2,2,N,N,15,98,9801,Y,37.46331,-82.49373,2,97,6,1,8,2,2,6,3,N,N,098-CS-1224-0,2023,O,098-CS-1224  -000,098-CS-1224  -000,0.201,0,0,0,0,0,0,0,0,0,0,0,0,0,1,Non-DAC,0,1,
72902927,20230519,1609,US23,N,27.377,0,0,2,2,N,N,55,98,9801,Y,37.51095,-82.54877,5,3,6,1,1,2,2,7,3,N,N,098-US-0023-0,2023,O,098-US-0023  -000,098-US-0023  -000,27.375,0,0,0,0,0,0,0,0,0,0,1,0,0,1,Non-DAC,1,0,195-0811
72956531,20230926,2151,US119,N,1.98,2,0,2,2,N,N,55,98,9801,Y,37.51247,-82.49973,8,1,6,1,1,2,6,7,3,Y,N,098-US-0119-10,2023,B,098-US-0119  -010,098-US-0119  -000,1.98,0,0,1,0,0,0,1,0,0,0,0,1,0,1,Non-DAC,0,1,
72859919,20230119,1754,US23,N,25.95,3,0,2,2,N,N,55,98,9801,Y,37.49894,-82.53131,1,3,6,1,1,2,3,1,3,N,N,098-US-0023-0,2023,C,098-US-0023  -000,098-US-0023  -000,25.889,0,0,1,0,0,0,1,0,0,0,0,1,1,1,Non-DAC,0,1,
72813068,20221004,1736,CASSIDY,N,0.159,0,0,2,2,N,N,35,98,9801,Y,37.50367,-82.53465,1,3,3,1,1,2,2,1,3,N,N,098-CS-1191-0,2022,O,098-CS-1191  -000,098-CS-1191  -000,0.159,0,0,0,1,0,0,1,0,0,0,0,0,0,1,Non-DAC,0,1,
72955430,20231003,1726,US23,N,23.962,0,0,2,2,N,N,55,98,9801,Y,37.47533,-82.53797,5,3,6,1,1,3,2,7,3,N,N,098-US-0023-0,2023,O,098-US-0023  -000,098-US-0023  -000,23.895,0,0,0,0,0,0,0,1,0,0,0,0,0,1,DAC,0,1,
72896418,20230425,1418,US23,N,30.112,2,0,2,2,N,N,55,98,9801,Y,37.53863,-82.58084,1,3,6,1,1,2,2,7,3,Y,N,098-US-0023-0,2023,C,098-US-0023  -000,098-US-0023  -000,30.114,0,0,0,1,0,0,1,0,0,1,0,0,0,1,Non-DAC,1,0,195-0588
72940944,20230831,1318,US23,N,25.386,0,0,2,2,N,N,55,98,9801,Y,37.49286,-82.53394,5,3,6,1,1,2,2,7,3,N,N,098-US-0023-0,2023,O,098-US-0023  -000,098-US-0023  -000,25.412,0,0,1,0,0,0,0,0,0,0,0,0,0,1,Non-DAC,0,1,
72876638,20230316,1759,US119,N,2.657,0,0,2,2,N,N,55,98,9801,Y,37.51402,-82.48778,8,3,5,1,1,2,2,2,3,N,N,098-US-0119-0,2023,O,098-US-0119  -000,098-US-0119  -000,2.656,0,0,0,0,0,0,1,0,0,0,0,1,0,1,DAC,1,0,195-0777
72932720,20230807,1159,HAMBLEY,N,0.729,0,0,2,2,N,N,25,98,9801,Y,37.48146,-82.51887,8,3,6,1,1,3,2,1,3,N,N,098-CS-1222-0,2023,O,098-CS-1222  -000,098-CS-1222  -000,0.726,0,0,1,1,0,0,1,0,0,0,0,1,0,1,DAC,1,0,195-1068
72923075,20230716,1017,US23,N,25.153,0,0,2,2,N,N,55,98,9801,Y,37.4897,-82.53819,8,3,6,1,1,3,2,7,3,N,N,098-US-0023-0,2023,O,098-US-0023  -000,098-US-0023  -000,25.091,0,0,0,1,0,0,0,0,0,0,0,1,0,1,Non-DAC,0,1,
72970616,20231109,1201,KY3496,N,0.26,0,0,2,2,N,N,35,98,9801,Y,37.46707,-82.53206,7,3,6,1,1,3,2,3,3,N,N,098-KY-3496-0,2023,O,098-KY-3496  -000,098-KY-3496  -000,0.261,0,0,0,1,0,0,0,0,0,0,0,1,0,1,DAC,0,1,