MasterFile,CollisionDate,CollisionTime,RoadwayName,ParkingLotIndicator,Milepoint,NumberInjured,NumberKilled,ofUnits,ofMotorVehicleUnits,Hit&RunIndicator,OneWayIndicator,SpeedLimitNumber,CountyCode,CityCountyCode,InCityLimitsIndicator,Latitude,Longitude,MannerofCollisionCode,LocationFirstEventCode,RoadwayCharacterCode,RoadwaySurfaceCode,RoadwayConditionCode,WeatherCode,LightConditionCode,LandUseCode,SchoolBusRelatedCode,FirstAidSceneIndicator,PropertyDamageIndicator,RT_UNIQUE,YR,KABCO,WorkingRID,KTC_RT,KTC_MP,Motorcyclist,Commercial Vehicle,Young Driver,Mature Driver,Pedestrian,Bicyclist,Distracted,Aggressive,Impaired,Unrestrained,Intersection,Roadway Departure,Median Cross-over,CityCrash,DACid,Int_Crash,Seg_Crash,Int_ID
72808285,20220920,618,HAMBLEY,N,0.38,0,0,2,2,N,N,25,98,9801,Y,37.47706,-82.52173,1,3,6,1,1,2,5,7,3,N,N,098-CS-1222-0,2022,O,098-CS-1222  -000,098-CS-1222  -000,0.38,0,0,0,0,0,0,1,0,0,0,0,0,0,1,DAC,1,0,195-1126
72952404,20230928,1554,THOMPSON,N,0.023,0,0,2,2,N,N,55,98,9801,Y,37.51046,-82.54816,5,3,6,1,1,3,2,7,3,N,N,098-CS-1215-0,2023,O,098-CS-1215  -000,098-CS-1215  -000,0.023,0,0,0,0,0,0,1,0,0,0,0,0,0,1,Non-DAC,1,0,195-0812
72860105,20230130,1317,CEDAR,N,0.119,0,0,2,2,N,N,15,98,9801,Y,37.4824,-82.53907,2,3,6,1,1,2,2,6,3,N,N,098-CS-1093-0,2023,O,098-CS-1093  -000,098-CS-1093  -000,0.152,0,0,0,1,0,0,1,0,0,0,0,0,0,1,Non-DAC,0,1,
72922454,20230715,1155,CEDAR HILLS,N,4.489,0,0,1,1,N,N,35,98,9801,Y,37.46157,-82.52937,9,5,6,1,1,2,2,7,3,N,N,098-KY-1426-0,2023,O,098-KY-1426  -000,098-KY-1426  -000,4.483,0,0,1,0,0,0,1,0,0,0,0,1,0,1,Non-DAC,0,1,
72919678,20230626,1025,CARTER,N,0.218,1,0,1,1,N,N,25,98,9801,Y,37.4631,-82.49354,9,6,4,1,1,3,2,7,3,N,N,098-CS-1224-0,2023,C,098-CS-1224  -000,098-CS-1224  -000,0.219,0,0,0,0,0,0,0,0,0,1,0,1,0,1,Non-DAC,0,1,
72847708,20221227,1028,KY1426,N,6.917,0,0,2,2,N,N,55,98,9801,Y,37.48624,-82.50922,1,3,6,1,1,2,2,7,3,N,N,098-KY-1426-0,2022,O,098-KY-1426  -000,098-KY-1426  -000,6.917,0,0,0,1,0,0,1,1,0,0,0,0,0,1,Non-DAC,1,0,195-0950
72900053,20230512,2307,KY3495,N,0.185,0,0,1,1,N,N,45,98,9801,Y,37.48847,-82.54072,9,5,3,1,5,2,5,7,3,N,N,098-KY-3495-0,2023,O,098-KY-3495  -000,098-KY-3495  -000,0.184,0,0,0,0,0,0,0,0,1,1,0,1,0,1,Non-DAC,0,1,
72868450,20230218,1221,US23,N,22.49,1,0,1,1,N,N,55,98,9801,Y,37.46375,-82.5185,9,3,6,1,1,2,2,7,3,N,N,,2023,B,098-US-0023  -000,098-US-0023  -000,22.424,0,0,0,0,0,0,0,0,0,0,0,1,0,1,Non-DAC,0,1,
72934289,20230811,1527,US23,N,25.735,2,0,2,2,N,N,55,98,9801,Y,37.49587,-82.53107,1,3,3,1,1,2,2,1,3,N,N,098-US-0023-0,2023,C,098-US-0023  -000,098-US-0023  -000,25.673,0,0,1,1,0,0,0,1,0,1,1,0,0,1,Non-DAC,1,0,195-0906
72871029,20230302,1649,US23,N,25.884,0,0,2,2,N,N,55,98,9801,Y,37.49802,-82.53126,5,3,6,1,1,2,2,1,3,N,N,,2023,O,098-US-0023  -010,098-US-0023  -000,25.823,0,0,0,0,0,0,1,0,0,0,0,0,0,1,Non-DAC,0,1,
72972544,20231113,1702,MAYO TRAIL,N,,0,0,2,2,N,N,25,98,9807,Y,37.5383,-82.58081,2,97,6,1,1,2,2,8,3,N,N,,2023,O,098-CR-1426K -000,098-CR-1426K -000,0.21,0,0,0,1,0,0,1,0,0,0,0,0,0,1,Non-DAC,1,0,195-0592
72920165,20230706,1258,US23,N,17.779,0,0,1,1,N,N,55,98,9801,Y,37.42596,-82.51681,9,3,6,1,1,2,2,7,3,N,N,,2023,O,098-US-0023  -000,098-US-0023  -000,17.759,0,0,0,0,0,0,0,0,0,0,0,0,0,1,Non-DAC,0,1,
72968191,20231103,1756,BYPASS,N,6.542,1,0,2,2,N,N,35,98,9801,Y,37.48223,-82.51378,1,3,6,1,1,2,2,1,3,N,N,098-KY-1426-0,2023,C,098-KY-1426  -000,098-KY-1426  -000,6.542,0,0,0,0,0,0,1,0,0,0,0,0,0,1,DAC,0,1,
72841938,20221206,1418,BAIRD,N,5.391,0,0,2,2,N,N,35,98,9801,Y,37.47334,-82.52711,1,3,6,1,5,6,2,1,3,N,N,098-KY-1426-0,2022,O,098-KY-1426  -000,098-KY-1426  -000,5.391,0,0,1,0,0,0,1,0,0,0,0,0,0,1,DAC,1,0,195-1174
72863438,20230208,745,US119,N,1.984,0,0,2,2,N,N,15,98,9801,N,37.51248,-82.49979,5,3,4,1,5,3,1,8,3,N,N,098-US-0119-10,2023,O,098-US-0119  -010,098-US-0119  -000,1.977,0,0,0,0,0,0,1,0,0,0,0,0,0,1,Non-DAC,0,1,
72754834,20220422,1224,KY1426,N,8.654,0,0,2,2,N,N,55,98,9801,Y,37.50047,-82.4902,5,3,5,1,1,2,2,1,3,N,N,098-KY-1426-0,2022,O,098-KY-1426  -000,098-KY-1426  -000,8.654,0,0,1,0,0,0,0,0,0,0,0,0,0,1,Non-DAC,0,1,
72837123,20221128,810,KY1426,N,8.194,0,0,1,1,N,N,45,98,9801,Y,37.49413,-82.4912,9,4,2,1,5,3,2,7,3,N,N,098-KY-1426-0,2022,O,098-KY-1426  -000,098-KY-1426  -000,8.194,0,0,0,1,0,0,0,0,0,0,0,1,0,1,Non-DAC,0,1,
72949875,20230923,1024,CASSIDY,N,0.323,0,0,2,2,N,N,35,98,9801,Y,37.50522,-82.53731,1,3,3,1,1,2,2,1,3,N,N,,2023,O,098-CS-1191  -000,098-CS-1191  -000,0.323,0,0,1,0,0,0,1,1,0,0,0,0,0,1,Non-DAC,0,1,
72802660,20220908,644,US23,N,20.395,0,0,2,2,N,N,55,98,9801,Y,37.44535,-82.51691,5,3,6,1,1,2,6,1,3,N,N,098-US-0023-0,2022,O,098-US-0023  -000,098-US-0023  -000,20.395,0,0,0,0,0,0,0,0,0,0,0,0,0,1,Non-DAC,0,1,
72887253,20230414,1723,CASSIDY,N,0.261,0,0,2,2,N,N,35,98,9801,Y,37.50463,-82.53613,1,3,6,1,5,3,2,7,3,N,N,098-CS-1191-0,2023,O,098-CS-1191  -000,098-CS-1191  -000,0.244,0,0,0,0,0,0,0,1,0,0,0,0,0,1,Non-DAC,0,1,
72920307,20230708,1957,CASSIDY,N,0.023,0,0,2,2,N,N,35,98,9801,Y,37.50372,-82.53254,5,3,6,1,1,2,2,1,3,N,N,,2023,O,098-CS-1191  -000,098-CS-1191  -000,0.023,0,0,0,0,0,0,1,0,1,0,0,0,0,1,Non-DAC,1,0,195-0861
72860792,20230127,2229,HAMBLEY,N,1.274,0,0,3,3,N,N,35,98,9801,Y,37.48514,-82.52657,7,5,6,1,1,2,5,6,3,N,N,098-CS-1222-0,2023,O,098-CS-1222  -000,098-CS-1222  -000,1.275,0,0,0,0,0,0,0,0,0,0,0,0,0,1,DAC,0,1,
72826437,20221107,851,US23,N,22.438,0,0,2,2,N,N,55,98,9801,Y,37.46323,-82.51788,4,3,6,1,5,2,2,7,3,N,N,098-US-0023-0,2022,O,098-US-0023  -000,098-US-0023  -000,22.438,0,0,1,0,0,0,0,1,0,0,0,0,0,1,Non-DAC,1,0,195-1232
72827329,20221109,1424,CASSIDY,N,0.305,0,0,2,2,N,N,35,98,9801,Y,37.50514,-82.53692,8,3,6,1,1,2,2,7,3,N,N,098-CS-1191-0,2022,O,098-CS-1191  -000,098-CS-1191  -000,0.305,0,0,0,0,0,0,1,0,0,0,0,1,0,1,Non-DAC,0,1,
72937169,20230818,1403,CASSIDY,N,0.261,0,0,2,2,N,N,25,98,9801,Y,37.50463,-82.53611,1,3,6,1,1,2,2,1,3,N,N,098-CS-1191-0,2023,O,098-CS-1191  -000,098-CS-1191  -000,0.244,0,0,0,0,0,0,1,0,0,0,0,0,0,1,Non-DAC,0,1,
72874511,20230309,430,SMITH,N,0.018,0,0,1,1,N,N,15,98,9801,Y,37.48323,-82.52161,9,3,4,1,1,2,5,6,3,N,Y,098-CS-1163-0,2023,O,098-CS-1163  -000,098-CS-1163  -000,0.017,0,0,0,0,0,0,0,0,0,0,0,1,0,1,DAC,1,0,195-1022
72949339,20230920,1653,JOHNSON,N,0.194,0,0,2,2,N,N,15,98,9801,Y,37.44342,-82.52428,1,3,6,1,1,2,2,6,3,N,N,098-CS-1007-0,2023,O,098-CS-1007  -000,098-CS-1007  -000,0.07,0,0,0,0,0,0,1,0,0,0,0,0,0,1,Non-DAC,1,0,195-1297
72854451,20230115,1042,CASSIDY,N,0.231,0,0,2,2,N,N,25,98,9801,Y,37.50433,-82.53567,1,3,6,1,1,3,2,1,3,N,N,098-CS-1191-0,2023,O,098-CS-1191  -000,098-CS-1191  -000,0.212,0,0,0,0,0,0,1,1,0,0,0,0,0,1,Non-DAC,0,1,
72959254,20231011,622,,N,0.015,0,0,1,1,N,N,55,98,9801,Y,37.43658,-82.51073,9,3,5,1,5,2,6,7,3,N,Y,,2023,O,098-US-0023  -422,098-US-0023  -422,0.014,0,0,0,0,0,0,1,0,0,0,0,1,0,1,Non-DAC,1,0,195-2087
72890659,20230326,1230,WELLS,N,0.005,0,0,2,2,N,N,10,98,9801,Y,37.48138,-82.51608,5,3,6,1,1,2,2,6,3,N,Y,,2023,O,098-CS-1122  -000,098-CS-1122  -000,0.005,0,0,0,0,0,0,0,0,1,1,0,1,0,1,DAC,1,0,195-1067
72810260,20220919,1549,HAMBLEY,N,1.711,0,0,2,2,N,N,35,98,9801,Y,37.48166,-82.53331,1,3,6,1,1,2,2,1,3,N,N,098-CS-1222-0,2022,O,098-CS-1222  -000,098-CS-1222  -000,1.711,0,0,1,0,0,0,1,1,0,0,0,0,0,1,DAC,1,0,195-1064
72995234,20231231,1711,US23,N,,0,0,1,1,N,N,55,98,9801,Y,37.44999,-82.50951,9,3,3,1,5,3,3,7,3,N,N,098-US-0023-0,2023,O,098-US-0023  -000,098-US-0023  -000,19.788,0,0,0,0,0,0,0,0,0,0,0,0,0,1,Non-DAC,0,1,
72946693,20230914,1820,US23,N,27.225,0,0,2,2,N,N,45,98,9801,Y,37.5105,-82.54575,8,3,6,1,1,2,2,7,3,N,N,098-US-0023-0,2023,O,098-US-0023  -000,098-US-0023  -000,27.204,0,0,0,1,0,0,1,0,0,0,0,1,0,1,Non-DAC,0,1,
72801888,20220829,1719,US23,N,25.418,0,0,2,2,N,Y,45,98,9801,Y,37.49225,-82.53463,1,3,6,1,1,2,2,7,3,N,N,,2022,O,098-US-0023  -000,098-US-0023  -000,25.418,0,0,0,0,0,0,0,0,0,0,1,0,0,1,Non-DAC,0,1,
72820359,20221024,1651,TOWN MOUNTAIN,N,8.654,0,0,2,2,N,N,55,98,9801,Y,37.50051,-82.4902,3,4,5,1,1,2,2,1,3,N,Y,098-KY-1426-0,2022,O,098-KY-1426  -000,098-KY-1426  -000,8.654,0,1,0,1,0,0,0,0,0,0,0,1,0,1,Non-DAC,0,1,
72860108,20230130,809,HAMBLEY,N,1.64,0,0,1,1,N,N,35,98,9801,Y,37.48227,-82.53239,9,3,6,1,5,6,2,7,3,N,N,098-CS-1222-0,2023,O,098-CS-1222  -000,098-CS-1222  -000,1.651,0,0,0,1,0,0,0,0,0,0,0,0,0,1,DAC,1,0,195-1055
72920383,20230621,1413,US23,N,19.423,0,0,2,2,N,N,55,98,9801,Y,37.44635,-82.50477,2,97,6,1,1,2,2,1,3,N,N,098-US-0023-0,2023,O,098-US-0023  -000,098-US-0023  -000,19.367,0,0,0,0,0,0,1,0,0,0,0,0,0,1,Non-DAC,0,1,
72987333,20231213,1539,US23,N,22.291,0,0,2,2,N,N,55,98,9801,Y,37.46135,-82.51697,1,3,6,1,1,3,2,7,3,N,N,098-US-0023-10,2023,O,098-US-0023  -010,098-US-0023  -000,22.224,0,0,0,1,0,0,1,1,0,0,0,0,0,1,Non-DAC,1,0,195-1243
72829697,20221109,1523,US119,N,1.988,0,0,2,2,Y,N,55,98,9801,Y,37.51249,-82.49988,8,3,4,1,1,2,2,8,3,N,N,098-US-0119-10,2022,O,098-US-0119  -010,098-US-0119  -000,1.988,0,0,0,0,0,0,0,0,0,0,0,1,0,1,Non-DAC,0,1,
72972165,20231107,1530,COLLEGE,N,,0,0,2,2,Y,N,15,98,9801,Y,37.47598,-82.52306,8,3,6,2,1,2,2,6,3,N,N,,2023,O,098-CS-1152  -000,098-CS-1152  -000,0.031,0,0,0,0,0,0,0,0,0,0,0,0,0,1,DAC,0,1,
72759520,20220507,1624,US23,N,26.039,0,0,3,3,N,N,55,98,9801,Y,37.50019,-82.53161,5,3,6,1,5,6,2,7,3,N,N,098-US-0023-0,2022,O,098-US-0023  -000,098-US-0023  -000,26.039,0,0,0,1,0,0,1,0,0,0,0,0,0,1,Non-DAC,0,1,
72842337,20221207,1719,US23,N,20.162,0,0,1,1,N,N,55,98,9801,Y,37.44775,-82.51426,9,3,6,1,5,3,3,2,3,N,N,,2022,O,098-US-0023  -010,098-US-0023  -000,20.162,0,0,0,0,0,0,0,0,0,0,0,0,0,1,Non-DAC,0,1,
72972501,20231106,1017,CASSIDY,N,0.276,0,0,2,2,N,N,15,98,9801,Y,37.5048,-82.53637,5,97,3,1,1,2,2,1,3,N,N,098-CS-1191-0,2023,O,098-CS-1191  -000,098-CS-1191  -000,0.262,0,0,1,0,0,0,1,0,0,0,0,0,0,1,Non-DAC,0,1,
72890101,20230421,815,HAMBLEY,N,0.457,0,0,2,2,N,N,25,98,9801,Y,37.47793,-82.52084,8,3,6,1,1,2,2,1,3,N,N,098-CS-1222-0,2023,O,098-CS-1222  -000,098-CS-1222  -000,0.458,0,0,0,0,0,0,0,0,0,0,0,0,0,1,DAC,0,1,
72966821,20231022,115,US460,N,0.163,2,0,1,1,N,N,55,98,9801,Y,37.44005,-82.50894,9,3,3,1,1,3,5,7,3,Y,Y,098-US-0460-0,2023,A,098-US-0460  -000,098-US-0460  -000,0.172,0,0,0,0,0,0,0,0,1,0,0,1,0,1,Non-DAC,0,1,
72808283,20220922,808,BAILEY,N,,0,0,2,2,N,N,15,98,9801,Y,37.47742,-82.5126,5,3,6,1,5,3,2,7,3,N,N,,2022,O,098-CS-1262  -000,098-CS-1262  -000,0.21,0,0,0,1,0,0,0,0,0,0,0,0,0,1,Non-DAC,0,1,
72957840,20230928,,BYPASS,N,5.533,0,0,2,2,Y,N,45,98,9801,Y,37.47239,-82.52567,4,3,6,1,1,2,2,1,3,N,N,,2023,O,098-KY-1426  -000,098-KY-1426  -000,5.533,1,0,0,0,0,0,0,0,0,0,0,0,0,1,DAC,0,1,
72904048,20230527,2039,THOMPSON,N,0.739,0,0,1,1,N,N,35,98,9801,Y,37.50456,-82.53976,9,3,6,1,5,6,3,1,3,N,N,098-CS-1215-0,2023,O,098-CS-1215  -000,098-CS-1215  -000,0.749,0,0,0,0,0,0,0,0,0,0,0,0,0,1,Non-DAC,0,1,
72902741,20230523,1340,CASSIDY,N,0.051,0,0,2,2,N,N,15,98,9801,Y,37.50368,-82.53298,1,3,6,1,1,2,2,1,3,N,N,098-CS-1191-0,2023,O,098-CS-1191  -000,098-CS-1191  -000,0.048,0,0,0,1,0,0,0,0,0,0,0,0,0,1,Non-DAC,1,0,195-0861
72941633,20230902,2120,US23,N,18.561,1,0,3,3,Y,N,55,98,9801,Y,37.43639,-82.5118,5,3,6,1,1,2,6,7,3,Y,N,098-US-0023-10,2023,C,098-US-0023  -010,098-US-0023  -000,18.549,0,0,1,0,0,0,1,0,0,0,0,1,0,1,Non-DAC,0,1,
72935079,20230817,817,US23,N,31.514,0,0,1,1,N,N,55,98,9801,Y,37.53662,-82.60005,9,3,6,1,1,10,2,1,3,N,N,,2023,O,098-US-0023  -000,098-US-0023  -000,31.493,0,0,0,0,0,0,0,0,0,0,0,0,0,1,Non-DAC,0,1,
72992212,20231223,1659,CASSIDY,N,0.181,0,0,2,2,N,N,25,98,9801,Y,37.50386,-82.53497,1,3,3,1,1,2,2,1,3,N,N,098-CS-1191-0,2023,O,098-CS-1191  -000,098-CS-1191  -000,0.161,0,0,0,0,0,0,1,0,0,0,0,0,0,1,Non-DAC,0,1,
72877734,20230320,1330,US23,N,26.161,0,0,2,2,N,N,55,98,9801,Y,37.50192,-82.53191,5,3,6,1,1,2,2,7,3,N,N,,2023,O,098-US-0023  -000,098-US-0023  -000,26.099,0,0,0,0,0,0,1,0,0,0,0,0,0,1,Non-DAC,0,1,
72863908,20230209,900,CEDAR CREEK,N,,0,0,1,1,Y,N,35,98,9801,Y,37.47476,-82.55255,9,5,6,1,1,2,2,6,3,N,Y,098-CS-1036-0,2023,O,098-CS-1036  -000,098-CS-1036  -000,0.092,0,0,0,0,0,0,0,0,0,0,0,1,0,1,Non-DAC,0,1,
72887083,20230410,1613,KY3417,N,0.235,1,0,3,3,N,N,55,98,9801,N,37.46489,-82.55933,1,5,6,1,1,2,2,7,3,Y,Y,098-KY-3417-0,2023,A,098-KY-3417  -000,098-KY-3417  -000,0.239,0,0,0,1,0,0,0,0,1,1,0,1,0,1,Non-DAC,0,1,
72743997,20220318,1548,BYPASS,N,6.472,0,0,2,2,N,N,35,98,9801,Y,37.48168,-82.51417,3,3,6,1,1,2,2,7,3,N,N,098-KY-1426-0,2022,O,098-KY-1426  -000,098-KY-1426  -000,6.472,0,0,0,0,0,0,0,0,0,0,1,0,0,1,DAC,1,0,195-1056
72965684,20231024,2011,WILLOW,N,0.033,0,0,2,2,N,N,15,98,9801,Y,37.48089,-82.52206,2,3,4,1,1,3,6,6,3,N,N,098-CS-1161-0,2023,O,098-CS-1161  -000,098-CS-1161  -000,0.033,0,0,1,0,0,0,0,0,0,0,0,0,0,1,DAC,1,0,195-1074
72947901,20230914,1335,US23,N,25.889,0,0,2,2,Y,N,55,98,9801,Y,37.49807,-82.53109,8,3,6,1,1,2,2,7,3,N,N,098-US-0023-0,2023,O,098-US-0023  -000,098-US-0023  -000,25.828,0,0,1,0,0,0,0,0,0,0,0,1,0,1,Non-DAC,0,1,
72822900,20221024,1256,TOWN MOUNTAIN,N,,2,0,2,2,N,N,45,98,9801,Y,37.4862,-82.50911,5,3,6,1,1,2,2,1,3,Y,N,,2022,C,098-KY-1426  -000,098-KY-1426  -000,6.923,0,0,0,0,0,0,1,0,0,0,0,0,0,1,Non-DAC,1,0,195-0950
72902089,20230516,1239,COMBS,N,0.005,0,0,2,2,N,N,15,98,9801,Y,37.48168,-82.51421,5,3,6,2,1,2,2,7,3,N,N,,2023,O,098-CS-1115  -000,098-CS-1115  -000,0.004,0,0,0,0,0,0,1,1,0,0,0,0,0,1,DAC,1,0,195-1056
72921935,20230713,1429,KY3417,N,0.374,0,0,2,2,N,N,35,98,9801,Y,37.46672,-82.5583,7,3,3,1,1,2,2,6,3,N,N,098-KY-3417-0,2023,O,098-KY-3417  -000,098-KY-3417  -000,0.375,0,0,0,0,0,0,0,0,0,0,0,1,0,1,Non-DAC,0,1,
72964788,20231027,1647,KY1426,N,6.918,0,0,2,2,N,N,45,98,9801,Y,37.48616,-82.50919,5,3,6,1,1,2,2,7,3,N,N,,2023,O,098-KY-1426  -000,098-KY-1426  -000,6.918,0,0,0,0,0,0,1,0,0,0,0,0,0,1,Non-DAC,1,0,195-0950
72808276,20220920,1052,US23,N,21.127,0,0,2,2,N,N,55,98,9801,Y,37.44683,-82.52578,5,3,3,1,1,2,2,7,3,N,N,098-US-0023-0,2022,O,098-US-0023  -000,098-US-0023  -000,21.127,0,0,0,1,0,0,0,1,0,0,0,0,0,1,Non-DAC,0,1,
72935093,20230816,644,BAIRD,N,5.395,0,0,2,2,N,N,55,98,9801,Y,37.47327,-82.52711,1,3,6,1,1,3,1,1,3,N,N,098-KY-1426-0,2023,O,098-KY-1426  -000,098-KY-1426  -000,5.395,0,0,0,0,0,0,0,1,0,0,1,0,0,1,DAC,1,0,195-1174
72829162,20221110,1832,CASSIDY,N,0.05,2,0,2,2,N,N,25,98,9801,Y,37.50368,-82.53297,8,3,6,1,1,3,6,7,3,Y,N,098-CS-1191-0,2022,C,098-CS-1191  -000,098-CS-1191  -000,0.05,0,0,0,0,0,0,0,0,0,0,0,1,0,1,Non-DAC,1,0,195-0861
72952860,20230929,1746,US23,N,25.793,0,0,2,2,N,N,55,98,9801,Y,37.49671,-82.53106,5,3,6,1,1,2,2,2,3,N,N,098-US-0023-0,2023,O,098-US-0023  -000,098-US-0023  -000,25.732,0,0,1,0,0,0,1,1,0,0,0,0,0,1,Non-DAC,0,1,
72931007,20230805,1741,CASSIDY,N,0.296,0,0,2,2,N,N,35,98,9801,Y,37.50536,-82.53681,1,3,6,1,1,2,2,1,3,N,N,,2023,O,098-CS-1191  -000,098-CS-1191  -000,0.301,0,0,0,0,0,0,1,1,0,0,0,0,0,1,Non-DAC,0,1,
72877719,20230316,1311,CASSIDY,N,0.053,0,0,3,3,N,N,25,98,9801,Y,37.50368,-82.53301,5,3,4,2,1,2,2,7,3,N,N,,2023,O,098-CS-1191  -000,098-CS-1191  -000,0.049,0,0,0,1,0,0,1,0,0,0,0,0,0,1,Non-DAC,1,0,195-0861
72805571,20220914,1648,US23,N,23.326,0,0,2,2,N,N,55,98,9801,Y,37.46764,-82.53228,5,3,6,1,1,2,2,7,3,N,N,098-US-0023-0,2022,O,098-US-0023  -000,098-US-0023  -000,23.326,0,0,0,0,0,0,0,0,0,0,0,0,0,1,DAC,0,1,
72977850,20231113,1412,US23,N,20.275,2,0,2,2,N,N,55,98,9801,Y,37.44654,-82.51554,5,3,6,1,1,2,2,7,3,N,N,098-US-0023-0,2023,B,098-US-0023  -000,098-US-0023  -000,20.214,0,0,0,0,0,0,1,1,0,1,0,1,0,1,Non-DAC,0,1,
72864643,20230210,834,COLLEGE,N,0.19,0,0,2,2,N,N,15,98,9801,Y,37.47769,-82.51956,1,5,6,1,1,2,2,1,3,N,N,098-CS-1108-0,2023,O,098-CS-1108  -000,098-CS-1108  -000,0.19,0,0,0,0,0,0,1,0,0,0,0,0,0,1,DAC,0,1,
72961764,20231020,1051,US23,N,,0,0,1,1,N,N,45,98,9807,N,37.53428,-82.57825,9,3,6,1,5,6,2,7,3,N,N,098-US-0023-0,2023,O,098-US-0023  -000,098-US-0023  -000,29.781,0,0,0,0,0,0,0,0,0,0,0,0,0,1,Non-DAC,0,1,
72828814,20221112,2130,HAMBLEY,N,0.914,0,0,2,2,N,N,35,98,9801,Y,37.48369,-82.5205,2,2,6,1,5,3,5,7,3,N,N,098-CS-1222-0,2022,O,098-CS-1222  -000,098-CS-1222  -000,0.914,0,0,0,0,0,0,0,0,0,1,0,0,0,1,DAC,1,0,195-1007
72894731,20230504,1713,BYPASS,N,6.476,0,0,2,2,N,N,35,98,9801,Y,37.48136,-82.51424,5,3,6,1,1,2,2,3,3,N,N,098-KY-1426-0,2023,O,098-KY-1426  -000,098-KY-1426  -000,6.476,0,0,0,0,0,0,1,0,0,0,0,0,0,1,DAC,1,0,195-1056
72913112,20230615,1717,CEDAR HILLS,N,4.74,0,0,2,2,N,N,35,98,9801,Y,37.4632,-82.52593,5,3,6,1,1,2,2,7,3,N,N,,2023,O,098-KY-1426  -000,098-KY-1426  -000,4.743,0,0,0,0,0,0,1,0,0,0,0,0,0,1,Non-DAC,1,0,195-1236
72782096,20220706,1627,US23,N,21.527,0,0,2,2,N,N,55,98,9801,Y,37.45218,-82.52322,4,3,6,1,5,3,2,7,3,N,N,098-US-0023-10,2022,O,098-US-0023  -010,098-US-0023  -000,21.527,0,0,0,1,0,0,1,1,0,0,0,0,0,1,Non-DAC,1,0,195-1272
72892148,20230426,1514,KY1460,N,6.981,0,0,2,2,N,N,45,98,9801,Y,37.48522,-82.54393,4,3,2,1,1,2,2,7,3,N,N,098-KY-1460-0,2023,O,098-KY-1460  -000,098-KY-1460  -000,6.964,0,0,0,0,0,0,1,0,0,0,1,0,0,1,Non-DAC,1,0,195-0971
72834633,20221117,1609,US23,N,22.291,3,0,2,2,N,N,55,98,9801,Y,37.46135,-82.51697,4,3,3,1,1,2,2,7,3,Y,N,098-US-0023-10,2022,C,098-US-0023  -010,098-US-0023  -000,22.291,0,0,0,0,0,0,1,0,0,0,0,0,0,1,Non-DAC,0,1,
72978998,20231127,1732,THOMPSON,N,0.439,2,0,2,2,N,N,35,98,9801,Y,37.50631,-82.54472,1,3,6,1,1,2,3,1,3,Y,N,098-CS-1215-0,2023,C,098-CS-1215  -000,098-CS-1215  -000,0.449,0,0,0,0,0,0,1,1,0,0,0,0,0,1,Non-DAC,0,1,
72873108,20230224,719,US23,N,26.285,3,0,2,2,N,N,55,98,9801,Y,37.50368,-82.53215,1,3,6,1,1,3,2,7,3,Y,N,098-US-0023-0,2023,C,098-US-0023  -000,098-US-0023  -000,26.222,0,0,0,0,0,0,0,1,0,0,0,0,0,1,Non-DAC,1,0,195-0861
72970117,20231108,905,US23,N,26.311,0,0,2,2,N,N,55,98,9801,Y,37.504,-82.53239,5,3,6,1,1,2,2,1,3,N,N,,2023,O,098-US-0023  -010,098-US-0023  -000,26.245,0,0,0,0,0,0,1,0,0,0,1,0,0,1,Non-DAC,1,0,195-0861
72813943,20221007,1657,BYPASS,N,5.541,0,0,2,2,N,N,35,98,9801,Y,37.47233,-82.52552,1,3,6,1,1,2,2,1,3,N,N,,2022,O,098-KY-1426  -000,098-KY-1426  -000,5.541,0,0,0,0,0,0,0,0,0,1,0,0,0,1,DAC,0,1,
72794105,20220815,1043,US23,N,25.411,0,0,2,2,N,N,55,98,9801,Y,37.49218,-82.53471,5,3,6,1,5,3,2,7,3,N,N,098-US-0023-0,2022,O,098-US-0023  -000,098-US-0023  -000,25.411,0,0,0,1,0,0,1,0,0,0,0,0,0,1,Non-DAC,0,1,
72854020,20230113,1542,US23,N,26.217,0,0,2,2,N,N,55,98,9801,Y,37.50272,-82.53202,5,3,6,1,5,9,2,7,3,N,N,098-US-0023-0,2023,O,098-US-0023  -000,098-US-0023  -000,26.155,0,0,0,0,0,0,1,0,0,1,0,0,0,1,Non-DAC,0,1,
72890373,20230410,1211,POPLAR,N,0.116,0,0,2,2,N,N,15,98,9801,Y,37.48021,-82.52203,7,3,6,1,1,2,2,6,3,N,N,098-CS-1160-0,2023,O,098-CS-1160  -000,098-CS-1160  -000,0.117,0,1,0,0,0,0,0,0,0,0,0,1,0,1,DAC,0,1,
72922333,20230710,857,PIKE,N,0.138,0,0,2,2,N,Y,15,98,9801,Y,37.48085,-82.51767,1,3,6,1,1,2,2,3,3,N,N,098-CS-1113-0,2023,O,098-CS-1113  -000,098-CS-1113  -000,0.138,0,0,0,1,0,0,1,1,0,0,0,0,0,1,DAC,1,0,195-1073
72969367,20231101,1542,US23,N,21.54,0,0,2,2,N,N,55,98,9801,Y,37.45229,-82.52299,5,3,6,1,1,2,2,1,3,N,N,098-US-0023-0,2023,O,098-US-0023  -000,098-US-0023  -000,21.474,0,0,0,1,0,0,1,0,0,0,0,0,0,1,Non-DAC,0,1,